,Student ID,Final Grade
0,7452,79.82833333333333
1,7467,91.19333333333333
2,7505,85.33166666666666
3,7575,84.58666666666666
4,7595,85.71333333333332
5,7606,80.46833333333332
