,Student ID,Final Grade
0,484,84.82666666666667
1,504,76.54555555555555
2,505,88.86555555555555
3,524,83.02333333333334
4,538,89.70777777777778
5,547,85.63
6,633,77.73333333333335
7,678,85.04
8,686,90.73222222222222
9,690,97.13666666666667
10,696,88.23333333333332
11,706,90.04
12,781,77.12444444444444
13,792,85.7188888888889
14,798,86.37
15,820,85.31444444444445
16,843,88.02555555555554
