,Student ID,Final Grade
0,7267,82.3288888888889
1,7328,87.42555555555555
2,7414,95.36
3,7423,88.42333333333333
4,7445,81.69333333333333
5,7446,91.7
6,7482,92.99888888888889
7,7569,88.39888888888888
8,7578,89.79333333333334
9,7612,86.1288888888889
