,Student ID,Final Grade
0,7243,78.97125
1,7263,93.70374999999999
2,7325,82.765
3,7327,76.03125
4,7376,89.23375
5,7406,90.42124999999999
6,7424,87.90874999999998
7,7447,93.48875000000001
8,7448,83.7275
9,7449,78.79124999999999
10,7460,83.2325
11,7527,86.315
12,7559,94.0725
13,7585,88.78625
14,7587,88.07499999999999
15,7627,86.36125000000001
