,Student ID,Final Grade
0,501,77.34625000000001
1,509,83.60875
2,512,94.4275
3,514,86.175
4,536,86.09875000000002
5,537,88.10000000000001
6,541,82.88375
7,550,89.0025
8,588,84.73125
9,660,78.99625
10,681,88.645
11,704,91.75375
12,770,83.99249999999999
13,777,88.05625
14,780,91.63625
15,809,85.12125
16,814,93.91624999999999
17,819,87.595
18,845,88.00375
