,Student ID,Final Grade
0,7248,80.894
1,7281,87.05600000000001
2,7294,86.516
3,7341,82.982
4,7349,89.338
5,7386,78.85799999999999
6,7423,81.498
7,7465,73.138
8,7479,78.792
9,7539,84.912
10,7565,81.06
11,7574,77.646
12,7576,81.922
13,7584,91.128
14,7598,81.204
15,7611,93.25399999999999
16,7621,80.674
