,Student ID,Final Grade
0,7266,83.51124999999999
1,7270,96.58624999999999
2,7326,87.4325
3,7380,79.38875
4,7516,88.515
5,7534,82.82125
6,7554,78.61250000000001
7,7573,100.0
8,7595,90.46875
9,7632,74.9125
