,Student ID,Final Grade
0,7240,80.39571428571428
1,7244,80.83285714285715
2,7277,94.38142857142857
3,7278,90.15285714285713
4,7327,91.59
5,7362,92.37428571428572
6,7381,78.79285714285713
7,7428,93.91
8,7485,92.80714285714285
9,7543,85.39428571428572
10,7549,85.47
11,7554,81.70857142857143
12,7576,96.61428571428571
13,7577,83.03571428571429
14,7625,87.56285714285715
15,7650,92.98428571428572
16,7651,79.22
