,Student ID,Final Grade
0,486,78.87833333333333
1,533,82.02833333333334
2,554,83.08166666666666
3,573,93.74666666666667
4,580,92.58999999999999
5,622,95.41666666666667
6,628,90.37
7,649,88.28666666666668
8,734,96.97500000000001
9,774,83.83
10,786,87.57499999999999
11,789,90.77333333333333
12,791,82.65833333333333
13,801,88.18666666666667
14,806,88.00333333333333
15,815,96.88000000000001
16,852,86.27500000000002
17,856,87.24333333333334
18,866,81.65666666666668
