,Student ID,Final Grade
0,477,85.1225
1,480,84.80624999999998
2,487,90.82874999999999
3,554,83.13874999999999
4,688,95.285
5,746,89.09625
6,808,85.18875
7,809,94.535
