,Student ID,Final Grade
0,7297,82.96666666666667
1,7310,91.9211111111111
2,7322,84.59444444444445
3,7388,88.93555555555555
4,7408,88.27666666666666
5,7439,90.41555555555556
6,7458,90.74333333333334
7,7630,84.38888888888889
8,7650,76.18
