,Student ID,Final Grade
0,469,79.965
1,479,78.6025
2,504,90.575
3,514,82.9875
4,534,77.73
5,653,85.03999999999999
6,671,76.8875
7,695,89.9975
8,714,94.37
9,722,94.46000000000001
10,741,91.41
11,756,79.255
12,763,95.07
13,841,94.4625
14,875,83.85249999999999
