,Student ID,Final Grade
0,472,73.84
1,506,86.815
2,558,83.285
3,572,81.185
4,579,81.905
5,643,91.785
6,660,69.7875
7,722,93.07249999999999
8,757,82.09750000000001
9,846,84.34
