,Student ID,Final Grade
0,487,96.9875
1,513,87.74249999999999
2,515,89.775
3,607,70.25999999999999
4,702,86.8625
5,741,89.99000000000001
6,831,83.41749999999999
