,Student ID,Final Grade
0,491,89.285
1,516,91.695
2,532,83.9875
3,544,90.03875
4,570,89.4075
5,605,75.68625
6,640,83.46124999999999
7,663,84.47125
8,680,84.3775
9,719,84.9075
10,797,85.5575
11,798,89.63374999999999
