,Student ID,Final Grade
0,460,71.21875000000001
1,496,85.9675
2,526,84.0475
3,535,84.75250000000001
4,547,91.07624999999999
5,581,89.05875
6,596,90.41625
7,613,87.93125
8,654,76.97250000000001
9,658,85.62
10,663,82.185
11,669,79.7875
12,717,90.96
13,719,97.00875
14,761,89.79875
15,771,82.52125
16,810,89.81
17,841,87.6475
