,Student ID,Final Grade
0,470,83.772
1,541,74.90200000000002
2,551,93.086
3,552,83.252
4,565,87.76
5,597,81.27
6,673,92.196
7,717,96.224
8,742,88.794
9,746,96.31800000000001
10,768,87.01599999999999
11,797,84.064
12,806,92.0
13,809,90.956
14,818,83.15599999999999
15,823,77.34400000000001
