,Student ID,Final Grade
0,7247,81.95124999999999
1,7264,89.57625000000002
2,7266,81.03125
3,7272,86.52125
4,7295,93.91375000000001
5,7349,73.45750000000001
6,7389,86.89999999999999
7,7460,88.91250000000001
8,7491,84.28999999999999
9,7525,75.94624999999999
10,7542,84.98875000000001
11,7588,84.68625
12,7647,87.39625000000001
13,7651,83.85000000000001
