,Student ID,Final Grade
0,7242,93.51625
1,7343,88.055
2,7354,82.56875
3,7377,87.16
4,7386,83.67625
5,7420,88.91624999999999
6,7443,88.29249999999999
7,7463,73.64125
8,7492,94.67
9,7495,84.95750000000001
10,7535,85.50375
11,7644,84.98125000000002
