,Student ID,Final Grade
0,7266,91.23499999999999
1,7270,76.73875
2,7313,89.04625
3,7371,82.01875
4,7435,83.55624999999999
5,7472,88.02875
6,7496,80.49
7,7498,82.16749999999999
8,7651,84.9225
