,Student ID,Final Grade
0,7267,85.80777777777777
1,7305,95.6688888888889
2,7363,87.45555555555558
3,7371,88.53555555555558
4,7403,92.73444444444445
5,7423,84.38222222222221
6,7429,83.9422222222222
7,7483,87.43666666666667
8,7486,85.07333333333332
9,7512,74.27
10,7517,77.99777777777778
11,7521,86.02333333333335
12,7545,84.94888888888889
13,7548,90.57555555555557
14,7559,83.34777777777776
15,7581,90.1211111111111
16,7615,85.71666666666667
17,7630,83.03222222222223
