,Student ID,Final Grade
0,462,94.446
1,563,80.69800000000001
2,751,91.55199999999999
3,759,93.992
4,784,89.224
5,840,77.22999999999999
6,850,88.602
