,Student ID,Final Grade
0,518,79.09666666666666
1,610,84.12555555555555
2,684,83.92444444444445
3,795,90.77777777777777
4,830,79.36777777777779
5,848,78.97222222222223
