,Student ID,Final Grade
0,7241,84.32142857142857
1,7264,88.43142857142857
2,7295,85.09714285714287
3,7345,90.86428571428571
4,7363,79.90714285714284
5,7396,93.8142857142857
6,7406,91.19285714285715
7,7419,95.99571428571429
8,7557,86.43285714285715
9,7569,86.04285714285713
10,7592,87.26714285714286
