,Student ID,Final Grade
0,7238,87.91333333333334
1,7285,89.22166666666668
2,7309,95.61166666666666
3,7324,91.82499999999999
4,7330,70.47
5,7338,90.69166666666666
6,7385,90.65333333333332
7,7388,88.15166666666666
8,7397,88.25833333333334
9,7400,88.64333333333333
10,7401,83.29333333333334
11,7414,88.55
12,7430,86.79333333333334
13,7477,91.43833333333333
14,7512,84.14166666666667
15,7522,84.54166666666666
16,7654,90.78500000000001
