,Student ID,Final Grade
0,459,81.31222222222223
1,464,95.8111111111111
2,504,89.45333333333332
3,601,85.7377777777778
4,626,90.17000000000002
5,629,82.47333333333333
6,631,85.91111111111111
7,659,89.59666666666666
8,663,85.06777777777779
9,678,83.73777777777778
10,687,82.23444444444445
11,690,89.08666666666666
12,703,80.81333333333333
13,708,93.21555555555555
14,738,93.82777777777777
15,761,88.82222222222224
16,793,92.09666666666668
17,811,82.26888888888888
18,821,87.85444444444444
