,Student ID,Final Grade
0,7235,89.01666666666665
1,7238,89.16166666666668
2,7241,81.07
3,7250,92.47500000000001
4,7345,82.78500000000001
5,7393,76.31666666666668
6,7415,89.26999999999998
7,7439,81.87
8,7461,89.41333333333334
9,7470,97.78833333333334
10,7504,71.07333333333334
11,7538,85.29666666666667
12,7558,78.895
13,7564,86.63333333333333
14,7573,82.98333333333333
15,7589,90.645
