,Student ID,Final Grade
0,460,75.58166666666666
1,473,81.69
2,488,81.61333333333333
3,513,79.95666666666666
4,530,76.40833333333333
5,557,82.37833333333333
6,587,85.32833333333333
7,608,85.02999999999999
8,651,81.90333333333335
9,665,80.94500000000001
10,669,80.49166666666666
11,676,91.445
12,678,82.33333333333333
13,763,91.28666666666668
14,783,86.825
15,850,91.05
16,871,91.25333333333333
