,Student ID,Final Grade
0,7244,78.67333333333333
1,7267,74.55666666666666
2,7277,91.045
3,7334,86.445
4,7351,81.78
5,7384,87.79166666666667
6,7405,87.27833333333332
7,7433,83.28
8,7434,69.55666666666667
9,7445,85.66666666666667
10,7466,83.72166666666666
11,7469,75.63166666666666
12,7561,93.51833333333332
13,7572,83.355
14,7614,78.3
15,7629,82.46666666666668
16,7647,87.90000000000002
