,Student ID,Final Grade
0,517,87.58999999999999
1,541,89.11833333333334
2,566,87.86
3,567,84.08166666666666
4,570,87.675
5,643,89.43333333333334
6,655,84.36333333333334
7,675,76.88333333333334
8,691,95.70666666666666
9,693,78.21666666666667
10,695,88.65166666666669
11,728,87.83
12,737,86.20166666666665
13,775,95.12666666666667
14,802,81.545
15,813,91.01166666666667
16,820,94.49
17,856,87.40833333333332
