,Student ID,Final Grade
0,7250,76.65666666666668
1,7267,89.37666666666667
2,7306,92.09333333333332
3,7344,71.05333333333333
4,7347,85.93166666666667
5,7387,86.87
6,7391,88.925
7,7435,78.405
8,7505,79.52666666666669
9,7530,85.505
10,7549,91.28666666666668
11,7558,91.93333333333334
12,7564,88.26166666666666
13,7583,85.685
14,7586,91.32
15,7600,85.88666666666666
16,7643,88.40833333333335
