,Student ID,Final Grade
0,7282,85.425
1,7295,80.02499999999999
2,7346,92.50666666666666
3,7358,80.48666666666666
4,7374,80.63
5,7396,90.84166666666665
6,7399,85.24666666666666
7,7417,81.145
8,7439,92.02833333333332
9,7476,87.82
10,7540,91.89333333333332
11,7634,97.0
12,7651,75.88333333333334
