,Student ID,Final Grade
0,493,91.16000000000001
1,521,87.75666666666667
2,528,80.85111111111111
3,541,80.51666666666667
4,569,85.21
5,582,90.96333333333331
6,606,88.2111111111111
7,688,90.05888888888889
8,691,87.71777777777778
9,735,88.95555555555555
10,742,86.7911111111111
11,771,83.06666666666666
12,803,83.76222222222222
13,832,85.87444444444445
14,873,81.68444444444445
