,Student ID,Final Grade
0,7247,92.67375000000001
1,7254,90.395
2,7303,96.09875
3,7324,85.2525
4,7338,92.03999999999999
5,7342,92.36625000000001
6,7359,78.2425
7,7374,87.43375
8,7388,85.355
9,7426,87.28
10,7487,77.7925
11,7493,89.9825
