,Student ID,Final Grade
0,7318,88.3425
1,7333,93.045
2,7419,81.18499999999999
3,7433,89.88
4,7446,84.5925
5,7499,95.73249999999999
