,Student ID,Final Grade
0,579,87.8
1,697,86.495
2,698,82.3975
3,710,95.97375
4,760,93.6625
5,772,89.11625
6,777,83.63125
7,779,93.89875
8,782,92.56875000000001
9,799,86.17875
10,833,87.625
11,842,86.37
