,Student ID,Final Grade
0,475,75.8675
1,496,88.35249999999999
2,508,93.83000000000001
3,572,99.6875
4,583,83.2325
5,587,96.41000000000001
6,594,97.0325
7,617,77.1525
8,631,85.8825
9,698,99.8875
10,711,81.7975
11,738,93.495
12,746,77.8425
13,747,80.7125
14,752,82.3425
15,764,92.92
16,766,95.3075
17,782,80.9375
18,822,89.2925
