,Student ID,Final Grade
0,7238,95.34727272727274
1,7272,88.44545454545454
2,7299,86.93818181818182
3,7302,87.17545454545454
4,7344,88.96727272727274
5,7347,80.12545454545455
6,7386,86.90363636363635
7,7421,89.50909090909092
8,7431,76.95454545454547
9,7454,84.97999999999999
10,7465,87.42727272727274
11,7483,86.01454545454546
12,7511,87.56181818181818
13,7515,86.68
14,7523,82.87636363636362
15,7547,89.64727272727274
16,7618,94.31818181818181
