,Student ID,Final Grade
0,7265,86.58071428571428
1,7276,95.93500000000002
2,7295,87.72500000000001
3,7306,86.51357142857144
4,7331,85.86928571428571
5,7348,91.00428571428571
6,7351,87.525
7,7392,88.49499999999999
8,7410,88.91
9,7543,83.1107142857143
10,7554,82.37714285714287
11,7555,81.69714285714285
12,7592,81.58142857142857
13,7646,91.85357142857143
