,Student ID,Final Grade
0,464,88.59375
1,469,89.35125
2,490,92.08375000000001
3,492,76.64999999999999
4,509,90.7825
5,546,93.84625
6,598,83.96375
7,638,79.14625
8,642,90.38125000000001
9,687,80.735
10,699,82.79
11,741,76.41875
12,750,81.5025
13,760,93.76750000000001
14,763,84.53625
15,775,82.335
16,776,78.11875
17,784,89.79125
18,841,67.28125
19,842,86.5
