,Student ID,Final Grade
0,477,74.45166666666667
1,478,89.23
2,561,82.98
3,565,95.52166666666666
4,641,86.62666666666667
5,675,89.29666666666667
6,685,81.7
7,720,80.91166666666668
8,726,86.03833333333334
9,738,82.295
10,750,78.17666666666666
11,765,86.22166666666665
12,771,91.46833333333332
13,787,90.33
14,840,93.815
15,842,84.81
