,Student ID,Final Grade
0,481,79.73
1,571,84.39999999999999
2,589,85.51
3,638,93.74000000000001
4,653,85.98666666666666
5,700,92.16166666666668
6,711,92.89666666666666
7,723,71.87666666666668
8,730,89.705
9,749,77.59833333333334
10,758,91.175
11,762,86.64333333333333
12,782,91.24833333333333
13,798,90.99
14,804,77.54166666666667
15,817,86.365
16,818,85.06333333333333
17,836,82.49
18,859,86.19833333333332
19,869,84.48333333333333
