,Student ID,Final Grade
0,502,83.77499999999999
1,624,94.76125
2,658,83.73875
3,687,83.84625
4,718,69.7975
5,745,90.07000000000001
6,819,85.70124999999999
7,856,86.15875
