,Student ID,Final Grade
0,492,92.12
1,503,93.18666666666667
2,597,82.48166666666667
3,636,91.95666666666666
4,650,79.18666666666667
5,667,90.69666666666667
6,674,87.45333333333333
7,697,86.43666666666667
8,722,86.65500000000002
9,725,84.87333333333333
10,729,87.74166666666667
11,763,88.19333333333333
12,825,90.91833333333334
13,853,84.64999999999999
