,Student ID,Final Grade
0,498,84.44
1,509,95.165
2,616,95.00875
3,638,80.83624999999999
4,650,84.15875
5,663,85.30749999999999
6,667,95.45375
7,714,91.26124999999999
8,719,90.31125
9,737,88.24
10,746,88.42750000000001
11,748,89.50875
12,753,91.12
13,800,89.49000000000001
14,810,86.49125
15,868,87.39125
16,876,81.45625
