,Student ID,Final Grade
0,7234,73.88
1,7235,93.9675
2,7382,80.86875
3,7386,80.66
4,7414,84.00625
5,7449,93.89875
6,7479,86.73500000000001
7,7517,86.37625
8,7623,88.67
9,7653,80.13
