,Student ID,Final Grade
0,7253,88.75222222222222
1,7264,86.33111111111111
2,7278,94.44000000000001
3,7348,86.62111111111112
4,7369,78.89555555555556
5,7373,81.75333333333333
6,7393,88.86888888888889
7,7406,81.02000000000001
8,7480,83.01333333333334
9,7495,85.34444444444443
10,7511,94.51
11,7570,93.37666666666667
12,7628,77.28444444444443
13,7636,88.46111111111112
