,Student ID,Final Grade
0,459,81.63250000000001
1,542,87.2025
2,553,83.4925
3,639,85.8275
4,680,91.6125
5,742,74.7125
6,854,75.42999999999999
