,Student ID,Final Grade
0,479,78.29555555555557
1,533,87.39888888888888
2,566,86.52111111111111
3,580,82.37111111111112
4,592,74.75555555555555
5,622,83.96444444444445
6,669,77.99111111111111
7,694,84.42888888888889
8,725,81.52555555555557
9,852,76.07222222222222
10,854,82.34
11,861,89.93333333333334
