,Student ID,Final Grade
0,468,61.818000000000005
1,480,95.06800000000001
2,604,65.39199999999998
3,688,84.842
4,710,83.33200000000001
5,731,99.446
6,824,79.42
7,836,87.95
8,844,90.28
9,864,80.974
