,Student ID,Final Grade
0,7234,88.68777777777777
1,7236,87.58888888888889
2,7269,84.10444444444445
3,7337,81.20555555555556
4,7432,80.37222222222222
5,7468,88.14444444444445
6,7471,82.79666666666667
7,7507,93.66888888888889
8,7544,87.46555555555555
9,7576,82.48777777777778
10,7633,79.58222222222223
11,7641,81.13222222222221
