,Student ID,Final Grade
0,7342,92.1575
1,7351,87.1325
2,7402,83.86874999999999
3,7451,86.05625
4,7462,78.65875
5,7481,79.03000000000002
6,7515,88.4875
7,7572,94.11375
8,7650,88.58250000000001
