,Student ID,Final Grade
0,521,91.13444444444445
1,524,88.31888888888889
2,572,87.87666666666665
3,621,83.07777777777778
4,630,88.93777777777778
5,650,85.64
6,659,92.26111111111112
7,675,85.9211111111111
8,730,76.67999999999999
9,810,82.3288888888889
10,840,80.2188888888889
11,861,85.48444444444445
