,Student ID,Final Grade
0,7256,94.20666666666666
1,7273,87.33
2,7324,84.34666666666668
3,7335,91.48333333333333
4,7342,91.26333333333332
5,7514,79.26166666666667
6,7540,85.08
7,7544,75.985
8,7555,94.63166666666666
9,7575,83.63666666666666
