,Student ID,Final Grade
0,494,91.18142857142857
1,683,93.35285714285715
2,691,80.7942857142857
3,713,83.98714285714287
4,716,75.92571428571429
5,718,95.98142857142857
6,747,90.92285714285715
7,751,82.32857142857142
8,752,89.02428571428572
9,786,90.44857142857143
10,793,87.24142857142856
