,Student ID,Final Grade
0,7238,82.78666666666668
1,7274,85.83666666666666
2,7277,94.73333333333335
3,7285,94.72833333333334
4,7398,87.33333333333333
5,7399,81.88
6,7471,88.40166666666669
7,7619,86.33333333333333
8,7630,91.67
9,7657,93.315
