,Student ID,Final Grade
0,7309,87.10571428571428
1,7381,90.06571428571428
2,7389,88.66857142857144
3,7396,77.35571428571428
4,7410,89.99285714285715
5,7436,81.48857142857142
6,7449,79.19285714285715
7,7473,73.64857142857143
8,7496,92.74857142857142
9,7520,86.97142857142856
10,7546,87.43142857142857
11,7617,80.57142857142857
12,7621,89.06714285714285
13,7631,96.76714285714284
