,Student ID,Final Grade
0,7269,82.14750000000001
1,7283,90.45750000000001
2,7291,75.845
3,7337,87.3425
4,7400,92.755
5,7436,89.855
6,7439,80.79999999999998
7,7503,97.39
8,7601,95.1775
9,7624,85.33
