,Student ID,Final Grade
0,7236,93.16375
1,7277,91.97
2,7466,89.30625
3,7487,82.4075
4,7498,83.47999999999999
5,7499,92.84375
6,7515,74.9025
7,7533,84.1825
