,Student ID,Final Grade
0,7273,81.95999999999998
1,7297,93.65222222222222
2,7309,74.95
3,7345,79.93222222222222
4,7357,86.66666666666667
5,7372,90.75777777777778
6,7374,86.86666666666666
7,7435,87.50111111111111
8,7440,83.88777777777779
9,7463,80.26333333333332
10,7472,87.77444444444444
11,7490,92.51111111111112
12,7503,84.69
13,7507,84.55888888888889
14,7530,89.45666666666665
15,7531,83.46444444444444
16,7559,85.46333333333332
17,7599,90.99444444444445
18,7601,91.10888888888888
