,Student ID,Final Grade
0,7353,93.49000000000001
1,7355,90.19666666666667
2,7359,84.17333333333333
3,7398,81.71333333333334
4,7410,90.10000000000001
5,7420,90.88666666666666
6,7470,86.09333333333335
7,7480,73.89166666666667
8,7553,88.58833333333332
9,7591,83.355
10,7608,81.08
11,7625,81.02333333333333
12,7643,85.81666666666666
