,Student ID,Final Grade
0,7250,89.93857142857142
1,7261,84.32857142857142
2,7269,87.58142857142857
3,7280,91.02285714285715
4,7382,81.29714285714284
5,7398,89.28999999999999
6,7462,84.12714285714286
7,7505,95.33285714285715
8,7533,79.01857142857143
9,7654,87.46428571428571
