,Student ID,Final Grade
0,537,86.64875
1,538,84.66
2,548,97.81125
3,616,89.35625
4,739,79.89750000000001
5,741,98.48
6,804,90.47625000000001
7,806,83.36749999999999
8,811,83.12875000000001
9,880,88.27625
