,Student ID,Final Grade
0,7243,81.3275
1,7257,89.555
2,7258,86.32
3,7295,76.44624999999999
4,7298,73.98875
5,7306,86.49125
6,7327,89.745
7,7339,82.94874999999999
8,7352,96.77875
9,7369,86.8525
10,7401,76.655
11,7421,90.70625
12,7446,85.88999999999999
13,7532,91.9075
14,7533,84.0625
15,7616,75.84250000000002
16,7646,78.06875
17,7655,74.49624999999999
