,Student ID,Final Grade
0,474,88.24285714285715
1,500,79.13
2,528,78.43857142857144
3,541,84.95857142857143
4,654,85.56857142857143
5,661,91.28
6,666,82.22571428571428
7,681,83.42428571428572
8,683,85.17714285714285
9,710,82.90428571428572
10,752,83.72142857142856
11,822,80.31714285714285
12,830,92.55857142857143
