,Student ID,Final Grade
0,472,76.79749999999999
1,555,90.69125
2,569,81.47625
3,580,81.2275
4,583,80.63250000000001
5,621,91.51875000000001
6,629,83.0975
7,631,91.22375
8,653,81.105
9,694,77.91375
10,713,86.4725
11,727,87.92
12,731,90.41125
13,844,82.93
