,Student ID,Final Grade
0,7236,81.80199999999999
1,7270,79.822
2,7311,89.638
3,7328,83.686
4,7333,89.19
5,7350,87.848
6,7382,94.51599999999999
7,7401,90.38199999999999
8,7470,95.81800000000001
9,7497,91.564
10,7503,84.432
11,7512,92.684
12,7516,87.06800000000001
13,7524,85.06800000000001
14,7561,83.744
15,7579,84.046
16,7586,80.802
17,7640,78.55
