,Student ID,Final Grade
0,7256,79.935
1,7309,82.94000000000001
2,7320,88.55125
3,7340,81.28625
4,7422,86.44375
5,7443,82.97999999999999
6,7499,88.79000000000002
7,7553,80.99625
8,7578,87.8875
