,Student ID,Final Grade
0,7318,89.35999999999999
1,7346,91.73599999999999
2,7372,99.062
3,7383,89.30199999999999
4,7391,88.79
5,7441,85.59400000000001
6,7560,87.70599999999999
7,7613,78.77000000000001
8,7614,86.946
