,Student ID,Final Grade
0,7270,88.61555555555556
1,7304,84.42444444444443
2,7365,86.00222222222222
3,7388,85.33888888888889
4,7411,84.68888888888888
5,7437,79.63444444444444
6,7466,85.97555555555556
7,7484,89.90777777777777
8,7506,80.90888888888888
9,7530,85.50666666666666
10,7535,83.48111111111112
11,7544,85.23888888888888
12,7601,85.6511111111111
13,7636,92.36444444444444
