,Student ID,Final Grade
0,7259,86.71111111111111
1,7461,83.82555555555557
2,7492,83.03888888888889
3,7597,75.63666666666667
4,7622,86.22000000000001
5,7626,90.80777777777777
6,7657,88.64222222222223
