,Student ID,Final Grade
0,7299,81.69666666666667
1,7322,92.10666666666667
2,7333,88.63666666666666
3,7444,81.47833333333334
4,7550,69.92
5,7553,86.56333333333333
