,Student ID,Final Grade
0,483,79.17124999999999
1,500,85.94375
2,508,89.57000000000001
3,535,86.82125
4,541,75.93125
5,553,83.85125
6,571,82.91375
7,602,88.7825
8,620,88.22874999999999
9,661,91.7325
10,682,78.46375
11,711,79.4775
12,719,86.96875
13,765,89.86749999999999
14,801,92.65625000000001
15,807,85.41750000000002
16,841,85.6175
17,858,90.16874999999999
18,861,82.94624999999999
