,Student ID,Final Grade
0,459,90.71125
1,485,86.00625000000001
2,539,85.50375
3,777,91.7775
4,796,93.56375
5,830,85.78375
6,857,85.2675
