,Student ID,Final Grade
0,473,81.88
1,475,85.79875000000001
2,486,85.3025
3,530,88.63875
4,552,93.18625
5,656,85.5175
6,658,87.49125
7,683,86.02875
8,741,85.33375
9,838,87.66499999999999
10,849,81.6325
11,875,82.35500000000002
12,880,82.0475
