,Student ID,Final Grade
0,7326,90.05166666666668
1,7386,83.635
2,7427,76.88333333333333
3,7428,82.23666666666666
4,7456,84.27833333333332
5,7549,82.33666666666666
6,7563,96.49166666666667
7,7578,90.16166666666668
8,7627,84.31333333333335
9,7654,75.535
