,Student ID,Final Grade
0,7240,89.745
1,7241,83.96375
2,7251,85.16874999999999
3,7270,92.17500000000001
4,7287,89.30875
5,7304,87.5475
6,7315,84.23875
7,7334,90.96375
8,7359,84.14875
9,7423,79.14
10,7434,85.87875
11,7443,83.4875
12,7445,93.775
13,7467,74.62
14,7514,83.83500000000001
15,7531,81.18
16,7553,84.05125
17,7572,86.94874999999999
18,7592,90.43499999999999
