,Student ID,Final Grade
0,556,85.68166666666667
1,578,80.51
2,586,89.59166666666665
3,656,86.56833333333334
4,675,79.33
5,715,82.73833333333333
6,724,69.74333333333334
7,736,81.93666666666667
8,787,96.93166666666667
9,816,90.15333333333335
