,Student ID,Final Grade
0,465,74.94500000000001
1,472,90.52666666666669
2,485,77.90333333333334
3,506,86.92333333333333
4,510,85.94333333333334
5,522,92.03333333333335
6,532,88.41666666666667
7,576,91.13833333333332
8,607,84.38666666666666
9,699,92.74666666666667
10,741,91.895
11,758,83.24666666666667
12,764,93.70333333333333
13,777,79.29833333333333
14,784,90.13166666666666
15,788,79.16
16,849,79.935
17,857,96.23333333333335
18,873,84.55833333333334
