,Student ID,Final Grade
0,7272,86.894
1,7317,78.328
2,7397,78.97999999999999
3,7417,85.77799999999999
4,7464,77.314
5,7471,96.11999999999999
6,7581,83.69399999999999
7,7593,87.548
