,Student ID,Final Grade
0,7262,94.24875
1,7286,82.92
2,7363,85.035
3,7433,85.44
4,7496,88.17749999999998
5,7528,86.59875000000001
6,7531,81.55749999999999
7,7537,81.4125
8,7539,88.9725
9,7559,83.91125
10,7605,91.7725
11,7628,78.18625
12,7642,84.2
13,7646,93.745
14,7647,84.89124999999999
15,7649,91.30875
