,Student ID,Final Grade
0,457,80.30875
1,475,98.96125
2,536,85.56875
3,538,87.91875
4,539,93.3275
5,542,85.06875000000001
6,554,77.625
7,572,86.815
8,609,79.3375
9,612,87.355
10,618,85.42999999999998
11,725,88.03125
12,731,80.28125
13,792,86.525
14,806,90.99125000000001
15,839,73.1575
16,851,87.685
