,Student ID,Final Grade
0,7283,93.41333333333334
1,7323,89.23333333333333
2,7339,79.77
3,7347,77.235
4,7369,84.905
5,7373,86.695
6,7379,81.445
7,7474,96.44333333333333
8,7558,90.24833333333333
9,7590,95.72333333333331
10,7611,95.77333333333333
11,7613,84.95
12,7632,86.32333333333334
