,Student ID,Final Grade
0,533,66.81875
1,580,84.75375
2,623,84.70375
3,683,93.65124999999999
4,725,85.36375
5,802,83.26875
6,810,81.3575
7,827,89.90625
