,Student ID,Final Grade
0,7256,81.25800000000001
1,7280,73.062
2,7283,83.954
3,7302,87.85
4,7330,93.696
5,7337,92.416
6,7341,87.80199999999999
7,7395,92.602
8,7406,88.832
9,7428,91.53
10,7435,80.98600000000002
11,7558,77.59200000000001
12,7595,84.08200000000001
13,7646,98.548
14,7651,87.312
