,Student ID,Final Grade
0,7283,87.7975
1,7284,96.775
2,7346,76.0925
3,7347,95.0875
4,7353,72.005
5,7354,87.81
6,7355,85.35000000000001
7,7383,89.705
8,7417,84.0775
9,7438,88.04499999999999
10,7490,71.595
11,7502,93.8125
12,7509,92.1075
13,7511,87.81
14,7584,90.9125
15,7603,89.3975
16,7604,88.94500000000001
17,7622,92.31750000000001
18,7639,97.8975
