,Student ID,Final Grade
0,7267,80.525
1,7268,82.75
2,7319,85.68875
3,7418,90.01875000000001
4,7431,90.86625
5,7478,94.95125
6,7495,88.35
7,7496,88.1675
8,7506,78.51249999999999
9,7513,98.03999999999999
10,7520,84.27375
11,7643,98.22
