,Student ID,Final Grade
0,7234,76.592
1,7235,84.39200000000001
2,7292,95.69800000000001
3,7301,80.022
4,7312,84.652
5,7367,82.602
6,7378,94.92999999999999
7,7393,88.512
8,7437,96.032
9,7481,91.486
10,7487,87.754
11,7543,98.45599999999999
12,7609,82.678
13,7611,88.846
14,7628,89.002
