,Student ID,Final Grade
0,7243,70.61375
1,7305,82.31625
2,7320,83.90375
3,7362,78.1225
4,7450,81.33375000000001
5,7470,82.93875
6,7472,84.95124999999999
7,7479,80.0675
8,7487,72.11625
9,7519,77.54625000000001
10,7533,87.53999999999999
11,7546,91.3475
12,7565,85.465
13,7575,79.255
14,7581,85.6
15,7586,89.1625
16,7597,83.91
17,7617,81.405
18,7637,77.61125
