,Student ID,Final Grade
0,495,93.23625
1,557,88.76875000000001
2,571,83.815
3,588,84.11875
4,763,88.14625
5,871,87.13000000000001
