,Student ID,Final Grade
0,7239,85.75833333333333
1,7262,78.05166666666666
2,7285,84.11166666666666
3,7317,84.885
4,7346,94.52333333333333
5,7373,71.04333333333334
6,7386,86.09166666666668
7,7405,78.5
8,7411,83.41833333333332
9,7419,82.765
10,7458,76.32666666666667
11,7463,76.54666666666667
12,7504,95.68166666666667
13,7515,89.60666666666667
14,7528,83.33166666666666
15,7567,88.75666666666666
16,7569,85.75333333333333
17,7577,90.07166666666666
18,7583,98.27666666666666
19,7626,85.04666666666667
