,Student ID,Final Grade
0,7240,86.80666666666666
1,7246,85.35833333333333
2,7298,85.265
3,7328,95.30166666666666
4,7335,88.49833333333333
5,7455,91.32
6,7467,84.65833333333333
7,7485,82.64833333333333
8,7536,87.09833333333334
