,Student ID,Final Grade
0,475,78.12666666666667
1,507,86.81666666666668
2,509,89.13499999999999
3,534,80.21499999999999
4,588,79.31333333333333
5,600,87.00833333333333
6,671,87.13
7,682,92.01833333333332
8,735,78.12166666666666
9,787,85.19166666666666
10,803,87.50166666666667
11,810,90.39166666666667
12,814,84.78833333333334
13,861,87.71999999999998
14,862,83.705
15,868,77.48666666666666
16,878,86.08666666666666
