,Student ID,Final Grade
0,7253,81.4
1,7279,80.9525
2,7293,89.17750000000001
3,7313,80.61625000000001
4,7322,79.29625000000001
5,7350,84.0925
6,7406,84.005
7,7415,92.68374999999999
8,7422,78.17625000000001
9,7491,85.2675
10,7523,81.3375
11,7584,86.67625
12,7616,90.3175
13,7624,86.25
14,7631,88.46374999999999
15,7657,90.6225
