,Student ID,Final Grade
0,458,82.40666666666667
1,480,86.48333333333333
2,499,88.49166666666667
3,509,91.08166666666666
4,537,88.16666666666667
5,538,91.47666666666665
6,567,78.75333333333332
7,578,87.13833333333334
8,606,88.795
9,633,67.40166666666666
10,675,81.86666666666666
11,702,71.00666666666666
12,728,95.23166666666667
13,769,77.24666666666667
14,786,87.23500000000001
15,828,83.56333333333333
