,Student ID,Final Grade
0,7278,91.286
1,7316,78.27000000000001
2,7330,94.95599999999999
3,7338,83.26
4,7340,80.356
5,7355,95.80199999999999
6,7361,95.434
7,7433,86.614
8,7455,93.342
9,7458,81.398
10,7474,94.41999999999999
11,7494,90.6
12,7519,87.55199999999999
13,7565,86.28599999999999
14,7568,68.886
15,7581,92.878
16,7597,94.59599999999999
17,7603,94.6
18,7627,90.116
19,7635,92.398
