,Student ID,Final Grade
0,7250,64.46166666666666
1,7275,83.35166666666667
2,7276,87.78833333333334
3,7421,88.03500000000001
4,7438,80.04333333333334
5,7484,79.72833333333332
6,7562,78.86
7,7576,94.8
