,Student ID,Final Grade
0,498,79.988
1,530,80.4
2,552,90.252
3,613,76.88199999999999
4,625,91.33
5,642,85.812
6,645,90.328
7,649,94.852
8,675,88.112
9,703,82.718
10,704,88.304
11,756,81.74600000000001
12,766,90.708
13,787,91.14
14,790,86.76
15,819,84.446
16,823,86.714
17,842,81.256
18,873,79.394
