,Student ID,Final Grade
0,7256,75.16833333333334
1,7290,75.14666666666666
2,7332,85.80333333333333
3,7366,80.85833333333333
4,7386,89.64
5,7387,96.04
6,7409,86.24166666666666
7,7504,88.30166666666666
8,7508,76.665
9,7541,90.3
10,7564,86.57166666666667
11,7601,86.38166666666666
12,7608,86.29666666666667
13,7642,84.26833333333335
14,7651,92.55333333333333
15,7655,94.38
