,Student ID,Final Grade
0,469,87.10666666666668
1,501,83.685
2,514,94.41000000000001
3,531,85.20333333333333
4,533,91.05499999999999
5,602,87.85166666666667
6,609,95.07666666666667
7,633,83.78333333333333
8,667,95.78833333333334
9,683,91.11666666666667
10,695,87.41166666666668
11,752,90.23166666666667
12,780,95.19500000000001
13,806,93.37166666666667
14,816,94.00166666666667
15,848,89.95166666666667
16,875,81.745
