,Student ID,Final Grade
0,7251,81.27374999999999
1,7341,86.47125
2,7454,86.705
3,7460,87.84125
4,7490,88.91000000000001
5,7496,83.16625
6,7507,97.48
7,7539,85.03625000000001
8,7554,88.33375000000001
9,7595,79.04625
10,7630,81.0625
11,7635,87.81875
12,7653,80.59249999999999
