,Student ID,Final Grade
0,502,92.9057142857143
1,519,83.14142857142858
2,569,78.53714285714285
3,571,79.28714285714285
4,597,78.13142857142859
5,614,86.38
6,675,80.37714285714287
7,685,77.04857142857144
8,751,87.84857142857142
9,755,85.16714285714286
10,810,80.40714285714286
11,824,85.92714285714285
12,830,85.52714285714286
13,858,84.79285714285713
14,859,88.14285714285714
