,Student ID,Final Grade
0,7251,84.205
1,7253,87.71874999999999
2,7274,90.35874999999999
3,7298,90.66749999999999
4,7316,75.06875000000001
5,7362,86.19125000000001
6,7385,81.31125
7,7403,88.01375000000002
8,7411,88.1225
9,7431,86.18
10,7486,77.43625
11,7510,88.80375
12,7540,87.995
13,7561,90.44500000000001
14,7571,89.0475
15,7605,83.60625
16,7650,92.97375
17,7651,89.39375
18,7655,82.10999999999999
