,Student ID,Final Grade
0,7239,90.98142857142857
1,7290,88.69571428571429
2,7386,75.55571428571429
3,7392,83.49428571428572
4,7413,85.96428571428571
5,7428,87.25428571428571
6,7439,92.55857142857143
7,7513,85.99285714285713
8,7519,92.25142857142855
9,7523,91.48
10,7568,91.59714285714286
11,7578,77.92428571428572
12,7588,87.72142857142858
13,7609,89.24000000000001
