,Student ID,Final Grade
0,469,98.345
1,603,76.63750000000002
2,635,95.16750000000002
3,654,87.1175
4,668,82.485
5,679,83.7675
6,810,78.7475
7,816,87.0525
8,844,91.6825
9,854,79.1825
10,858,81.52
11,872,85.7075
