,Student ID,Final Grade
0,7298,89.87
1,7325,95.145
2,7374,85.30166666666666
3,7398,94.985
4,7522,88.02499999999999
5,7572,92.07
6,7644,88.04166666666667
