,Student ID,Final Grade
0,509,84.83833333333332
1,573,90.68833333333333
2,582,98.435
3,720,77.33166666666666
4,737,82.11
5,756,82.59166666666667
6,760,85.745
7,822,74.60333333333334
8,855,92.44
9,863,98.14166666666667
10,873,94.77666666666666
