,Student ID,Final Grade
0,7283,91.40166666666669
1,7329,85.62166666666667
2,7345,95.79666666666667
3,7367,73.99000000000001
4,7402,77.10000000000001
5,7413,93.41166666666668
6,7416,85.30833333333332
7,7419,85.205
8,7529,96.69166666666668
9,7530,90.265
10,7533,85.49833333333333
11,7542,75.83999999999999
12,7565,90.305
13,7588,88.935
14,7589,82.94166666666668
15,7615,90.09333333333332
16,7628,86.94666666666667
17,7645,95.085
