,Student ID,Final Grade
0,474,85.52
1,506,88.84666666666665
2,515,74.88000000000001
3,520,81.01333333333334
4,638,73.11333333333333
5,683,81.82
6,749,79.99499999999999
7,785,84.65666666666667
8,870,85.00833333333334
