,Student ID,Final Grade
0,7311,86.82333333333332
1,7342,81.47833333333334
2,7409,72.39666666666666
3,7431,90.78500000000001
4,7438,80.37833333333333
5,7451,85.91166666666668
6,7454,77.05333333333334
7,7464,85.11166666666666
8,7517,91.90500000000002
9,7531,87.91333333333334
10,7541,82.49666666666667
11,7612,88.34666666666665
12,7625,72.79333333333334
