,Student ID,Final Grade
0,7283,91.30166666666668
1,7287,81.69500000000001
2,7321,89.54833333333333
3,7327,88.61333333333333
4,7339,91.22500000000001
5,7369,87.62
6,7431,68.75
7,7604,85.99333333333334
8,7634,89.645
9,7638,93.30166666666668
