,Student ID,Final Grade
0,7243,84.05833333333334
1,7260,81.85
2,7281,83.015
3,7296,90.47833333333334
4,7309,88.41000000000001
5,7324,88.97000000000001
6,7363,82.80333333333333
7,7415,90.36000000000001
8,7437,78.99499999999999
9,7448,81.54666666666667
10,7451,74.88000000000001
11,7488,93.43833333333333
12,7510,94.06
13,7523,87.94500000000001
14,7540,80.69000000000001
15,7547,91.00833333333333
16,7572,84.16166666666668
17,7605,78.86
