,Student ID,Final Grade
0,460,87.045
1,461,84.69500000000001
2,474,75.2
3,483,90.78500000000001
4,552,87.18166666666667
5,554,94.675
6,576,88.79166666666667
7,612,92.04333333333334
8,631,86.47500000000001
9,675,90.00666666666666
10,698,87.375
11,701,91.515
12,710,84.56666666666666
13,722,92.66166666666665
14,724,81.75833333333334
15,809,90.11
16,812,83.38666666666667
17,818,82.65499999999999
18,820,90.44500000000001
19,855,83.77166666666668
