,Student ID,Final Grade
0,576,84.99333333333334
1,578,85.51333333333334
2,623,83.36
3,633,82.76444444444445
4,684,89.36555555555556
5,722,96.35222222222222
6,759,84.96444444444444
7,766,80.73333333333333
8,793,82.98333333333333
9,851,84.13444444444445
