,Student ID,Final Grade
0,7265,87.38
1,7269,90.48333333333333
2,7297,96.505
3,7311,79.12166666666667
4,7327,83.11999999999999
5,7352,81.12166666666667
6,7385,81.865
7,7531,80.19833333333334
8,7579,90.35000000000001
