,Student ID,Final Grade
0,7290,79.94
1,7334,85.66833333333334
2,7364,80.405
3,7446,84.36833333333334
4,7579,91.11
5,7597,93.46166666666666
6,7606,83.96499999999999
