,Student ID,Final Grade
0,459,79.13833333333334
1,485,83.18166666666667
2,507,85.95666666666666
3,568,87.95666666666666
4,611,90.31833333333333
5,659,86.66000000000001
6,680,83.77666666666666
7,731,83.96499999999999
8,753,90.82833333333333
9,835,85.58999999999999
10,857,85.46333333333332
