,Student ID,Final Grade
0,7269,89.66142857142857
1,7289,90.06000000000002
2,7303,74.63285714285715
3,7308,92.21285714285715
4,7382,90.89142857142858
5,7395,78.29285714285713
6,7534,88.76428571428572
7,7540,88.35714285714286
8,7560,85.1842857142857
9,7574,88.80857142857144
10,7599,76.79428571428572
11,7609,87.1557142857143
12,7620,87.37571428571427
13,7641,83.25142857142858
14,7648,92.5442857142857
