,Student ID,Final Grade
0,7243,87.46714285714286
1,7251,86.87285714285713
2,7271,89.81799999999998
3,7381,88.50285714285715
4,7417,82.74114285714286
5,7432,86.10885714285715
6,7482,84.96228571428571
7,7523,84.09257142857143
