,Student ID,Final Grade
0,7283,85.96125
1,7330,89.09625
2,7339,87.13875
3,7348,82.89750000000001
4,7535,92.46625
5,7540,81.04750000000001
6,7547,93.25999999999999
7,7630,92.40125
8,7640,82.1875
9,7645,89.85
