,Student ID,Final Grade
0,7241,88.22666666666667
1,7258,89.24333333333334
2,7276,100.0
3,7296,96.42333333333333
4,7317,84.72666666666667
5,7339,89.56333333333333
6,7354,86.23
7,7383,81.67666666666666
8,7407,87.65999999999998
9,7425,85.37333333333333
10,7442,92.83333333333333
11,7478,84.10666666666667
12,7548,79.76333333333334
13,7596,87.26333333333332
14,7606,81.16666666666667
15,7613,94.10333333333334
16,7625,99.66666666666667
17,7644,81.46
