,Student ID,Final Grade
0,7327,91.76571428571427
1,7376,83.15714285714286
2,7431,86.64571428571428
3,7448,74.94142857142856
4,7454,85.0842857142857
5,7563,78.91428571428571
6,7572,82.41285714285713
7,7574,85.45714285714287
8,7590,87.81428571428572
9,7640,86.15714285714286
