,Student ID,Final Grade
0,476,87.33222222222223
1,478,88.2477777777778
2,523,76.01
3,531,82.60666666666667
4,542,82.79888888888888
5,555,84.18
6,607,82.80444444444444
7,623,79.0588888888889
8,705,89.92666666666666
9,747,86.07888888888891
10,755,86.19111111111111
11,875,89.89777777777779
