,Student ID,Final Grade
0,7251,82.08555555555557
1,7258,79.40888888888888
2,7315,80.89222222222224
3,7345,80.06444444444445
4,7376,77.79666666666668
5,7417,89.50777777777778
6,7598,88.60444444444444
7,7636,85.32666666666665
8,7653,80.40444444444445
9,7657,75.36222222222223
