,Student ID,Final Grade
0,460,79.33
1,483,80.26428571428572
2,492,78.36428571428571
3,551,81.2
4,596,83.74428571428571
5,602,95.27
6,732,88.96714285714286
7,733,91.93285714285715
8,792,95.54142857142857
