,Student ID,Final Grade
0,461,80.83375000000001
1,492,86.84875000000001
2,535,81.57875
3,546,88.3375
4,549,80.23874999999998
5,608,82.72250000000001
6,636,69.20125
7,649,90.495
8,683,77.11500000000001
9,691,88.38125000000001
10,760,84.14374999999998
11,797,91.3
12,800,88.50125000000001
13,810,83.61375
14,873,89.74000000000001
