,Student ID,Final Grade
0,525,86.85571428571428
1,539,85.50571428571428
2,587,77.25857142857141
3,647,87.0942857142857
4,652,87.74000000000001
5,705,84.46000000000001
6,715,78.71571428571428
7,733,89.11571428571428
8,742,83.55857142857143
9,771,89.54285714285716
10,794,85.68142857142857
11,843,80.20714285714287
12,852,82.16857142857143
