,Student ID,Final Grade
0,465,92.76333333333334
1,481,85.48555555555555
2,506,71.80555555555556
3,656,94.39777777777778
4,665,69.64777777777778
5,669,81.59444444444445
6,679,86.40777777777778
7,683,89.80444444444444
8,700,84.61666666666666
9,709,88.66444444444444
10,723,80.10222222222221
11,725,90.26222222222222
12,748,81.48777777777778
13,752,81.60666666666667
14,786,89.19999999999999
15,813,87.47333333333333
16,827,86.92444444444443
17,858,88.96777777777778
18,878,82.22222222222223
