,Student ID,Final Grade
0,7239,85.57500000000002
1,7269,93.39999999999999
2,7308,83.6075
3,7444,87.53875
4,7482,89.90375
5,7607,83.73
