,Student ID,Final Grade
0,496,82.40555555555554
1,548,83.80666666666667
2,557,88.75666666666667
3,595,91.27666666666667
4,697,90.8488888888889
5,712,94.99555555555555
6,731,93.55444444444444
7,734,92.68111111111112
8,782,90.29222222222224
9,795,91.46666666666667
10,806,83.58555555555557
11,824,92.7911111111111
12,842,82.82222222222222
13,848,89.80888888888889
14,849,91.32444444444444
15,856,83.79888888888888
16,880,82.10444444444444
