,Student ID,Final Grade
0,7268,86.64428571428572
1,7284,81.45142857142856
2,7354,97.43857142857142
3,7382,81.03142857142858
4,7397,84.00857142857141
5,7399,89.09142857142855
6,7414,91.24285714285713
7,7426,88.53285714285714
8,7440,81.12571428571428
9,7487,81.06142857142858
10,7503,83.88142857142859
11,7599,97.53142857142858
12,7612,90.97714285714285
13,7624,86.58857142857143
