,Student ID,Final Grade
0,7295,82.14166666666667
1,7309,89.34499999999998
2,7356,87.40333333333335
3,7497,90.74333333333334
4,7576,88.98666666666666
5,7633,87.80499999999999
6,7639,83.61166666666666
7,7650,90.705
