,Student ID,Final Grade
0,538,82.974
1,698,80.432
2,728,95.426
3,732,76.014
4,739,82.608
5,768,85.85400000000001
6,770,91.88
7,793,89.77199999999999
8,810,92.46000000000001
