,Student ID,Final Grade
0,7242,88.01476190476191
1,7275,85.63761904761904
2,7443,88.11238095238096
3,7449,90.65523809523809
4,7466,83.20714285714287
5,7469,81.93190476190475
6,7529,85.68095238095239
7,7533,82.94428571428571
8,7558,86.87857142857143
9,7571,86.86571428571428
10,7587,88.00666666666667
11,7589,91.53380952380951
12,7612,90.40666666666667
13,7617,83.66904761904763
