,Student ID,Final Grade
0,7263,82.66666666666666
1,7335,97.65166666666666
2,7360,91.67166666666667
3,7420,90.145
4,7572,89.16666666666667
5,7597,89.855
6,7604,84.175
