,Student ID,Final Grade
0,7242,93.71
1,7276,81.75333333333334
2,7281,74.73166666666667
3,7304,92.24666666666667
4,7323,72.66166666666668
5,7341,82.64666666666666
6,7379,84.37166666666667
7,7407,86.83999999999999
8,7459,86.14666666666666
9,7473,93.84666666666668
10,7478,86.32166666666667
11,7496,86.88499999999999
12,7500,95.325
13,7582,82.52
14,7609,88.57333333333332
15,7616,87.84333333333335
16,7621,89.14666666666666
17,7627,94.70666666666666
18,7643,86.96499999999999
