,Student ID,Final Grade
0,7258,91.926
1,7266,92.1
2,7328,88.61999999999999
3,7354,99.32199999999999
4,7367,78.88
5,7404,88.63
6,7406,96.818
7,7434,96.804
8,7471,89.628
9,7528,84.708
10,7598,81.962
11,7605,87.806
12,7612,91.814
13,7631,90.80799999999999
14,7637,88.872
15,7655,78.574
