,Student ID,Final Grade
0,7240,95.145
1,7265,95.4375
2,7317,83.475
3,7321,81.78999999999999
4,7344,91.78999999999999
5,7347,79.44500000000001
6,7362,84.455
7,7372,94.9325
8,7463,77.00999999999999
9,7470,83.37
10,7471,78.85000000000001
11,7498,79.7025
12,7518,95.4575
13,7534,83.4525
14,7544,88.60499999999999
15,7553,95.16250000000001
16,7587,76.875
17,7615,91.05
