,Student ID,Final Grade
0,7252,80.90777777777777
1,7265,78.84111111111112
2,7269,82.74111111111112
3,7332,82.62666666666667
4,7436,88.83666666666666
5,7464,91.92555555555556
6,7503,84.5611111111111
