,Student ID,Final Grade
0,7275,78.75285714285714
1,7285,81.76285714285714
2,7332,86.52285714285713
3,7339,81.21714285714286
4,7349,83.06142857142858
5,7415,85.28
6,7420,93.71142857142857
7,7424,76.80857142857143
8,7465,91.26428571428572
9,7509,80.97714285714285
10,7517,74.97
11,7547,87.4742857142857
12,7548,91.79714285714284
13,7584,87.88428571428572
14,7645,84.10142857142856
