,Student ID,Final Grade
0,7279,90.165
1,7393,84.22166666666666
2,7424,89.14833333333333
3,7455,94.75666666666666
4,7472,92.84166666666665
5,7489,80.25833333333333
6,7571,82.385
7,7632,93.19000000000001
