,Student ID,Final Grade
0,464,79.98
1,486,78.08833333333332
2,572,83.71666666666665
3,589,77.74166666666667
4,693,89.90999999999998
5,753,78.93666666666667
6,785,83.49666666666667
7,856,80.41166666666668
