,Student ID,Final Grade
0,7309,80.272
1,7310,78.896
2,7352,86.166
3,7399,78.10400000000001
4,7403,97.35
5,7452,92.008
6,7480,86.91400000000002
7,7514,90.52
8,7551,80.194
9,7578,92.21000000000001
10,7605,83.918
