,Student ID,Final Grade
0,7240,87.3442857142857
1,7295,85.11
2,7296,86.66714285714285
3,7298,89.41142857142856
4,7338,84.56714285714285
5,7419,87.61571428571429
6,7492,77.25714285714285
7,7501,85.77285714285713
8,7536,82.53999999999999
9,7569,90.55571428571429
10,7592,73.81428571428572
11,7624,82.22285714285715
12,7626,81.73714285714287
13,7643,87.87142857142858
14,7652,72.79714285714286
