,Student ID,Final Grade
0,7255,77.772
1,7267,85.72999999999999
2,7282,89.43799999999999
3,7284,89.478
4,7327,80.91000000000001
5,7349,87.128
6,7356,80.84
7,7391,89.518
8,7396,90.76
9,7437,91.768
10,7455,80.548
11,7530,79.64
12,7556,88.294
13,7564,81.656
14,7576,95.684
15,7582,69.174
16,7586,83.00399999999999
17,7590,90.204
18,7602,86.828
19,7646,89.818
