,Student ID,Final Grade
0,7243,85.816
1,7285,91.32
2,7324,86.704
3,7374,80.982
4,7395,85.22999999999999
5,7410,84.334
6,7420,89.194
7,7424,96.512
8,7433,87.272
9,7440,92.712
10,7462,75.676
11,7491,86.78
12,7492,92.922
13,7504,85.09799999999998
14,7535,90.80199999999999
15,7549,93.51199999999999
16,7583,91.134
17,7600,90.16799999999999
18,7606,92.494
19,7621,79.624
