,Student ID,Final Grade
0,494,85.57714285714285
1,498,81.4
2,507,89.12
3,529,92.02857142857142
4,587,87.58571428571429
5,650,89.89999999999999
6,659,91.00571428571429
7,664,84.05999999999999
8,687,88.75571428571428
9,724,82.77142857142857
10,745,87.52142857142857
11,750,80.08
12,830,83.97571428571429
13,836,91.53
14,842,78.00285714285714
15,874,89.15714285714286
