,Student ID,Final Grade
0,488,98.13666666666666
1,557,85.20333333333335
2,609,91.32166666666666
3,633,79.66333333333334
4,649,90.51333333333332
5,712,81.755
6,752,90.65500000000002
7,772,81.19000000000001
8,780,81.55333333333334
9,829,91.295
