,Student ID,Final Grade
0,7250,86.89666666666666
1,7266,93.72166666666668
2,7299,84.935
3,7369,85.91333333333334
4,7375,89.84166666666665
5,7386,83.535
6,7397,93.925
7,7404,88.93333333333334
8,7411,79.53333333333333
9,7426,83.2
10,7434,80.54666666666667
11,7437,86.08333333333333
12,7470,80.16666666666667
13,7472,81.04833333333333
14,7482,80.44833333333334
15,7533,87.145
16,7552,81.05499999999999
17,7626,85.09000000000002
18,7639,72.26833333333333
