,Student ID,Final Grade
0,7235,82.72999999999999
1,7495,88.68555555555555
2,7509,89.07111111111111
3,7532,92.34444444444445
4,7545,85.42
5,7551,83.77666666666667
