,Student ID,Final Grade
0,7243,91.82375
1,7267,83.48875
2,7278,87.05625
3,7279,77.39
4,7322,92.56125
5,7337,88.025
6,7358,86.8075
7,7382,74.24624999999999
8,7410,89.56375
9,7496,78.645
10,7497,88.3425
11,7498,86.07875
12,7504,86.295
13,7519,97.6375
14,7578,91.48
15,7588,80.65625
16,7590,85.58124999999998
17,7653,89.47999999999999
