,Student ID,Final Grade
0,476,88.7211111111111
1,499,83.49666666666667
2,508,82.87
3,547,87.52222222222221
4,570,83.72111111111111
5,660,82.61000000000001
6,691,83.15666666666668
7,710,95.56111111111112
8,757,87.50555555555555
9,764,79.21
10,826,96.43111111111111
11,838,78.73555555555556
12,844,87.08444444444444
13,848,87.45222222222223
14,868,84.18333333333334
