,Student ID,Final Grade
0,7263,85.5488888888889
1,7267,83.29
2,7430,91.39111111111112
3,7442,85.60999999999999
4,7450,73.73111111111113
5,7456,85.53333333333333
6,7507,85.05000000000001
7,7594,94.98
8,7596,87.60666666666667
9,7614,93.32777777777777
