,Student ID,Final Grade
0,551,94.10428571428572
1,574,76.74571428571429
2,613,83.89142857142858
3,621,77.51142857142858
4,696,95.25714285714285
5,698,74.98285714285714
6,715,76.12285714285714
7,718,88.91857142857143
8,743,86.86
9,745,88.64142857142859
10,764,80.44428571428571
11,767,86.39428571428572
12,772,93.64142857142859
13,815,78.67857142857143
14,826,74.26285714285714
15,845,80.05285714285715
16,865,86.35714285714286
17,869,83.01571428571428
18,874,88.28285714285714
