,Student ID,Final Grade
0,462,80.72625
1,489,90.22
2,497,90.64125000000001
3,509,82.99375
4,522,89.30375000000001
5,568,82.5575
6,608,85.425
7,633,78.54750000000001
8,636,93.5275
9,650,89.89625
10,712,85.55875
11,729,86.08500000000001
12,750,89.28249999999998
13,799,92.78
14,823,81.68375
15,849,89.65125
16,857,86.15124999999999
17,870,93.03
18,876,72.7425
