,Student ID,Final Grade
0,7290,95.42285714285715
1,7308,99.61142857142856
2,7337,83.75857142857141
3,7421,93.82857142857144
4,7429,87.46285714285715
5,7450,91.17142857142858
6,7524,92.01857142857143
7,7526,88.14571428571428
8,7582,85.50999999999999
9,7583,86.90285714285713
