,Student ID,Final Grade
0,7254,87.85999999999999
1,7282,83.904
2,7297,83.59
3,7316,85.3
4,7327,87.53
5,7376,89.452
6,7391,87.54400000000001
7,7416,88.684
8,7427,87.38399999999999
9,7457,79.096
10,7492,84.78
11,7513,91.688
12,7532,93.724
13,7544,92.71
14,7550,88.85400000000001
15,7564,84.976
16,7574,83.45
17,7589,94.108
18,7640,74.58399999999999
