,Student ID,Final Grade
0,458,82.062
1,460,89.084
2,462,82.618
3,482,90.426
4,488,66.558
5,509,78.358
6,554,93.08599999999998
7,562,79.61
8,576,80.11800000000001
9,639,90.694
10,647,81.90599999999999
11,752,85.68
12,755,86.434
13,768,94.7
14,797,78.452
15,824,90.592
16,836,91.236
17,864,87.20599999999999
