,Student ID,Final Grade
0,477,83.7675
1,479,93.315
2,495,83.03625
3,592,92.78
4,637,81.8175
5,663,91.65875
6,711,86.35999999999999
7,775,86.42000000000002
8,781,88.45750000000001
9,796,88.015
10,857,84.76124999999999
11,865,87.90375
