,Student ID,Final Grade
0,7247,84.34333333333333
1,7269,91.68166666666667
2,7326,95.58
3,7332,71.39
4,7338,84.67166666666667
5,7350,90.11833333333334
6,7365,68.97333333333334
7,7452,86.13833333333332
8,7459,82.295
9,7466,90.53166666666668
10,7484,88.31166666666667
11,7506,75.84666666666668
