,Student ID,Final Grade
0,7239,91.60428571428572
1,7312,85.79285714285716
2,7443,86.06285714285714
3,7459,85.2242857142857
4,7476,92.42857142857144
5,7520,92.25714285714287
6,7529,85.34714285714287
7,7570,89.74142857142856
8,7602,87.48428571428572
9,7613,78.96428571428571
10,7631,92.24000000000001
