,Student ID,Final Grade
0,502,87.9975
1,517,92.03
2,518,93.935
3,532,76.88
4,571,77.875
5,578,87.70250000000001
6,630,97.0025
7,649,77.49249999999999
8,727,87.4
9,768,85.57
