,Student ID,Final Grade
0,7321,82.22444444444444
1,7422,80.33333333333333
2,7458,83.7111111111111
3,7516,89.21666666666667
4,7589,87.23222222222222
5,7624,86.56222222222222
6,7626,77.22555555555556
