,Student ID,Final Grade
0,478,95.58666666666666
1,484,79.81166666666667
2,496,81.90500000000002
3,528,86.39333333333333
4,705,89.88333333333334
5,741,82.74666666666666
6,754,84.59166666666667
7,768,86.46833333333332
8,773,81.68166666666666
9,836,75.47833333333334
