,Student ID,Final Grade
0,464,83.19399999999999
1,540,88.17999999999999
2,640,88.508
3,669,77.22200000000001
4,748,92.386
5,749,73.656
6,796,77.53999999999999
7,833,87.306
