,Student ID,Final Grade
0,7277,92.76666666666667
1,7305,81.42666666666666
2,7337,82.16
3,7419,75.92833333333334
4,7449,84.165
5,7546,89.38333333333333
