,Student ID,Final Grade
0,496,84.17125
1,512,87.56
2,516,82.38499999999999
3,542,84.94874999999999
4,543,82.92875
5,562,90.30000000000001
6,571,84.46374999999999
7,616,84.6125
8,636,86.7225
9,702,80.45
10,711,86.5575
11,724,95.73
12,734,90.5225
13,757,83.7175
