,Student ID,Final Grade
0,519,89.65875
1,524,84.44
2,536,84.0875
3,615,88.43
4,618,84.63125
5,625,88.73750000000001
6,633,77.08749999999999
7,639,92.135
8,646,85.34874999999998
9,650,91.45875
10,668,75.0425
11,671,83.655
12,721,86.96000000000001
13,772,96.00125
