,Student ID,Final Grade
0,500,64.9
1,504,81.815
2,510,87.57249999999999
3,531,84.0575
4,543,85.61500000000001
5,564,68.79249999999999
6,574,93.56
7,610,83.08
8,612,85.515
9,631,76.2425
10,667,74.1175
11,732,82.97999999999999
12,827,87.98
13,860,81.68249999999999
