,Student ID,Final Grade
0,7249,84.51166666666667
1,7295,82.05
2,7300,88.31666666666666
3,7325,88.41833333333334
4,7333,94.69333333333333
5,7334,94.38
6,7357,89.11166666666666
7,7363,88.80166666666666
8,7365,90.02833333333335
9,7393,82.22666666666667
10,7394,92.83666666666666
11,7402,80.08166666666666
12,7433,83.42666666666666
13,7444,82.38000000000001
14,7476,81.14333333333333
15,7481,94.33666666666666
16,7550,74.00500000000001
17,7631,78.19
18,7655,86.105
