,Student ID,Final Grade
0,7270,84.88666666666667
1,7278,88.92333333333333
2,7283,94.82333333333332
3,7304,87.70833333333333
4,7320,81.78166666666665
5,7375,87.77166666666666
6,7406,81.26
7,7415,83.78166666666668
8,7423,89.005
9,7437,91.30166666666668
10,7463,94.59666666666665
11,7477,78.80666666666666
12,7483,88.35500000000002
13,7512,87.26333333333332
14,7531,85.695
15,7588,91.52833333333335
16,7596,94.46499999999999
17,7618,88.38
18,7637,82.11666666666666
