,Student ID,Final Grade
0,7247,88.405
1,7274,86.02125
2,7278,83.25875
3,7286,80.4325
4,7288,72.66
5,7322,91.9975
6,7387,86.13125
7,7408,92.8075
8,7409,83.26375
9,7416,88.825
10,7493,82.14875
11,7500,87.30875
12,7552,81.6
13,7559,94.895
14,7584,87.8625
15,7646,83.575
