,Student ID,Final Grade
0,495,84.4625
1,547,78.45374999999999
2,606,86.26875
3,620,86.57
4,697,89.25750000000001
5,706,79.18625
6,713,77.87625
7,775,81.7975
8,806,84.76125
9,835,93.74875
