,Student ID,Final Grade
0,7291,88.728
1,7319,87.7
2,7320,92.178
3,7324,79.326
4,7353,85.27000000000001
5,7369,92.4
6,7392,88.65599999999999
7,7420,83.394
8,7425,94.364
9,7446,97.526
10,7470,99.37
11,7476,86.672
12,7484,80.10799999999999
13,7487,82.672
14,7538,90.7
15,7542,89.26400000000001
16,7603,77.878
17,7608,91.506
18,7653,88.10600000000001
