,Student ID,Final Grade
0,7309,81.00142857142858
1,7311,87.21142857142857
2,7318,80.93857142857142
3,7377,82.68142857142857
4,7401,86.42857142857143
5,7414,86.00142857142859
6,7472,99.27142857142857
7,7488,88.69857142857143
8,7490,89.73571428571428
9,7532,80.88000000000001
10,7543,83.83142857142856
11,7588,87.38714285714286
12,7589,95.33
