,Student ID,Final Grade
0,7273,90.6375
1,7276,88.575
2,7296,86.1575
3,7299,84.9725
4,7311,85.93
5,7314,91.36500000000001
6,7331,99.5075
7,7357,81.31
8,7375,79.9725
9,7383,88.03750000000001
10,7510,82.46499999999999
11,7524,83.7225
12,7527,85.8025
13,7537,88.22
14,7574,89.42750000000001
