,Student ID,Final Grade
0,458,86.46499999999999
1,460,88.59166666666668
2,462,80.33333333333333
3,463,96.64666666666666
4,505,91.15166666666669
5,546,87.87833333333333
6,554,87.40666666666668
7,584,85.75833333333333
8,673,95.85833333333333
9,696,71.58833333333334
10,705,82.34166666666665
11,766,92.89999999999999
12,770,82.46
13,799,93.61166666666666
14,805,85.85333333333334
15,826,83.235
16,827,83.56166666666667
17,866,87.66333333333334
