,Student ID,Final Grade
0,468,91.68222222222222
1,481,89.90444444444445
2,536,78.63222222222221
3,561,83.29666666666668
4,615,91.71777777777778
5,625,94.73555555555555
6,694,92.43666666666667
7,731,83.27555555555556
8,746,84.89222222222222
9,825,84.06222222222222
10,847,87.53666666666666
