,Student ID,Final Grade
0,7255,89.40885714285713
1,7270,84.34114285714287
2,7403,86.00171428571429
3,7443,88.99857142857144
4,7484,86.40057142857142
5,7525,88.51057142857142
6,7549,89.31971428571431
7,7576,87.05485714285713
8,7589,90.22742857142858
