,Student ID,Final Grade
0,7307,91.6275
1,7396,81.9225
2,7403,75.0275
3,7414,85.535
4,7437,86.89750000000001
5,7479,84.58749999999999
6,7529,81.6825
7,7543,75.845
8,7550,64.64750000000001
9,7555,75.4325
