,Student ID,Final Grade
0,468,91.1225
1,483,95.58500000000001
2,507,97.32
3,524,99.0275
4,527,80.1175
5,533,88.7525
6,593,88.13499999999999
7,638,85.985
8,642,88.13499999999999
9,652,87.5825
10,662,90.395
11,704,100.0
12,708,81.5675
13,753,59.9075
14,766,87.0575
15,782,98.0375
16,789,89.6525
17,808,87.87
18,823,84.53999999999999
19,832,83.885
