,Student ID,Final Grade
0,463,84.87625
1,498,86.14
2,525,83.31
3,546,79.67
4,620,90.385
5,686,87.85000000000001
6,715,83.39374999999998
7,737,91.71249999999999
8,793,77.1475
9,803,90.84375
10,809,80.86500000000001
11,828,85.30000000000001
12,838,83.05
13,840,88.5675
14,854,93.96125
15,867,88.65374999999999
16,875,85.40124999999999
