,Student ID,Final Grade
0,7246,92.6
1,7250,89.034
2,7251,81.96199999999999
3,7304,92.598
4,7309,87.472
5,7314,85.824
6,7320,93.39200000000001
7,7351,79.772
8,7357,81.40799999999999
9,7422,87.17999999999999
10,7524,89.27000000000001
11,7530,90.2
12,7555,98.056
13,7557,91.58399999999999
14,7572,79.114
15,7575,88.09200000000001
16,7591,85.102
17,7596,86.998
18,7612,62.620000000000005
19,7650,86.842
