,Student ID,Final Grade
0,458,83.9011111111111
1,530,75.83555555555557
2,613,87.22666666666666
3,619,88.1511111111111
4,710,89.70333333333333
5,742,88.07666666666665
6,747,88.20333333333332
7,829,80.87777777777778
