,Student ID,Final Grade
0,7237,83.04666666666667
1,7242,92.56666666666666
2,7255,88.17333333333333
3,7261,85.81166666666667
4,7275,92.265
5,7293,92.83999999999999
6,7294,90.52333333333333
7,7315,81.14833333333333
8,7330,87.39166666666667
9,7474,91.22499999999998
10,7513,93.19
11,7550,82.00333333333333
