,Student ID,Final Grade
0,7283,84.75000000000001
1,7308,91.22375
2,7317,87.14875
3,7526,84.86375
4,7531,87.90375
5,7564,88.37375
6,7586,83.65875
7,7647,92.26249999999999
