,Student ID,Final Grade
0,7302,82.53666666666666
1,7316,91.71555555555555
2,7345,81.6688888888889
3,7398,93.24222222222221
4,7426,88.5988888888889
5,7427,83.28555555555555
6,7482,78.45111111111112
7,7559,84.7788888888889
