,Student ID,Final Grade
0,7322,84.505
1,7414,79.18666666666667
2,7457,82.77666666666667
3,7462,86.25
4,7471,83.14166666666667
5,7484,88.39833333333333
6,7574,72.67833333333333
7,7596,87.36333333333333
8,7602,77.32166666666666
9,7608,87.60833333333333
10,7639,86.89999999999999
