,Student ID,Final Grade
0,567,91.79714285714286
1,578,90.49142857142859
2,632,87.36428571428571
3,640,85.23
4,644,89.17999999999999
5,843,73.68571428571428
6,863,83.34857142857143
