,Student ID,Final Grade
0,7273,92.94142857142856
1,7286,85.17285714285713
2,7288,81.42857142857143
3,7338,83.26571428571428
4,7382,79.9557142857143
5,7423,91.37428571428572
6,7431,88.9442857142857
7,7513,89.38571428571429
8,7522,93.54571428571428
9,7585,85.74857142857142
10,7591,89.00142857142858
