,Student ID,Final Grade
0,524,89.58888888888889
1,621,82.98444444444445
2,673,79.61333333333332
3,745,89.38333333333334
4,821,91.27777777777777
5,828,90.71111111111112
