,Student ID,Final Grade
0,495,86.46444444444445
1,518,78.59222222222223
2,519,88.98888888888888
3,561,87.61888888888889
4,597,82.27999999999999
5,626,78.69555555555557
6,627,85.46
7,631,89.94555555555556
8,635,77.06
9,653,93.03
10,658,82.64
11,680,88.99777777777777
12,737,86.07333333333334
13,738,87.69666666666667
14,780,90.64222222222222
15,795,89.41444444444444
16,809,82.96666666666667
17,821,82.38888888888889
