,Student ID,Final Grade
0,490,84.09
1,601,82.23
2,669,93.25428571428571
3,689,91.39857142857143
4,710,86.28285714285714
5,713,83.71428571428571
6,731,83.73285714285714
7,797,89.75285714285714
8,860,88.44571428571429
