,Student ID,Final Grade
0,7290,78.66444444444444
1,7367,86.10222222222222
2,7391,89.33888888888889
3,7413,83.29777777777777
4,7419,83.77
5,7422,88.5022222222222
6,7552,79.21555555555557
7,7561,88.01222222222222
8,7628,87.02222222222223
