,Student ID,Final Grade
0,7252,86.9275
1,7266,89.50875
2,7295,80.97375000000001
3,7304,78.84875
4,7313,84.69875
5,7353,91.2125
6,7374,92.07000000000001
7,7413,83.35375
8,7501,91.73499999999999
9,7530,90.10624999999999
10,7553,83.04499999999999
11,7589,87.44625
