,Student ID,Final Grade
0,7249,95.23333333333333
1,7341,83.68166666666667
2,7389,80.89666666666666
3,7397,89.04166666666667
4,7400,81.49166666666667
5,7462,85.70333333333333
6,7497,86.40666666666665
7,7540,89.57666666666667
8,7564,86.47666666666667
9,7632,93.22000000000001
10,7635,96.88333333333333
