,Student ID,Final Grade
0,488,88.96428571428571
1,538,79.13
2,553,92.35000000000001
3,555,85.39
4,587,90.85857142857142
5,620,95.13714285714286
6,626,84.9342857142857
7,648,77.49285714285715
8,656,90.46142857142857
9,662,77.70857142857143
10,677,86.2057142857143
11,716,84.10142857142857
12,756,81.03
13,764,83.40714285714286
14,769,83.49
15,814,86.09714285714286
16,854,88.04714285714286
