,Student ID,Final Grade
0,470,82.335
1,480,83.7325
2,543,91.5575
3,558,98.08
4,658,94.715
5,705,93.3225
6,727,84.2825
7,728,83.83500000000001
8,746,95.6025
9,757,81.1625
10,782,82.33500000000001
11,835,79.13499999999999
12,837,82.8875
13,839,81.2475
14,861,69.25999999999999
