,Student ID,Final Grade
0,461,88.90125
1,471,77.77875
2,511,87.10374999999999
3,551,88.36625000000001
4,594,87.48124999999999
5,655,88.21875
6,660,79.44375000000001
7,673,92.90624999999999
8,684,89.39875
9,691,89.1075
10,793,78.65124999999999
11,841,78.32875
12,853,82.93875
13,868,92.38375
14,876,81.40375
