,Student ID,Final Grade
0,7251,88.87714285714284
1,7277,85.62428571428572
2,7439,94.0957142857143
3,7476,73.66428571428571
4,7484,81.10714285714288
5,7530,86.98428571428572
6,7571,88.86428571428571
7,7599,92.29285714285713
8,7614,83.53571428571429
9,7622,94.74000000000001
10,7638,87.40142857142858
