,Student ID,Final Grade
0,7251,78.99166666666666
1,7255,89.20166666666667
2,7288,91.12166666666667
3,7301,85.02833333333334
4,7315,70.55833333333334
5,7416,81.78999999999999
6,7435,91.44999999999999
7,7448,93.94
8,7472,89.14333333333333
9,7551,85.40666666666665
10,7552,84.98
11,7575,76.92166666666667
