,Student ID,Final Grade
0,468,88.99428571428572
1,480,88.16142857142857
2,482,89.31428571428572
3,494,94.39285714285714
4,534,90.31571428571428
5,576,90.29285714285716
6,663,72.88714285714286
7,772,85.22142857142856
8,774,90.75428571428571
9,816,88.35000000000001
10,821,78.74714285714286
