,Student ID,Final Grade
0,7246,83.57166666666667
1,7268,83.96666666666665
2,7296,83.15666666666665
3,7302,83.50666666666667
4,7306,77.63
5,7334,74.68166666666667
6,7390,85.07833333333333
7,7417,84.5
8,7441,91.86333333333334
9,7492,83.395
10,7502,84.22500000000001
11,7537,85.43833333333333
12,7543,85.70666666666666
13,7592,88.60333333333334
14,7605,76.39833333333333
15,7637,86.92333333333333
16,7654,89.74166666666667
