,Student ID,Final Grade
0,7236,88.315
1,7246,94.22333333333334
2,7272,91.30666666666667
3,7326,90.21333333333332
4,7419,89.86833333333334
5,7420,78.60166666666667
6,7475,92.46166666666666
7,7495,88.92166666666667
8,7518,84.60833333333333
9,7522,84.55
10,7547,89.09999999999998
11,7593,81.86
12,7610,90.195
