,Student ID,Final Grade
0,7252,87.08999999999999
1,7261,80.01666666666667
2,7303,92.90666666666668
3,7334,90.23833333333334
4,7351,81.48
5,7381,88.99000000000001
6,7429,85.79
7,7455,78.90833333333333
8,7484,90.21666666666665
9,7536,85.18833333333333
10,7545,82.72500000000001
11,7578,87.235
12,7622,87.78333333333332
13,7626,89.46333333333332
14,7638,81.865
15,7641,87.02833333333335
16,7648,87.55000000000001
