,Student ID,Final Grade
0,7234,89.0482608695652
1,7289,88.55913043478259
2,7386,87.3208695652174
3,7408,92.46391304347826
4,7450,81.0495652173913
5,7493,81.58347826086957
6,7566,84.95739130434784
7,7582,86.19826086956522
8,7588,79.73608695652175
9,7598,88.2421739130435
