,Student ID,Final Grade
0,479,91.82
1,506,88.59166666666665
2,525,86.23
3,533,90.21999999999998
4,568,80.91833333333334
5,601,83.41333333333334
6,612,83.56833333333334
7,636,84.74666666666666
8,641,83.06833333333334
9,642,91.19666666666666
10,694,87.99666666666667
11,715,80.88000000000001
12,765,96.13499999999999
13,774,90.43833333333333
14,831,88.46833333333335
