,Student ID,Final Grade
0,490,83.55666666666666
1,492,74.325
2,500,88.605
3,559,83.425
4,572,87.74000000000001
5,616,92.39833333333333
6,627,87.56833333333333
7,646,83.82666666666667
8,733,82.72333333333333
9,744,92.96
10,775,82.56833333333334
11,782,87.05166666666666
12,793,79.65833333333335
13,834,78.525
14,845,91.77333333333333
15,873,88.705
16,874,72.94166666666666
