,Student ID,Final Grade
0,472,85.21600000000001
1,485,94.826
2,494,88.95400000000001
3,583,89.12
4,685,89.50399999999999
5,690,95.684
6,727,93.878
7,793,74.686
