,Student ID,Final Grade
0,7234,85.33
1,7250,92.86375
2,7257,92.63624999999999
3,7283,91.325
4,7331,88.05375
5,7352,89.37375
6,7377,92.25875
7,7434,87.37
8,7475,84.77625
9,7494,86.16875
10,7518,81.93875
11,7522,83.3225
12,7536,77.13
13,7558,92.895
14,7581,82.15625
15,7584,85.05499999999999
16,7622,89.9975
17,7632,78.32000000000001
18,7639,84.22125
