,Student ID,Final Grade
0,7240,80.55125
1,7280,89.845
2,7289,85.9625
3,7296,85.64250000000001
4,7344,82.8925
5,7346,90.66125
6,7350,89.80125
7,7413,89.64999999999999
8,7447,87.58749999999999
9,7500,83.60625
10,7518,88.2325
11,7533,88.415
12,7566,79.49625
13,7615,83.04875
14,7627,87.795
15,7633,85.09875
16,7648,80.99499999999999
