,Student ID,Final Grade
0,551,84.135
1,581,93.41375000000001
2,582,93.62375
3,591,90.22125
4,594,84.26499999999999
5,604,88.38875
6,608,81.19250000000001
7,611,87.75750000000001
8,643,81.23875
9,659,80.20625000000001
10,663,79.76625
11,694,86.19375
12,731,93.04
13,734,78.9125
14,780,84.53125000000001
15,839,80.76625
16,848,82.89874999999999
