,Student ID,Final Grade
0,7317,72.2842857142857
1,7391,87.25142857142858
2,7451,92.12714285714286
3,7455,90.36
4,7498,83.00999999999999
5,7507,84.86428571428571
6,7575,92.35857142857142
7,7576,89.63571428571429
8,7584,91.27000000000001
9,7594,91.28428571428572
10,7633,81.48
