,Student ID,Final Grade
0,7288,90.476
1,7294,82.424
2,7309,72.42
3,7333,93.334
4,7354,90.53200000000001
5,7392,66.768
6,7459,72.174
7,7490,83.04
8,7543,94.304
9,7576,84.68799999999999
10,7593,94.21799999999999
