,Student ID,Final Grade
0,7239,82.32
1,7244,80.53555555555556
2,7277,94.56777777777778
3,7335,75.17333333333333
4,7339,84.61888888888888
5,7348,91.32111111111111
6,7354,95.60666666666667
7,7363,85.91111111111111
8,7417,83.01111111111112
9,7421,84.39
10,7440,88.25444444444445
11,7454,88.43
12,7467,91.08555555555554
13,7472,85.43666666666667
14,7475,86.68
15,7596,87.53888888888889
16,7609,78.41000000000001
17,7625,83.56222222222222
