,Student ID,Final Grade
0,7264,80.66083333333334
1,7268,87.49833333333333
2,7310,83.44666666666666
3,7332,89.45249999999999
4,7356,91.88333333333333
5,7390,88.37166666666667
6,7484,80.63333333333334
7,7500,87.08333333333333
8,7503,87.35666666666664
9,7520,91.13416666666666
10,7532,90.44416666666666
11,7551,85.86749999999999
12,7593,84.50583333333334
13,7602,87.69083333333333
14,7610,89.49916666666667
15,7624,84.4225
16,7636,87.90749999999998
