,Student ID,Final Grade
0,7243,85.96181818181817
1,7318,86.10272727272726
2,7319,82.8827272727273
3,7349,86.77545454545454
4,7363,84.2898484848485
5,7579,84.310303030303
6,7604,85.24696969696971
7,7631,84.19909090909093
