,Student ID,Final Grade
0,7268,74.24222222222221
1,7320,83.62444444444446
2,7336,94.86888888888888
3,7368,89.25888888888889
4,7387,88.67888888888888
5,7414,89.99555555555555
6,7446,76.66777777777776
7,7469,84.54666666666668
8,7479,85.84777777777778
9,7507,89.32555555555557
10,7593,88.06444444444445
11,7605,89.29222222222222
12,7655,89.07666666666667
