,Student ID,Final Grade
0,463,80.51375
1,474,77.13
2,491,81.7
3,527,84.9975
4,531,80.79125
5,554,79.70875
6,582,85.68625
7,613,91.11375
8,682,80.19874999999999
9,689,85.02624999999999
10,769,94.35125
11,770,85.555
12,771,80.77749999999999
13,780,84.565
14,797,85.10125
15,843,80.74625
16,848,76.73375
17,851,87.0675
18,875,81.09750000000001
