,Student ID,Final Grade
0,7355,79.42
1,7357,77.518
2,7358,81.36800000000001
3,7382,78.526
4,7411,73.786
5,7427,91.094
6,7439,78.488
7,7513,86.974
8,7529,88.914
9,7611,89.978
10,7643,89.79599999999999
11,7648,91.90400000000001
