,Student ID,Final Grade
0,7259,81.51124999999999
1,7271,90.32
2,7282,85.94
3,7303,86.46375
4,7306,82.35375
5,7318,93.815
6,7337,93.42875
7,7362,81.345
8,7406,89.3775
9,7471,87.43124999999999
10,7565,89.16125
11,7582,78.4475
12,7585,87.84125
13,7602,82.03999999999999
14,7612,80.40875
15,7616,85.77375
