,Student ID,Final Grade
0,470,89.05166666666666
1,511,73.02999999999999
2,535,91.44333333333333
3,585,85.30833333333332
4,635,89.10333333333334
5,675,86.77333333333335
6,687,79.355
7,733,79.86833333333334
8,774,75.37666666666667
9,791,87.78500000000001
10,803,86.74666666666667
11,809,87.96
12,822,84.435
13,854,83.31333333333333
14,873,87.79333333333334
