,Student ID,Final Grade
0,7270,88.30444444444444
1,7288,78.6
2,7318,75.38666666666667
3,7430,84.04
4,7435,81.50111111111111
5,7523,87.3711111111111
6,7529,69.58333333333333
7,7555,92.08999999999999
8,7564,77.12777777777778
9,7577,85.97222222222223
10,7605,79.24333333333334
11,7654,91.91555555555556
