,Student ID,Final Grade
0,7248,93.53285714285714
1,7319,96.94000000000001
2,7328,86.39714285714285
3,7349,78.97428571428573
4,7355,74.80142857142857
5,7359,83.86714285714285
6,7360,87.79142857142858
7,7408,96.47285714285714
8,7415,89.47142857142856
9,7432,82.68857142857144
10,7441,84.88857142857144
11,7445,75.36142857142856
12,7482,82.33000000000001
13,7503,82.15857142857143
14,7505,84.70285714285716
15,7517,78.73
16,7555,80.01285714285714
17,7570,82.05428571428571
18,7631,94.7957142857143
