,Student ID,Final Grade
0,486,81.25142857142858
1,516,85.79714285714286
2,527,80.78999999999999
3,631,88.00857142857141
4,767,75.52714285714285
5,816,88.83571428571429
