,Student ID,Final Grade
0,7287,82.85999999999999
1,7314,91.088
2,7359,97.99600000000001
3,7387,84.58800000000001
4,7421,87.19800000000001
5,7527,93.088
6,7568,78.082
7,7574,89.336
8,7575,84.71600000000001
