,Student ID,Final Grade
0,499,99.26
1,509,77.62
2,611,82.6425
3,612,99.92
4,626,78.0025
5,661,87.215
6,704,81.42750000000001
7,741,77.42750000000001
8,747,90.3575
9,843,92.7775
