,Student ID,Final Grade
0,476,92.75571428571428
1,522,87.09857142857142
2,568,91.61714285714285
3,571,87.61428571428573
4,578,87.45000000000002
5,620,89.33285714285715
6,640,82.39428571428572
7,658,89.60571428571428
8,695,73.22571428571429
9,730,84.97571428571429
10,752,85.58428571428571
11,775,81.31285714285715
12,820,96.47285714285715
13,871,89.88714285714286
14,878,81.65857142857143
