,Student ID,Final Grade
0,460,87.3
1,461,85.14750000000001
2,494,88.0275
3,502,93.32000000000001
4,507,80.8475
5,598,88.14750000000001
6,602,80.5075
7,630,75.2925
8,670,81.68
9,747,92.4375
10,779,97.6175
11,841,87.9925
