,Student ID,Final Grade
0,475,86.3225
1,500,80.3625
2,520,85.27125
3,547,80.505
4,607,83.26249999999999
5,633,87.81
6,634,89.83125000000001
7,647,88.0075
8,700,82.04874999999998
9,703,91.57875
10,729,87.7525
11,730,83.2075
12,763,92.33375
13,804,84.05250000000001
14,829,84.74625
15,838,86.205
16,840,82.35374999999999
17,859,88.1575
