,Student ID,Final Grade
0,7397,82.08833333333332
1,7510,88.13
2,7541,90.60000000000001
3,7609,76.00166666666668
4,7612,84.49499999999999
5,7637,78.41833333333334
