,Student ID,Final Grade
0,7239,83.62555555555555
1,7241,91.14111111111112
2,7355,76.02333333333334
3,7385,86.34666666666668
4,7394,87.89777777777778
5,7430,84.15222222222224
6,7459,91.04777777777777
7,7503,77.84777777777778
8,7522,88.74333333333334
9,7534,81.78555555555555
10,7537,88.79888888888888
11,7557,85.98555555555555
12,7566,85.4777777777778
13,7608,85.17666666666668
14,7616,90.09555555555556
15,7634,84.60111111111111
16,7652,90.50888888888889
