,Student ID,Final Grade
0,7250,71.18333333333334
1,7344,86.08833333333332
2,7363,89.41833333333334
3,7395,83.515
4,7453,85.53499999999998
5,7470,78.17333333333333
6,7521,81.88166666666666
7,7590,69.05499999999999
8,7623,74.97166666666666
