,Student ID,Final Grade
0,529,94.52166666666666
1,545,92.65500000000002
2,607,78.68833333333333
3,608,75.47
4,632,93.19666666666666
5,673,81.91166666666666
6,687,90.65000000000002
7,690,77.87500000000001
8,737,76.75
9,782,84.11333333333333
10,791,94.88333333333333
11,872,81.0
