,Student ID,Final Grade
0,7242,94.17428571428572
1,7261,78.83285714285715
2,7275,88.86142857142856
3,7328,80.60142857142857
4,7338,83.88428571428571
5,7381,88.54285714285713
6,7399,89.09857142857143
7,7400,95.17
8,7448,85.52428571428571
9,7529,89.02285714285715
10,7574,96.25571428571428
11,7577,76.47285714285714
12,7600,84.91857142857143
