,Student ID,Final Grade
0,7279,83.53500000000001
1,7333,77.92166666666668
2,7424,93.66666666666667
3,7529,83.93666666666665
4,7567,90.23666666666668
5,7591,94.22500000000001
6,7642,90.02666666666666
