,Student ID,Final Grade
0,7247,73.8575
1,7262,86.695
2,7283,80.64999999999999
3,7287,79.9875
4,7288,93.0675
5,7341,92.44749999999999
6,7391,88.535
7,7400,83.2175
8,7498,86.0625
9,7507,85.845
10,7514,73.9525
11,7517,83.1
12,7524,84.07
13,7545,81.6175
14,7570,93.6075
15,7578,86.58250000000001
16,7590,85.09750000000001
17,7613,68.27250000000001
18,7627,93.905
19,7632,88.26249999999999
