,Student ID,Final Grade
0,7238,83.6575
1,7290,93.935
2,7309,86.4025
3,7340,89.21625
4,7353,97.5375
5,7382,88.17625
6,7387,89.77374999999999
7,7396,80.16000000000001
8,7406,87.07624999999999
9,7454,86.225
10,7529,94.93625
11,7558,90.37625000000001
12,7594,82.77625
13,7597,93.585
14,7626,74.44624999999999
