,Student ID,Final Grade
0,675,86.36
1,700,74.27833333333334
2,730,94.67833333333333
3,739,89.41166666666668
4,756,91.605
5,794,85.98833333333333
6,870,82.88333333333333
