,Student ID,Final Grade
0,525,81.21375
1,536,87.45374999999999
2,545,86.49875
3,578,78.165
4,585,85.68625
5,697,85.99375
6,741,76.95625000000001
7,759,85.63374999999999
8,855,83.4425
