,Student ID,Final Grade
0,7251,88.98375
1,7286,85.99125000000001
2,7317,84.41125000000001
3,7325,86.63250000000001
4,7387,88.15625
5,7421,81.0975
6,7440,88.78
7,7453,83.51625
8,7458,86.3275
9,7481,85.445
10,7564,87.13375
11,7580,93.28625
12,7583,97.67875
13,7618,90.64
14,7622,84.9725
15,7646,87.74875
