,Student ID,Final Grade
0,7236,80.90857142857143
1,7255,80.06714285714285
2,7289,89.18714285714286
3,7291,83.10000000000001
4,7313,89.80999999999999
5,7334,83.20714285714284
6,7372,91.49000000000001
7,7378,94.5557142857143
8,7405,90.20857142857143
9,7446,86.50428571428571
10,7513,92.77857142857144
11,7519,93.88714285714286
12,7574,83.9342857142857
13,7635,87.40142857142857
