,Student ID,Final Grade
0,7261,92.66499999999999
1,7262,84.09
2,7283,100.0
3,7299,97.285
4,7313,94.75
5,7314,90.545
6,7342,81.1
7,7381,52.24
8,7411,62.67
9,7417,100.0
10,7443,100.0
11,7453,88.25
12,7477,75.25999999999999
13,7501,84.485
14,7557,100.0
15,7558,92.79499999999999
16,7632,87.91
17,7636,100.0
