,Student ID,Final Grade
0,479,83.27000000000001
1,491,79.05428571428571
2,559,89.88714285714285
3,561,86.56428571428572
4,620,82.16857142857143
5,657,80.99857142857142
6,672,80.9557142857143
7,690,90.89285714285714
8,703,86.29285714285716
9,718,89.88857142857141
10,770,94.63714285714286
