,Student ID,Final Grade
0,457,78.52166666666668
1,496,83.41666666666667
2,545,73.77833333333332
3,640,96.59166666666668
4,764,79.15333333333334
5,862,74.22333333333334
