,Student ID,Final Grade
0,484,83.03666666666668
1,490,92.25
2,493,91.41833333333334
3,555,88.48666666666668
4,574,87.95
5,603,87.20166666666667
6,609,89.49833333333333
7,634,95.31
8,647,82.60166666666667
9,648,86.19666666666667
10,671,81.80499999999999
11,748,97.89166666666665
12,791,85.23833333333333
