,Student ID,Final Grade
0,7266,80.22666666666667
1,7290,86.34666666666666
2,7335,81.26444444444445
3,7374,85.31333333333333
4,7401,88.13777777777779
5,7448,82.13666666666667
6,7452,82.27555555555556
7,7476,82.59888888888888
8,7514,81.02222222222223
9,7548,78.91111111111111
10,7556,83.88444444444444
11,7568,87.35111111111111
12,7628,88.03555555555555
