,Student ID,Final Grade
0,7255,81.91000000000001
1,7264,79.64166666666667
2,7297,88.52166666666666
3,7348,97.83
4,7354,93.51666666666667
5,7358,71.97500000000001
6,7375,86.09666666666668
7,7417,83.78500000000001
8,7419,85.13166666666666
9,7442,79.3
10,7468,85.85000000000001
11,7501,94.10666666666667
12,7514,77.44500000000001
13,7527,91.00166666666667
14,7535,82.80833333333334
15,7568,87.42666666666668
16,7625,96.57166666666666
17,7633,96.69666666666666
18,7642,88.51499999999999
