,Student ID,Final Grade
0,465,94.39750000000001
1,498,75.9975
2,541,89.6225
3,575,83.59
4,589,84.68249999999999
5,763,93.35
6,790,100.0
7,792,73.6575
8,796,88.675
9,800,97.1825
