,Student ID,Final Grade
0,7251,80.02625
1,7281,98.0675
2,7286,86.44624999999999
3,7346,93.84875000000001
4,7359,95.98750000000001
5,7429,88.86000000000001
6,7438,76.61625
7,7467,87.76874999999998
8,7491,81.3075
9,7515,76.81625
10,7516,87.7025
11,7551,86.31375
12,7559,94.40875
13,7561,86.64874999999999
14,7568,83.62375
15,7611,86.97500000000001
16,7620,82.75375
17,7655,83.34374999999999
