,Student ID,Final Grade
0,468,85.63444444444445
1,564,86.12666666666667
2,566,92.08555555555556
3,584,92.37
4,631,81.96222222222224
5,643,87.47666666666666
6,671,93.47888888888889
7,676,86.24444444444445
8,716,90.07555555555555
9,736,86.23555555555555
10,749,95.44222222222223
11,767,82.17444444444443
12,804,77.22888888888889
13,843,90.8288888888889
14,875,87.76777777777778
