,Student ID,Final Grade
0,7241,73.39571428571428
1,7248,59.99142857142858
2,7352,80.50428571428571
3,7367,91.84428571428569
4,7433,88.63857142857144
5,7556,87.34285714285716
6,7580,62.59857142857144
7,7596,89.49428571428572
8,7606,76.40571428571427
9,7650,88.94428571428573
