,Student ID,Final Grade
0,7307,90.22
1,7326,87.13000000000001
2,7332,88.055
3,7345,90.625
4,7383,81.7375
5,7404,77.34
6,7515,92.25500000000001
7,7550,98.6675
8,7565,76.77000000000001
9,7623,95.50750000000001
10,7638,81.3825
11,7641,86.495
