,Student ID,Final Grade
0,7261,87.625
1,7262,86.93875
2,7287,88.31875
3,7295,78.5225
4,7298,82.5575
5,7301,89.67250000000001
6,7310,86.98875
7,7337,92.1775
8,7412,89.74249999999998
9,7467,84.38374999999999
10,7471,87.8075
11,7498,88.49875
12,7507,95.1925
13,7545,91.9625
14,7547,80.39625000000001
15,7555,87.18125
16,7565,75.355
17,7586,93.01
18,7592,81.24125
