,Student ID,Final Grade
0,519,86.52444444444444
1,538,84.93666666666667
2,570,79.26555555555554
3,577,86.15111111111112
4,580,82.79888888888888
5,587,86.74111111111112
6,634,80.0411111111111
7,639,87.55
8,666,82.64444444444445
9,667,82.59333333333335
10,752,86.76222222222222
11,763,84.58333333333333
12,778,80.21666666666667
13,791,89.74444444444445
14,816,75.3888888888889
15,823,88.1711111111111
16,833,82.52222222222223
17,842,80.51333333333332
