,Student ID,Final Grade
0,7250,85.35833333333333
1,7280,91.11833333333333
2,7301,96.72499999999998
3,7306,80.82166666666667
4,7351,78.13166666666666
5,7376,73.98500000000001
6,7404,85.89
7,7411,88.78833333333334
8,7417,77.29666666666667
9,7428,82.73833333333334
10,7430,88.74166666666667
11,7466,85.61500000000001
12,7521,76.38666666666667
13,7533,88.55166666666666
14,7585,87.94500000000001
15,7600,92.60333333333334
