,Student ID,Final Grade
0,7281,84.56400000000001
1,7436,89.898
2,7474,74.792
3,7513,72.61
4,7552,76.038
5,7570,85.58800000000001
6,7592,88.28
