,Student ID,Final Grade
0,468,82.28
1,495,92.89166666666667
2,626,75.99333333333334
3,686,81.75333333333333
4,690,84.375
5,709,84.30333333333333
6,788,93.38666666666667
