,Student ID,Final Grade
0,7347,89.91428571428571
1,7369,77.3
2,7372,84.27857142857142
3,7437,67.11714285714285
4,7470,91.64428571428572
5,7501,82.68285714285715
6,7560,86.98142857142857
7,7566,90.97142857142856
8,7614,83.81142857142858
