,Student ID,Final Grade
0,7266,87.598
1,7356,88.878
2,7440,90.40599999999999
3,7459,86.56
4,7479,86.73599999999999
5,7581,73.672
6,7588,87.42800000000001
7,7613,94.75
