,Student ID,Final Grade
0,7247,78.155
1,7275,74.97
2,7279,83.08999999999999
3,7290,83.62666666666667
4,7297,74.485
5,7304,95.28833333333334
6,7343,97.44500000000001
7,7344,87.06833333333333
8,7376,93.29666666666667
9,7377,84.62500000000001
10,7397,78.38666666666667
11,7410,90.39666666666666
12,7426,84.31666666666666
13,7484,90.82333333333334
14,7494,87.87333333333333
15,7500,88.61166666666666
16,7550,90.93666666666667
17,7620,87.77666666666669
