,Student ID,Final Grade
0,461,84.42142857142858
1,513,98.7057142857143
2,521,90.44000000000001
3,526,90.50571428571428
4,541,83.44142857142856
5,556,84.20714285714284
6,578,91.53857142857143
7,625,94.16857142857143
8,633,90.04714285714286
9,647,96.01714285714286
10,661,89.42857142857143
11,711,89.52285714285715
12,720,89.91714285714285
13,733,89.92428571428572
14,742,78.6857142857143
15,815,79.19571428571429
16,834,88.29571428571428
17,847,89.74428571428571
18,853,95.12142857142858
