,Student ID,Final Grade
0,7236,89.12125
1,7287,87.64
2,7307,87.70625
3,7383,83.18125
4,7403,88.94624999999999
5,7445,87.1175
6,7461,92.48499999999999
7,7491,92.9925
8,7504,91.42125
9,7548,85.8275
10,7588,72.05
11,7641,91.02125000000001
