,Student ID,Final Grade
0,468,87.975
1,476,89.09875000000001
2,491,91.94999999999999
3,543,91.71000000000001
4,556,84.12125
5,578,95.7525
6,593,86.95374999999999
7,599,80.1225
8,639,84.94624999999999
9,645,83.41375000000001
10,694,87.23875
11,728,76.70624999999998
12,770,95.98000000000002
13,866,89.16875
14,873,89.67375000000001
