,Student ID,Final Grade
0,7296,82.41555555555556
1,7305,85.45777777777778
2,7314,89.07333333333332
3,7337,89.13111111111112
4,7341,79.38666666666668
5,7375,87.39333333333333
6,7416,84.13666666666666
7,7435,89.79
8,7437,92.49222222222222
9,7439,85.26222222222222
10,7471,76.43555555555557
11,7476,87.2
12,7526,82.65111111111112
13,7534,73.78888888888889
14,7586,84.40333333333335
15,7609,86.55888888888889
16,7627,76.8111111111111
17,7652,82.6222222222222
