,Student ID,Final Grade
0,7286,96.01400000000001
1,7416,80.11999999999999
2,7510,88.626
3,7539,79.364
4,7605,83.95
5,7612,88.706
6,7641,85.262
