,Student ID,Final Grade
0,7282,79.72833333333334
1,7295,86.55333333333333
2,7298,84.91833333333332
3,7359,86.90166666666666
4,7415,91.22166666666665
5,7439,91.40333333333335
6,7469,86.11500000000001
7,7487,83.98166666666667
8,7531,88.44166666666668
9,7562,74.43833333333333
10,7574,79.85333333333334
11,7596,87.31
12,7610,92.85666666666667
13,7617,75.605
14,7647,73.22666666666667
