,Student ID,Final Grade
0,460,89.30250000000001
1,465,87.00625000000001
2,468,87.45875
3,478,90.48625
4,501,88.5925
5,505,81.33
6,533,94.9125
7,551,79.05875
8,571,86.56125
9,577,91.91000000000001
10,598,83.44500000000001
11,703,86.60125
12,704,83.44124999999998
13,738,89.9775
14,757,85.55624999999999
15,767,84.11875
16,813,85.7425
17,838,91.13375
18,880,85.23125000000002
