,Student ID,Final Grade
0,7367,89.55777777777777
1,7491,87.97555555555556
2,7606,84.75333333333333
3,7617,89.56555555555556
4,7619,88.77000000000001
5,7657,86.35444444444444
