,Student ID,Final Grade
0,7250,91.64833333333331
1,7254,85.71666666666665
2,7275,88.51833333333332
3,7309,78.55166666666666
4,7321,86.32666666666667
5,7381,87.78000000000002
6,7395,81.51833333333335
7,7424,91.0
8,7501,81.545
9,7526,80.35333333333334
10,7528,88.835
11,7530,88.83166666666666
12,7553,98.10833333333333
13,7555,76.75
14,7568,75.01833333333333
15,7577,96.51666666666667
16,7625,83.1
17,7649,80.37333333333333
