,Student ID,Final Grade
0,7245,86.67
1,7248,75.405
2,7256,84.94999999999999
3,7261,88.2775
4,7264,90.41250000000001
5,7336,77.74
6,7373,92.57249999999999
7,7391,81.72999999999999
8,7427,89.2825
9,7436,74.9675
10,7500,87.9975
11,7535,91.805
12,7636,74.89750000000001
13,7637,89.5775
14,7643,85.935
15,7652,70.16
