,Student ID,Final Grade
0,7280,84.372
1,7330,85.614
2,7411,81.378
3,7434,86.464
4,7459,84.13
5,7500,72.614
6,7589,86.884
7,7605,94.03599999999999
8,7653,89.36600000000001
