,Student ID,Final Grade
0,7241,92.02375
1,7287,86.485
2,7350,88.42000000000002
3,7386,84.27875
4,7397,81.32375
5,7410,88.62374999999999
6,7440,80.1725
7,7442,81.4525
8,7473,84.91625
9,7476,87.95875
10,7489,87.6225
11,7494,89.4625
12,7514,84.94375000000001
13,7533,83.04124999999999
14,7567,76.98750000000001
15,7600,81.98
16,7613,87.27250000000001
17,7614,85.9025
18,7642,90.12875
19,7644,90.91375
