,Student ID,Final Grade
0,7315,90.53
1,7358,81.30125
2,7361,84.5425
3,7362,93.20375
4,7390,93.87125
5,7394,81.20500000000001
6,7423,90.7075
7,7452,83.82374999999999
8,7458,86.61375
9,7484,82.7375
10,7609,86.59124999999999
11,7643,90.09375
12,7649,86.88750000000002
