,Student ID,Final Grade
0,476,95.48833333333333
1,486,88.51666666666667
2,492,88.235
3,506,80.01166666666666
4,557,82.965
5,597,86.46166666666666
6,624,91.81666666666666
7,660,88.51166666666667
8,693,81.25
9,697,81.65166666666666
10,769,75.73333333333333
11,778,95.76333333333334
12,856,88.67833333333333
13,868,90.65666666666668
14,874,81.61833333333334
