,Student ID,Final Grade
0,469,82.31222222222222
1,472,89.63222222222223
2,501,88.32555555555555
3,605,90.26333333333335
4,726,82.29777777777777
5,737,82.78333333333333
6,750,84.29333333333335
7,762,88.8288888888889
8,768,83.06777777777778
9,775,86.95222222222222
10,836,81.23444444444443
