,Student ID,Final Grade
0,464,83.64999999999999
1,546,78.88125000000001
2,589,76.855
3,667,87.84375
4,668,94.37625
5,687,90.4175
6,694,92.33375000000001
7,708,89.40375
8,764,88.0475
9,766,86.39625
10,874,95.37125
11,875,88.77875
