,Student ID,Final Grade
0,477,89.41222222222223
1,483,83.16888888888889
2,489,85.0211111111111
3,592,86.8411111111111
4,677,92.66777777777777
5,713,84.61222222222221
6,741,82.78999999999999
7,745,81.22222222222223
8,769,85.5988888888889
9,809,80.15666666666667
10,858,83.66777777777777
11,880,79.10222222222222
