,Student ID,Final Grade
0,459,90.14
1,460,84.1542857142857
2,465,80.42999999999999
3,473,82.84285714285714
4,474,92.3157142857143
5,514,90.2242857142857
6,585,85.85
7,605,84.36857142857141
8,685,84.83714285714284
9,714,90.15
10,720,76.02142857142857
11,739,94.86285714285714
12,761,79.07714285714285
13,803,84.0942857142857
14,829,81.00285714285714
15,832,90.67142857142858
16,851,80.15142857142857
17,878,78.95857142857143
