,Student ID,Final Grade
0,486,92.11222222222221
1,496,92.12333333333333
2,499,87.40555555555555
3,505,87.42888888888889
4,588,87.61999999999999
5,619,88.41888888888889
6,667,70.28444444444445
7,690,79.02444444444444
8,722,81.3711111111111
9,736,89.72444444444444
10,786,83.13888888888889
11,789,81.59333333333333
12,850,86.06777777777778
