,Student ID,Final Grade
0,7311,94.16499999999999
1,7367,84.5875
2,7384,80.87
3,7385,87.70500000000001
4,7400,83.1825
5,7411,95.0575
6,7441,87.3175
7,7477,81.055
8,7548,93.52000000000001
9,7568,73.83250000000001
