,Student ID,Final Grade
0,467,93.295
1,476,79.82
2,513,74.07166666666666
3,523,88.05333333333333
4,533,92.53833333333334
5,569,88.92666666666666
6,610,75.11666666666666
7,633,92.33666666666666
8,634,76.46666666666665
9,695,95.16833333333334
10,731,84.63
11,736,92.22333333333334
12,749,80.46499999999999
13,770,85.07333333333334
14,781,92.17
15,798,96.32833333333333
16,819,88.15666666666668
17,847,91.15833333333335
