,Student ID,Final Grade
0,612,85.35999999999999
1,684,85.674
2,711,91.53
3,743,75.898
4,764,74.30199999999999
5,776,83.21
6,841,89.286
7,877,81.974
