,Student ID,Final Grade
0,7287,88.69111111111111
1,7302,80.18
2,7305,85.38666666666667
3,7310,85.77111111111113
4,7347,91.22222222222223
5,7366,85.82222222222222
6,7392,78.96111111111111
7,7398,90.58777777777777
8,7413,92.00555555555555
9,7472,91.82222222222224
10,7520,90.10333333333332
11,7548,81.51444444444445
12,7563,93.01444444444445
13,7626,93.90444444444444
