,Student ID,Final Grade
0,7299,84.77333333333333
1,7397,85.10333333333334
2,7402,80.75333333333333
3,7441,88.235
4,7516,88.18333333333334
5,7521,87.675
6,7561,89.10000000000001
7,7636,83.585
