,Student ID,Final Grade
0,495,88.4
1,505,90.16285714285713
2,509,80.22285714285715
3,512,89.89428571428572
4,536,91.88142857142857
5,564,91.98857142857142
6,580,81.8442857142857
7,656,95.64714285714285
8,665,94.80428571428573
9,699,83.21000000000001
10,706,98.69857142857143
11,750,85.39285714285714
12,771,88.98714285714286
