,Student ID,Final Grade
0,7238,91.08874999999999
1,7262,85.61125
2,7290,84.61
3,7407,94.35999999999999
4,7506,81.46624999999999
5,7540,79.4025
6,7583,93.05874999999999
7,7623,86.1675
8,7634,90.49125000000001
9,7652,77.78
