,Student ID,Final Grade
0,482,88.4725
1,492,98.55000000000001
2,559,77.98249999999999
3,677,96.8325
4,680,84.2575
5,684,84.4525
6,716,95.5875
7,743,74.465
8,748,88.24249999999999
9,795,92.8375
10,816,79.70749999999998
11,853,68.9175
12,864,89.6125
