,Student ID,Final Grade
0,7248,85.52250000000001
1,7251,91.0475
2,7257,73.58625
3,7314,83.56625
4,7317,87.7425
5,7328,91.82375
6,7346,90.7575
7,7354,89.18625
8,7395,84.88999999999999
9,7466,88.77125
10,7468,85.20375
11,7470,83.88
12,7528,72.33125
13,7533,83.82499999999999
14,7549,88.095
15,7574,90.15374999999999
16,7586,70.24375
17,7610,74.65875
18,7618,91.88499999999999
19,7653,93.07125
