,Student ID,Final Grade
0,7261,87.57666666666665
1,7279,67.64666666666666
2,7291,76.145
3,7416,99.79666666666667
4,7458,90.14666666666666
5,7463,91.60166666666667
6,7526,86.02166666666666
7,7642,80.62333333333333
