,Student ID,Final Grade
0,7236,90.25625
1,7237,79.57750000000001
2,7267,80.3725
3,7324,78.33999999999999
4,7352,87.69375
5,7376,73.02374999999999
6,7391,90.97125
7,7488,89.1925
8,7572,79.53999999999999
9,7595,90.9625
10,7641,85.60125
