,Student ID,Final Grade
0,7337,85.32666666666667
1,7350,85.71
2,7354,80.22500000000001
3,7364,80.31666666666666
4,7440,88.74666666666667
5,7518,79.25999999999999
6,7548,81.33666666666666
7,7575,86.87833333333333
8,7597,88.39833333333333
9,7623,92.995
