,Student ID,Final Grade
0,462,80.10333333333334
1,520,85.745
2,528,80.64666666666666
3,580,87.94833333333334
4,632,88.14166666666667
5,640,86.15166666666666
6,706,84.93666666666667
7,714,86.89333333333333
8,767,82.84833333333334
9,771,83.55666666666667
10,784,83.20166666666667
11,825,91.13166666666666
