,Student ID,Final Grade
0,7291,91.692
1,7312,91.05
2,7365,87.674
3,7406,89.42999999999999
4,7426,85.63
5,7512,94.56800000000001
6,7524,79.642
