,Student ID,Final Grade
0,7255,88.80875
1,7277,75.37375
2,7300,76.72999999999999
3,7388,84.17375
4,7412,84.85749999999999
5,7450,90.90125
6,7496,89.36625000000001
7,7507,94.15625
8,7520,83.03375
9,7547,85.39999999999999
10,7550,90.00125
11,7588,79.26750000000001
12,7604,81.0975
13,7606,86.08
14,7654,90.3725
