,Student ID,Final Grade
0,460,82.69666666666667
1,462,86.97222222222221
2,477,90.89111111111112
3,482,88.63111111111111
4,489,89.20444444444445
5,494,74.40333333333332
6,509,80.05333333333334
7,566,86.65222222222222
8,647,87.03444444444443
9,692,82.92555555555558
10,701,83.07777777777778
11,709,86.66888888888889
12,715,89.76555555555557
13,738,88.07
14,787,77.36555555555555
15,813,70.0411111111111
16,815,84.2911111111111
17,842,76.55444444444443
18,865,81.85222222222222
