,Student ID,Final Grade
0,466,85.35666666666667
1,474,80.39666666666666
2,581,79.37666666666667
3,619,86.90833333333335
4,682,95.2
5,686,89.51666666666667
6,715,100.0
7,720,75.91666666666667
8,742,88.92999999999999
9,752,85.08833333333334
10,759,85.105
11,823,91.34166666666665
12,861,91.36500000000001
13,880,85.58
