,Student ID,Final Grade
0,7263,82.15857142857143
1,7273,76.42
2,7333,77.81714285714285
3,7391,88.16714285714285
4,7415,88.69714285714285
5,7417,76.31857142857143
6,7435,88.57714285714285
7,7436,91.27285714285715
8,7516,82.79714285714284
9,7592,90.2242857142857
10,7598,89.18285714285715
11,7599,91.69285714285715
12,7606,82.58285714285715
