,Student ID,Final Grade
0,7253,79.58888888888889
1,7309,92.6888888888889
2,7357,87.99888888888889
3,7470,84.22666666666666
4,7529,79.24222222222221
5,7570,86.61444444444444
6,7572,94.59444444444445
