,Student ID,Final Grade
0,467,92.38428571428572
1,555,85.04285714285713
2,644,89.43857142857142
3,649,92.20857142857143
4,674,96.04999999999998
5,683,85.19857142857144
6,767,84.94714285714285
7,774,82.76285714285714
8,807,82.95428571428572
