,Student ID,Final Grade
0,7258,94.4
1,7280,78.7875
2,7327,85.7575
3,7432,92.52250000000001
4,7542,81.7975
5,7570,94.9375
6,7609,84.11500000000001
7,7610,96.9075
8,7619,93.23250000000002
9,7627,77.495
10,7654,86.8475
