,Student ID,Final Grade
0,596,91.22
1,730,94.79142857142857
2,761,88.28571428571429
3,858,91.26857142857143
4,859,95.39571428571428
5,863,84.87857142857145
