,Student ID,Final Grade
0,7236,89.86600000000001
1,7280,85.14
2,7328,89.78
3,7362,81.07199999999999
4,7407,79.354
5,7413,86.138
6,7414,87.554
7,7458,83.152
8,7477,91.78399999999999
9,7498,91.506
10,7537,67.694
11,7571,86.452
12,7622,83.346
13,7627,85.78
14,7635,94.858
15,7645,90.82399999999998
16,7648,89.60999999999999
