,Student ID,Final Grade
0,488,89.03625
1,503,84.51125
2,510,82.2675
3,553,92.80125
4,557,77.88875
5,559,94.49875
6,578,90.02875
7,595,93.59625
8,637,89.06875
9,656,83.0875
10,705,80.35875
11,710,79.535
12,716,85.0975
13,743,86.80875
14,839,88.86625
