,Student ID,Final Grade
0,7338,90.37
1,7339,93.085
2,7364,92.565
3,7414,82.74249999999999
4,7523,81.09
5,7580,95.10249999999999
6,7582,87.41499999999999
7,7584,96.55499999999999
8,7594,93.4825
