,Student ID,Final Grade
0,471,77.6211111111111
1,490,87.65777777777777
2,551,85.73666666666666
3,572,87.09333333333333
4,585,82.01555555555557
5,641,81.32999999999998
6,642,91.12666666666667
7,652,84.85111111111111
8,656,81.61
9,668,77.05222222222223
10,692,83.30444444444444
11,722,84.17555555555556
12,778,81.29222222222221
13,784,88.97111111111111
14,785,79.04444444444444
15,811,85.6411111111111
16,845,82.99777777777778
17,857,90.01888888888888
18,865,86.52666666666667
