,Student ID,Final Grade
0,7239,89.09333333333332
1,7248,92.19666666666667
2,7249,87.95333333333333
3,7271,89.555
4,7291,87.94166666666666
5,7405,67.25666666666667
6,7421,77.01666666666667
7,7455,84.44166666666666
8,7458,82.34833333333334
9,7459,95.99666666666667
10,7482,86.51499999999999
11,7514,96.21666666666668
12,7522,86.94333333333333
13,7581,85.98666666666668
14,7591,83.46333333333334
15,7634,86.09833333333331
16,7640,87.50666666666666
