,Student ID,Final Grade
0,7275,85.7011111111111
1,7306,82.39999999999999
2,7385,81.89666666666668
3,7394,80.27888888888889
4,7396,92.41555555555556
5,7406,77.53
6,7409,81.89888888888889
7,7463,94.34333333333332
8,7526,84.83777777777777
9,7538,83.70888888888891
10,7599,81.63888888888889
11,7602,88.56666666666666
12,7614,88.33333333333333
