,Student ID,Final Grade
0,462,83.066
1,466,84.232
2,494,92.858
3,578,90.054
4,585,92.44200000000001
5,593,87.50999999999999
6,635,92.74199999999999
7,638,86.78
8,758,90.09
9,765,84.424
10,790,83.626
11,791,83.84200000000001
12,797,84.64399999999999
13,803,72.46199999999999
14,866,95.244
