,Student ID,Final Grade
0,7287,84.19624999999999
1,7377,84.93499999999999
2,7384,85.07499999999999
3,7480,83.74625
4,7486,88.505
5,7557,74.3025
6,7581,82.23625
7,7586,87.8475
8,7597,84.01625
