,Student ID,Final Grade
0,7271,84.09833333333333
1,7318,88.98291666666667
2,7343,89.0025
3,7415,86.57791666666667
4,7456,85.51791666666668
5,7492,92.23375
6,7537,88.81666666666666
7,7551,83.91000000000001
8,7575,83.78291666666665
9,7596,86.44041666666668
10,7611,86.70916666666669
11,7621,85.8575
12,7653,82.48875
13,7654,84.76375
