,Student ID,Final Grade
0,7243,91.81
1,7290,89.4811111111111
2,7294,80.56333333333333
3,7301,79.35666666666667
4,7396,86.13888888888889
5,7515,85.21555555555555
6,7630,81.85222222222222
