,Student ID,Final Grade
0,7257,79.37199999999999
1,7307,90.922
2,7325,74.988
3,7329,94.082
4,7351,93.40799999999999
5,7390,75.74600000000001
6,7475,80.68199999999999
7,7553,85.392
8,7590,85.108
9,7594,95.364
10,7598,83.32000000000001
11,7623,89.422
