,Student ID,Final Grade
0,722,97.85833333333333
1,742,86.91000000000001
2,763,95.58666666666666
3,818,82.08333333333334
4,838,87.76999999999998
5,859,67.06
