,Student ID,Final Grade
0,463,91.50857142857144
1,496,90.34571428571428
2,558,93.12714285714286
3,570,84.84857142857143
4,587,95.2542857142857
5,602,96.83857142857143
6,605,75.81285714285715
7,635,83.41
8,669,92.06142857142858
9,673,92.95285714285714
10,676,76.44142857142857
11,697,87.46428571428571
12,738,81.23285714285714
13,757,93.8
14,765,91.41714285714286
15,770,87.72285714285714
16,782,82.05571428571429
17,816,87.95000000000002
18,843,77.81714285714285
