,Student ID,Final Grade
0,7300,86.04125
1,7308,96.31875000000001
2,7347,86.51625
3,7404,88.0025
4,7430,88.45
5,7477,89.65375
6,7559,88.63374999999999
7,7641,86.44375
8,7652,88.88749999999999
