,Student ID,Final Grade
0,7255,77.64599999999999
1,7362,92.76599999999999
2,7384,88.236
3,7436,89.914
4,7458,89.85999999999999
5,7508,91.066
6,7567,87.66199999999999
7,7593,89.71799999999999
8,7655,78.082
