,Student ID,Final Grade
0,7313,91.195
1,7445,83.87875
2,7469,83.10125000000001
3,7477,79.9375
4,7484,89.22375
5,7532,82.08
6,7568,78.085
7,7605,79.57625000000002
8,7630,76.44125
9,7655,93.04749999999999
