,Student ID,Final Grade
0,7269,90.35799999999999
1,7283,97.594
2,7315,89.452
3,7317,100.0
4,7330,98.10799999999999
5,7346,93.31
6,7446,82.89
7,7464,88.208
8,7468,80.702
9,7547,82.756
10,7557,80.09599999999999
11,7561,100.0
12,7599,75.32600000000001
13,7603,85.72200000000001
14,7604,82.91199999999999
15,7652,97.342
16,7654,86.4
