,Student ID,Final Grade
0,7255,91.07000000000001
1,7346,97.196
2,7378,78.95800000000001
3,7404,92.71400000000001
4,7430,90.6
5,7500,86.36800000000001
6,7616,95.364
7,7651,97.636
