,Student ID,Final Grade
0,7275,84.67125
1,7308,87.51
2,7329,88.37375
3,7338,75.20875000000001
4,7389,97.21625
5,7613,88.15
6,7635,89.77499999999999
