,Student ID,Final Grade
0,7433,87.99166666666667
1,7478,80.14333333333333
2,7488,94.26999999999998
3,7493,91.105
4,7533,95.84333333333332
5,7536,83.175
6,7541,89.2
7,7595,90.21833333333332
8,7623,92.37
9,7651,85.84499999999998
