,Student ID,Final Grade
0,7249,72.0975
1,7261,86.0025
2,7312,81.47874999999999
3,7461,78.06375
4,7465,84.91375
5,7486,89.65125
6,7501,80.77000000000001
7,7513,79.79625
8,7519,86.41125000000001
9,7522,83.33125
10,7535,80.96124999999999
11,7559,82.35625
12,7611,84.66125
