,Student ID,Final Grade
0,7261,89.64999999999999
1,7405,79.05333333333333
2,7418,87.43166666666667
3,7451,91.99333333333333
4,7465,89.09166666666665
5,7493,95.39666666666666
6,7501,82.86333333333333
7,7580,95.76833333333333
