,Student ID,Final Grade
0,496,96.71714285714286
1,557,94.56285714285715
2,564,83.50857142857141
3,597,74.02285714285713
4,614,82.72285714285714
5,721,84.25285714285714
6,774,87.88571428571427
7,788,87.73285714285714
8,789,86.77999999999999
9,827,94.87857142857142
