,Student ID,Final Grade
0,7275,82.2525
1,7316,88.57249999999999
2,7328,87.18
3,7332,91.5975
4,7340,80.25
5,7402,96.3275
6,7430,100.0
7,7448,99.4225
8,7489,92.27250000000001
9,7500,90.68499999999999
10,7502,77.36
11,7511,89.3425
12,7519,92.165
13,7536,93.61
14,7615,94.705
15,7641,94.4175
