,Student ID,Final Grade
0,482,86.5675
1,560,81.63749999999999
2,575,84.95125
3,625,89.14375
4,660,85.91875000000002
5,677,86.9
6,680,87.15
7,727,92.61250000000001
8,751,86.56875
9,760,73.925
10,802,89.30125000000001
11,815,86.5375
