,Student ID,Final Grade
0,7331,86.60799999999999
1,7347,87.278
2,7352,90.72999999999999
3,7369,89.10400000000001
4,7464,93.59400000000001
5,7470,85.55199999999999
6,7506,90.988
7,7521,89.876
8,7591,84.648
9,7615,85.598
10,7629,91.95599999999999
11,7639,82.146
