,Student ID,Final Grade
0,473,81.63222222222223
1,479,88.7188888888889
2,517,79.92333333333335
3,518,88.4688888888889
4,576,87.12444444444444
5,632,82.72777777777777
6,642,86.65777777777778
7,644,87.69555555555556
8,664,85.1588888888889
9,674,80.09777777777778
10,687,86.33111111111111
11,743,90.03555555555556
12,749,93.93666666666667
13,773,88.46444444444445
14,836,85.44222222222223
15,857,90.38555555555554
16,876,86.55
