,Student ID,Final Grade
0,529,87.06
1,534,82.11222222222221
2,540,93.49
3,594,88.56777777777778
4,637,80.33111111111111
5,679,93.29
6,742,88.83999999999999
7,775,82.72777777777779
8,835,89.92666666666668
