,Student ID,Final Grade
0,487,76.4075
1,501,77.43125
2,536,82.74125
3,553,85.23375
4,677,89.0975
5,730,84.8
6,751,84.0675
7,760,98.31875
8,792,86.235
9,811,85.345
10,815,89.8775
11,828,77.53375
12,844,84.62625
13,845,82.5575
14,874,94.5175
