,Student ID,Final Grade
0,7245,86.30199999999999
1,7262,80.53599999999999
2,7323,90.09
3,7328,91.17999999999999
4,7335,86.186
5,7390,77.594
6,7403,90.774
7,7408,92.178
8,7445,79.13199999999999
9,7448,85.93
10,7464,80.11600000000001
11,7472,80.524
12,7493,92.562
13,7565,85.806
14,7589,84.364
15,7590,78.83
16,7618,77.726
17,7622,85.994
18,7644,94.05600000000001
