,Student ID,Final Grade
0,7249,75.06666666666666
1,7251,84.41833333333334
2,7275,76.82333333333334
3,7297,80.71499999999999
4,7323,86.67666666666668
5,7338,82.69333333333333
6,7364,87.49333333333334
7,7375,94.61833333333334
8,7416,85.495
9,7437,93.04166666666667
10,7491,84.86333333333334
11,7505,84.91166666666668
12,7507,88.10833333333333
13,7571,86.00833333333333
14,7594,84.19833333333334
