,Student ID,Final Grade
0,7253,82.06
1,7280,86.82958333333335
2,7290,88.40041666666667
3,7353,89.09583333333335
4,7362,87.35541666666666
5,7396,81.74874999999999
6,7421,82.77416666666666
7,7484,90.14625000000001
8,7485,86.24624999999999
9,7488,88.67999999999999
10,7494,83.53041666666665
11,7547,86.01083333333337
12,7549,87.39458333333334
13,7637,82.6475
14,7644,86.54124999999998
