,Student ID,Final Grade
0,469,91.52250000000001
1,512,93.8825
2,513,77.5275
3,534,65.4625
4,555,80.7575
5,562,92.4125
6,571,78.88
7,596,97.2625
8,597,88.3925
9,634,79.5625
10,704,83.0525
11,723,92.2625
12,781,91.05
13,784,76.77250000000001
14,813,65.535
15,849,92.07750000000001
16,862,93.2925
17,868,82.495
