,Student ID,Final Grade
0,7235,85.86444444444446
1,7248,92.20777777777778
2,7263,86.20777777777778
3,7281,89.05888888888889
4,7291,91.7688888888889
5,7296,83.52000000000001
6,7306,89.33222222222223
7,7307,87.72
8,7327,89.07222222222221
9,7339,77.85222222222222
10,7390,87.75111111111113
11,7445,86.29333333333334
12,7471,92.13111111111111
13,7489,80.03888888888888
14,7536,79.82333333333332
15,7539,81.44555555555554
16,7596,84.26333333333334
17,7626,80.82444444444444
18,7648,72.55333333333334
