,Student ID,Final Grade
0,518,92.73833333333334
1,523,89.56833333333333
2,597,76.72999999999999
3,637,83.54166666666667
4,664,93.81166666666667
5,704,86.13499999999999
6,708,90.38833333333332
7,750,81.61833333333334
8,770,76.12666666666667
9,783,91.96
10,813,93.35666666666667
11,814,87.78666666666668
12,822,79.30833333333334
13,836,85.99166666666666
