,Student ID,Final Grade
0,471,82.89875
1,501,82.12125
2,536,85.20875
3,543,82.26125
4,577,89.27375
5,580,83.89999999999999
6,583,80.06750000000001
7,635,90.45750000000001
8,636,86.56
9,669,82.795
10,671,84.77499999999999
11,763,93.2725
12,790,89.00375
13,793,96.89625000000001
14,805,84.065
15,828,84.7875
