,Student ID,Final Grade
0,7310,98.298
1,7365,88.638
2,7396,83.676
3,7480,87.958
4,7577,83.798
5,7597,82.11200000000001
6,7612,79.46000000000001
