,Student ID,Final Grade
0,571,86.39333333333333
1,619,86.605
2,645,89.27333333333333
3,649,86.305
4,652,91.73
5,667,82.18666666666667
6,688,95.71499999999999
7,696,84.685
8,706,88.11
9,716,84.22500000000001
10,722,91.40833333333335
11,743,81.56499999999998
12,836,91.58833333333332
