,Student ID,Final Grade
0,7298,79.095
1,7300,95.21499999999999
2,7302,88.0775
3,7303,97.3475
4,7304,75.6225
5,7359,77.9425
6,7442,78.3575
7,7455,100.0
8,7473,87.42750000000001
9,7475,94.4275
10,7588,74.485
11,7601,92.185
12,7623,84.5825
13,7648,99.6775
