,Student ID,Final Grade
0,534,90.5
1,702,88.22166666666668
2,722,89.62333333333333
3,748,82.685
4,832,83.57833333333333
5,844,82.31833333333333
