,Student ID,Final Grade
0,7240,91.42666666666666
1,7280,90.78500000000001
2,7281,79.43166666666666
3,7299,74.52000000000001
4,7361,93.05166666666666
5,7368,86.66333333333334
6,7370,78.81
7,7386,93.485
8,7413,97.77333333333333
9,7420,84.58666666666666
10,7495,84.86666666666667
11,7556,95.85833333333333
12,7571,87.85666666666667
13,7576,85.95833333333333
