,Student ID,Final Grade
0,7241,86.03142857142858
1,7258,75.83857142857143
2,7315,86.89
3,7332,80.67714285714285
4,7357,82.7842857142857
5,7358,93.79857142857144
6,7361,91.88571428571429
7,7364,78.35857142857142
8,7386,86.77999999999999
9,7420,91.35714285714286
10,7504,86.61285714285714
11,7506,91.8142857142857
12,7510,92.92428571428572
13,7547,86.19714285714285
14,7557,86.17285714285715
15,7570,73.10571428571428
16,7585,81.43999999999998
17,7639,93.13285714285715
