,Student ID,Final Grade
0,7240,85.19500000000001
1,7246,84.68875
2,7270,83.59875
3,7317,83.01875000000001
4,7321,90.17625000000001
5,7450,91.2075
6,7465,86.1625
7,7472,85.24125
8,7559,88.7475
9,7648,91.67500000000001
