,Student ID,Final Grade
0,460,87.2425
1,489,84.2525
2,498,90.19500000000001
3,521,78.44625
4,599,88.86000000000001
5,702,88.7175
6,747,83.51375
7,748,86.3925
8,752,85.88875000000002
9,754,79.6575
10,810,83.23875
11,827,94.4075
12,830,85.65625
13,860,84.53
