,Student ID,Final Grade
0,526,81.95000000000002
1,645,91.38125
2,653,96.41499999999999
3,654,90.38375
4,664,80.15750000000001
5,699,82.31625
6,736,88.87375
7,792,82.66749999999999
8,813,84.535
9,853,96.615
10,865,91.66375000000001
