,Student ID,Final Grade
0,479,86.602
1,513,91.63199999999999
2,546,86.502
3,671,91.11600000000001
4,689,85.372
5,725,83.596
6,766,84.03800000000001
7,780,91.98600000000002
8,838,72.054
9,867,92.204
