,Student ID,Final Grade
0,7244,86.0
1,7271,85.804
2,7280,84.174
3,7336,84.066
4,7401,94.81
5,7436,93.834
6,7438,91.36
7,7441,86.796
8,7457,91.398
9,7472,94.94200000000001
10,7479,84.25199999999998
11,7549,92.994
12,7620,77.866
13,7648,96.306
