,Student ID,Final Grade
0,7238,82.57499999999999
1,7241,88.8
2,7274,63.0725
3,7309,90.9225
4,7326,97.19
5,7358,94.145
6,7372,82.23750000000001
7,7421,84.2125
8,7428,81.6
9,7514,94.31750000000001
10,7522,76.6625
11,7531,84.9125
12,7545,93.42500000000001
13,7582,71.7375
