,Student ID,Final Grade
0,7273,83.94166666666666
1,7275,93.35416666666667
2,7282,83.80583333333334
3,7285,92.00583333333333
4,7291,86.83333333333333
5,7302,86.77083333333333
6,7358,86.44333333333333
7,7364,89.79083333333334
8,7365,90.105
9,7381,82.50583333333334
10,7465,83.73583333333333
11,7539,82.44833333333334
12,7561,76.58749999999999
13,7565,86.73416666666667
14,7600,89.90499999999999
15,7615,89.41583333333335
16,7643,89.34500000000001
17,7648,88.27916666666665
