,Student ID,Final Grade
0,7291,69.92
1,7313,91.5525
2,7362,83.38
3,7381,84.4075
4,7383,95.88
5,7386,95.5
6,7409,83.15
7,7425,84.0875
8,7439,89.07000000000001
9,7442,94.35249999999999
10,7463,79.44
11,7465,84.41
12,7480,89.56
13,7494,93.4525
14,7514,77.4375
15,7524,93.50750000000001
16,7563,73.225
17,7613,87.3025
18,7653,94.725
