,Student ID,Final Grade
0,7302,79.21400000000001
1,7333,94.638
2,7338,83.364
3,7417,82.421
4,7433,89.138
5,7525,79.549
6,7530,85.20100000000001
7,7533,85.011
8,7583,76.78200000000001
9,7600,81.549
10,7625,93.708
