,Student ID,Final Grade
0,7242,85.275
1,7282,65.00999999999999
2,7283,83.095
3,7299,88.19
4,7326,97.275
5,7351,78.505
6,7359,98.63
7,7401,73.6
8,7445,89.97999999999999
9,7456,94.58
10,7459,84.315
11,7462,97.685
12,7481,64.535
13,7486,92.775
14,7563,94.275
15,7589,82.33000000000001
16,7624,84.3
17,7640,73.265
