,Student ID,Final Grade
0,7254,82.2825
1,7275,83.04625
2,7277,76.9625
3,7279,79.82
4,7281,84.01249999999999
5,7317,77.2475
6,7350,79.26124999999999
7,7361,83.6575
8,7375,88.74499999999999
9,7377,86.97625
10,7400,82.6375
11,7401,94.08125
12,7407,88.56875
13,7444,81.09375
14,7457,91.36375
15,7483,82.5675
16,7500,82.85624999999999
17,7510,78.99
18,7595,81.61125
19,7601,83.53125
