,Student ID,Final Grade
0,7250,77.89
1,7292,84.36
2,7304,92.54
3,7314,90.20833333333333
4,7440,89.245
5,7446,82.28833333333334
6,7453,96.63333333333333
7,7523,89.73833333333333
8,7547,87.14833333333333
9,7558,93.08166666666666
10,7628,91.94833333333334
11,7650,99.62333333333333
