,Student ID,Final Grade
0,7255,83.745
1,7266,82.34166666666665
2,7270,86.12833333333333
3,7271,87.70666666666666
4,7288,91.07166666666667
5,7300,81.27666666666667
6,7315,97.33333333333333
7,7347,84.97833333333334
8,7368,91.02333333333333
9,7470,96.98833333333333
10,7536,86.43666666666667
11,7542,84.39333333333333
12,7562,86.90499999999999
13,7636,96.13666666666666
