,Student ID,Final Grade
0,7246,79.70666666666666
1,7372,80.41166666666668
2,7509,79.27166666666666
3,7560,78.77166666666666
4,7597,91.89333333333333
5,7632,90.05833333333332
6,7649,82.24
7,7651,89.74666666666667
