,Student ID,Final Grade
0,511,88.46375
1,553,85.30125
2,569,88.75625
3,570,75.31375
4,571,86.80625
5,577,88.51375
6,605,77.51625
7,647,78.22375000000001
8,705,77.20500000000001
9,706,86.5075
10,719,87.625
11,737,96.17999999999999
12,769,82.34625
13,822,79.6375
14,841,83.4675
15,854,83.465
16,867,72.06375
