,Student ID,Final Grade
0,462,81.5025
1,464,85.345
2,506,87.195
3,539,92.23750000000001
4,550,92.2525
5,653,84.2575
6,697,82.16999999999999
7,704,98.695
8,712,69.6875
9,720,80.02250000000001
10,733,82.205
11,777,83.01499999999999
12,830,86.91
13,859,94.59
