,Student ID,Final Grade
0,479,72.126
1,487,87.852
2,513,81.612
3,529,87.71799999999999
4,573,84.75999999999999
5,628,81.22
6,676,94.678
7,695,96.694
8,696,76.122
9,739,90.946
10,740,85.53
11,789,92.938
12,813,84.568
13,848,95.386
14,853,82.638
