,Student ID,Final Grade
0,470,89.04249999999999
1,519,97.17750000000001
2,697,81.91375
3,851,88.54374999999999
4,862,79.25375
5,880,85.79875000000001
