,Student ID,Final Grade
0,7322,80.74285714285715
1,7361,85.63
2,7388,84.82142857142857
3,7446,92.39571428571428
4,7483,87.49142857142859
5,7629,81.36142857142856
6,7641,88.19714285714285
