,Student ID,Final Grade
0,7239,82.42999999999999
1,7242,69.054
2,7259,81.288
3,7295,82.904
4,7349,80.786
5,7362,88.11
6,7368,98.34400000000001
7,7492,88.35799999999999
8,7537,92.142
9,7598,94.39200000000001
10,7608,95.57000000000001
11,7609,85.488
