,Student ID,Final Grade
0,666,76.73833333333334
1,693,76.44500000000001
2,718,89.07166666666667
3,736,95.505
4,759,91.18833333333333
5,782,85.92
6,787,82.66666666666667
7,802,91.875
8,808,86.49000000000001
9,813,87.59333333333335
10,852,86.77333333333333
