,Student ID,Final Grade
0,487,84.17333333333333
1,522,88.73166666666667
2,626,92.00999999999999
3,662,93.25333333333333
4,682,79.83999999999999
5,703,91.46833333333332
6,727,89.75833333333333
7,757,70.17166666666667
8,774,84.60666666666667
9,786,87.06833333333333
10,814,78.97500000000001
11,856,84.34166666666665
12,858,83.69333333333333
