,Student ID,Final Grade
0,7250,82.4575
1,7279,86.64875
2,7289,89.3825
3,7317,87.66375
4,7344,87.75375
5,7354,70.1775
6,7402,85.25750000000001
7,7407,90.8
8,7432,81.26875
9,7456,89.4325
10,7466,93.8
11,7581,87.90249999999999
12,7610,89.9675
