,Student ID,Final Grade
0,7260,80.68714285714286
1,7272,84.89714285714285
2,7381,96.64857142857143
3,7400,84.29999999999998
4,7412,77.15142857142858
5,7467,86.06428571428572
6,7511,89.38857142857141
