,Student ID,Final Grade
0,470,86.49625
1,472,84.6275
2,542,85.16250000000001
3,612,97.10875
4,621,74.61
5,639,89.43625000000002
6,649,92.92
7,682,86.10125
8,713,89.41499999999999
9,719,88.885
10,740,88.74874999999999
11,750,77.7425
12,775,89.53375
13,803,76.0125
14,828,88.38625
15,835,91.08
16,853,78.35375
17,860,87.02749999999999
