,Student ID,Final Grade
0,7252,85.58166666666666
1,7344,83.23833333333334
2,7347,90.55666666666667
3,7475,79.69166666666666
4,7594,81.18166666666667
5,7637,94.03500000000001
