,Student ID,Final Grade
0,513,88.96666666666665
1,541,86.95555555555555
2,624,87.92555555555555
3,625,89.19111111111111
4,706,85.36666666666666
5,707,92.97333333333333
6,759,84.41777777777776
7,821,87.42222222222222
8,847,77.52111111111111
