,Student ID,Final Grade
0,7249,81.61166666666666
1,7282,95.93666666666667
2,7306,81.37333333333333
3,7383,88.02
4,7408,79.625
5,7416,98.65500000000002
6,7423,82.64333333333333
7,7457,83.53666666666668
8,7477,89.80666666666667
9,7482,87.315
10,7514,90.58
11,7585,88.545
12,7620,82.995
13,7636,86.21166666666666
14,7641,94.80833333333332
15,7642,87.22666666666667
