,Student ID,Final Grade
0,7291,84.58857142857143
1,7302,75.4057142857143
2,7353,81.36285714285714
3,7363,86.78857142857143
4,7371,83.4557142857143
5,7372,89.48857142857142
6,7388,90.85428571428572
7,7456,87.85000000000001
8,7458,88.22142857142856
9,7491,89.66142857142856
10,7557,84.37714285714286
11,7616,89.99285714285713
12,7629,86.39999999999999
