,Student ID,Final Grade
0,465,86.14142857142858
1,467,82.75285714285714
2,478,85.75714285714285
3,502,86.47285714285714
4,668,88.14999999999999
5,709,76.74857142857142
6,769,82.71285714285715
7,787,79.12571428571428
8,825,92.31714285714285
9,856,82.66999999999999
