,Student ID,Final Grade
0,499,94.42875000000001
1,648,80.53375000000001
2,711,82.98875000000001
3,730,93.39999999999999
4,813,86.35875
5,834,92.3775
