,Student ID,Final Grade
0,7235,88.29833333333333
1,7250,92.555
2,7256,91.69166666666666
3,7276,82.81166666666667
4,7330,83.14
5,7394,81.46833333333333
6,7435,87.34166666666665
7,7462,98.76333333333332
8,7500,85.95666666666666
9,7503,87.04833333333335
10,7520,86.81
11,7543,87.72000000000001
12,7552,82.41166666666666
13,7592,86.71499999999999
