,Student ID,Final Grade
0,7239,80.68666666666667
1,7280,85.45833333333333
2,7342,90.10000000000001
3,7387,87.78333333333335
4,7409,89.42
5,7474,71.69666666666667
6,7523,86.82333333333334
7,7526,83.30166666666666
8,7584,85.66666666666667
9,7647,76.825
