,Student ID,Final Grade
0,7251,83.11125
1,7303,90.02
2,7335,86.31
3,7348,80.29
4,7351,91.8525
5,7356,93.6675
6,7360,78.71875
7,7435,78.1775
8,7509,73.01625
9,7526,86.85125
10,7565,85.48624999999998
11,7581,81.85625
12,7606,88.35499999999999
13,7650,90.28125
