,Student ID,Final Grade
0,7297,91.08399999999999
1,7314,88.15
2,7353,84.044
3,7382,77.196
4,7420,77.596
5,7468,85.84400000000001
6,7516,89.14200000000001
7,7565,69.68799999999999
8,7582,77.29599999999999
9,7629,90.46200000000002
10,7638,89.522
11,7642,79.388
