,Student ID,Final Grade
0,7236,86.93500000000002
1,7243,86.47999999999999
2,7278,76.6925
3,7300,87.84125
4,7330,89.15875
5,7334,96.8125
6,7342,87.165
7,7385,83.96125
8,7394,79.37
9,7423,88.94625
10,7470,85.42500000000001
11,7528,77.84625
12,7622,85.52624999999999
13,7632,85.52375
14,7649,85.5625
