,Student ID,Final Grade
0,470,93.35625
1,501,93.7325
2,508,85.22250000000001
3,512,81.235
4,521,79.63875
5,532,84.23625000000001
6,540,91.48500000000001
7,607,82.62625
8,610,85.36125000000001
9,619,95.9575
10,684,91.59124999999999
11,721,88.36625000000001
12,722,94.915
13,762,90.5275
14,808,91.9325
15,842,82.69125
16,857,78.8825
17,860,80.8125
18,880,88.40125
