,Student ID,Final Grade
0,467,89.58666666666666
1,483,75.32666666666667
2,511,88.48333333333335
3,520,80.29166666666667
4,546,84.49
5,559,87.38333333333333
6,606,90.13666666666667
7,661,86.72500000000001
8,716,85.97333333333334
9,740,92.31666666666668
10,749,79.925
11,770,85.735
12,774,93.765
13,788,82.15833333333333
14,801,96.36
15,858,87.87
16,869,82.08333333333333
