,Student ID,Final Grade
0,7235,89.41285714285713
1,7237,83.20285714285714
2,7241,89.38571428571429
3,7251,82.35857142857142
4,7272,91.40285714285714
5,7281,85.67714285714285
6,7284,76.46714285714286
7,7299,82.92
8,7322,90.59285714285714
9,7358,92.72
10,7376,90.22
11,7379,91.04571428571428
12,7406,84.73285714285714
13,7433,85.83857142857143
14,7440,68.20857142857143
15,7456,75.12857142857142
16,7613,66.02142857142857
17,7615,82.97857142857141
18,7647,81.15285714285713
