,Student ID,Final Grade
0,471,83.955
1,524,85.91000000000001
2,551,93.83666666666666
3,593,88.38833333333334
4,617,82.46166666666666
5,734,82.44500000000001
6,747,81.71333333333332
7,780,87.64333333333333
8,785,87.14833333333335
