,Student ID,Final Grade
0,7276,95.545
1,7349,78.335
2,7439,82.42
3,7459,93.74666666666667
4,7471,80.53166666666668
5,7530,78.235
