,Student ID,Final Grade
0,7275,78.44
1,7331,86.90875
2,7334,86.98500000000001
3,7350,89.22125
4,7401,80.82625
5,7430,88.07249999999999
6,7450,92.33375000000001
7,7572,85.90874999999998
8,7583,79.85749999999999
9,7586,81.40999999999998
