,Student ID,Final Grade
0,7339,96.215
1,7367,66.485
2,7401,90.2575
3,7410,87.7025
4,7411,81.63250000000001
5,7423,99.9125
6,7437,91.88
7,7439,91.0
8,7463,93.67
9,7466,92.3
10,7482,84.0825
11,7526,96.765
12,7535,86.7275
13,7640,92.3025
14,7642,86.395
15,7643,83.41499999999999
