,Student ID,Final Grade
0,459,86.12444444444445
1,519,80.12333333333333
2,544,94.17333333333333
3,552,86.3611111111111
4,613,80.4877777777778
5,692,86.61333333333332
6,732,90.23666666666665
7,747,84.27444444444446
8,769,76.62777777777778
9,840,77.52
10,847,85.24888888888889
