,Student ID,Final Grade
0,7267,74.33833333333332
1,7287,81.22
2,7288,79.50833333333333
3,7338,96.99166666666667
4,7373,85.72333333333334
5,7389,85.16666666666667
6,7503,76.89833333333333
7,7565,82.91666666666666
8,7652,98.66666666666667
