,Student ID,Final Grade
0,7237,79.69111111111111
1,7338,75.43222222222222
2,7352,84.66222222222223
3,7460,87.44777777777777
4,7563,78.82555555555555
5,7607,86.98444444444443
6,7638,87.60333333333332
