,Student ID,Final Grade
0,7237,81.22666666666667
1,7252,90.03666666666668
2,7263,98.33999999999999
3,7388,95.74666666666667
4,7401,98.40666666666668
5,7402,95.98666666666666
6,7403,100.0
7,7448,81.29
8,7455,96.11333333333334
9,7476,91.62333333333333
10,7492,90.84333333333332
11,7501,99.02
12,7502,94.42333333333333
13,7509,75.68666666666667
14,7518,77.34333333333333
15,7526,96.28000000000002
16,7534,97.90333333333332
17,7580,98.77
18,7584,79.99666666666666
19,7630,97.60666666666667
