,Student ID,Final Grade
0,7271,87.23166666666667
1,7275,86.80333333333333
2,7283,78.33
3,7293,84.78333333333335
4,7296,78.71499999999999
5,7309,75.03
6,7328,78.01166666666667
7,7330,81.95833333333334
8,7336,80.00999999999999
9,7363,89.47166666666668
10,7478,91.7
11,7489,78.14166666666667
12,7498,82.48833333333333
13,7519,86.38666666666666
14,7531,82.11500000000001
15,7605,92.32166666666667
16,7608,72.39666666666666
