,Student ID,Final Grade
0,474,82.92875000000001
1,554,85.92000000000002
2,567,85.90625
3,582,84.02125000000001
4,605,84.69
5,612,88.96875000000001
6,633,83.55000000000001
7,642,86.68124999999999
8,666,87.07249999999999
9,705,84.44500000000001
10,751,91.755
11,818,95.01125
12,819,86.91874999999999
13,826,94.00625
14,836,81.90625
15,841,93.2025
16,862,84.805
17,870,87.92500000000001
