,Student ID,Final Grade
0,470,80.29
1,480,86.0525
2,514,94.82000000000001
3,529,87.3975
4,539,88.17
5,565,82.27125000000001
6,570,96.93625
7,572,84.15625
8,647,81.88625
9,675,83.10374999999999
10,701,88.81
11,713,80.78625
12,741,87.91875000000002
13,779,82.85875
14,784,84.96125
