,Student ID,Final Grade
0,532,98.17
1,557,96.78666666666668
2,577,81.62166666666667
3,594,80.74166666666667
4,613,76.82
5,695,82.51666666666667
6,718,86.43333333333334
7,729,86.75833333333333
8,738,98.61166666666666
9,757,88.19166666666668
10,825,86.13833333333332
