,Student ID,Final Grade
0,485,90.6175
1,591,95.13
2,600,91.52749999999999
3,664,77.21249999999999
4,704,93.4525
5,779,95.26
6,785,84.6825
7,792,88.655
8,814,84.135
9,827,93.685
10,833,78.405
11,845,85.98500000000001
12,868,78.03500000000001
