,Student ID,Final Grade
0,7244,87.0675
1,7251,86.8675
2,7255,89.47749999999999
3,7280,87.82249999999999
4,7542,95.59
5,7557,94.18
6,7574,90.73
7,7650,79.7225
