,Student ID,Final Grade
0,7365,92.63399999999999
1,7418,88.626
2,7440,82.47800000000001
3,7462,88.708
4,7471,84.454
5,7551,88.25399999999999
6,7590,90.58599999999998
7,7629,89.966
8,7634,80.558
