,Student ID,Final Grade
0,7266,86.964
1,7272,96.68599999999999
2,7276,81.34400000000001
3,7283,95.09200000000001
4,7299,93.63000000000001
5,7347,74.148
6,7381,88.638
7,7430,94.454
8,7483,94.2
9,7497,84.738
10,7566,89.68199999999999
11,7574,88.926
12,7620,80.244
