,Student ID,Final Grade
0,7329,89.01999999999998
1,7350,80.70166666666667
2,7516,89.96
3,7595,85.77333333333335
4,7610,94.87666666666667
5,7618,89.30666666666667
6,7635,90.935
