,Student ID,Final Grade
0,7238,85.67
1,7304,91.82000000000001
2,7321,83.6
3,7344,86.734
4,7401,91.672
5,7469,81.1
6,7471,85.914
7,7480,91.96000000000001
8,7515,92.974
9,7530,92.468
10,7545,67.562
11,7565,86.812
12,7582,79.48400000000001
13,7591,86.378
14,7600,87.23799999999999
15,7609,93.602
