,Student ID,Final Grade
0,460,91.4775
1,465,84.3175
2,466,89.70500000000001
3,711,93.3325
4,736,86.4175
5,763,78.25
6,801,97.4675
7,850,90.315
8,867,72.94749999999999
