,Student ID,Final Grade
0,7360,82.935
1,7406,96.14833333333333
2,7437,86.55666666666667
3,7607,78.52499999999999
4,7629,86.355
5,7646,85.33
