,Student ID,Final Grade
0,7234,78.24999999999999
1,7281,87.97166666666665
2,7303,88.045
3,7361,84.66166666666668
4,7378,92.10666666666668
5,7590,86.88666666666666
6,7604,80.98833333333333
