,Student ID,Final Grade
0,464,79.69875
1,572,94.66375
2,581,85.33250000000001
3,585,88.965
4,612,88.7575
5,631,94.11875
6,667,96.1325
7,682,81.26374999999999
8,823,84.02374999999999
9,825,88.44
10,826,84.8375
11,868,95.9825
