,Student ID,Final Grade
0,7263,90.70142857142858
1,7307,89.85714285714286
2,7400,92.4057142857143
3,7408,95.59571428571428
4,7473,85.03
5,7552,98.2057142857143
