,Student ID,Final Grade
0,7237,81.35333333333334
1,7274,98.74333333333334
2,7282,71.51333333333334
3,7285,93.39333333333333
4,7300,97.48
5,7317,91.20333333333333
6,7320,81.67
7,7383,83.89666666666666
8,7411,77.21666666666667
9,7469,94.37666666666667
10,7472,93.83333333333333
11,7489,90.65333333333332
12,7506,92.82
13,7556,95.06333333333333
14,7580,90.44
15,7581,91.28333333333335
16,7597,99.07
17,7634,97.09666666666668
