,Student ID,Final Grade
0,7234,91.608
1,7240,95.804
2,7283,92.336
3,7291,85.55199999999999
4,7295,77.366
5,7301,83.282
6,7329,97.42800000000001
7,7334,87.816
8,7336,86.744
9,7343,96.694
10,7388,93.344
11,7457,93.47
12,7489,75.354
13,7573,97.26599999999999
14,7644,82.58200000000001
15,7647,90.37
16,7654,78.73200000000001
