,Student ID,Final Grade
0,7266,89.63111111111111
1,7294,73.75444444444446
2,7312,85.32888888888888
3,7322,95.39333333333333
4,7323,86.34444444444445
5,7351,90.87888888888888
6,7419,81.23
7,7427,86.97888888888889
8,7446,88.42222222222223
9,7493,88.38111111111112
10,7523,93.89333333333333
11,7525,80.36111111111113
12,7529,83.04000000000002
13,7540,88.81333333333333
14,7541,85.64222222222222
15,7557,86.49333333333334
16,7564,82.38333333333333
17,7567,91.77111111111111
18,7568,89.4388888888889
