,Student ID,Final Grade
0,7241,83.32000000000001
1,7263,88.974
2,7264,80.134
3,7286,80.202
4,7303,72.75
5,7331,88.55999999999999
6,7359,90.326
7,7377,90.638
8,7384,81.73999999999998
9,7437,85.91199999999999
10,7575,90.98599999999999
11,7593,77.74600000000001
12,7602,95.252
