,Student ID,Final Grade
0,458,90.25833333333333
1,527,92.12
2,580,84.36666666666666
3,616,80.44833333333334
4,648,85.03833333333334
5,653,83.27833333333334
6,699,85.39166666666667
7,735,87.76666666666667
8,767,74.05666666666667
9,833,84.18333333333334
10,869,74.03166666666665
11,880,90.08833333333332
