,Student ID,Final Grade
0,487,82.52111111111111
1,510,84.04777777777778
2,544,85.04666666666667
3,575,88.86888888888888
4,593,86.85
5,606,87.27333333333334
6,621,84.01888888888888
7,660,81.34222222222222
8,664,93.19666666666666
9,688,77.09333333333332
10,693,92.54555555555557
11,699,80.29
12,760,81.65555555555557
13,765,87.01888888888888
14,771,91.81777777777778
15,774,80.13000000000001
16,834,89.08888888888889
17,836,90.44444444444444
18,851,82.1511111111111
19,858,87.61777777777777
