,Student ID,Final Grade
0,520,82.2377777777778
1,571,90.31888888888888
2,580,91.63
3,607,94.98444444444443
4,632,88.39222222222223
5,634,92.20999999999998
6,655,85.32333333333332
7,678,80.82111111111112
8,715,89.99444444444444
9,763,85.40222222222224
10,803,81.90444444444444
11,849,91.94777777777777
12,851,85.78777777777778
13,861,81.32777777777778
