,Student ID,Final Grade
0,512,92.33
1,533,74.945
2,558,76.845
3,597,78.03250000000001
4,626,76.475
5,714,82.195
6,779,80.33749999999999
