,Student ID,Final Grade
0,7254,82.37111111111113
1,7286,90.78555555555556
2,7293,89.48222222222222
3,7306,79.11333333333334
4,7443,88.50666666666667
5,7496,84.46
6,7504,88.10111111111112
7,7564,83.76777777777778
