,Student ID,Final Grade
0,7242,92.22999999999999
1,7254,74.7125
2,7267,75.6
3,7331,70.9075
4,7391,84.2775
5,7398,80.9175
6,7404,96.0425
7,7410,73.5325
8,7429,93.81
9,7491,93.63000000000001
10,7501,84.15
11,7514,79.845
12,7535,88.5025
13,7648,99.8875
