,Student ID,Final Grade
0,7257,89.20446808510637
1,7273,87.91021276595747
2,7275,84.2527659574468
3,7279,90.34510638297873
4,7305,86.10106382978725
5,7337,85.9995744680851
6,7338,86.79468085106383
7,7354,88.64127659574467
8,7399,84.5372340425532
9,7441,88.59489361702127
10,7519,88.87808510638298
11,7623,84.3736170212766
12,7637,87.92212765957447
13,7654,86.03127659574467
