,Student ID,Final Grade
0,7269,85.08375000000001
1,7276,87.94624999999999
2,7306,89.0625
3,7313,82.47874999999999
4,7353,79.26124999999999
5,7366,84.69624999999999
6,7382,82.24374999999999
7,7384,90.705
8,7438,86.90375
9,7443,91.11625000000001
10,7493,78.23
11,7515,73.19625
12,7579,77.63875000000002
13,7585,84.64750000000001
14,7608,82.06250000000001
15,7625,81.9075
16,7646,78.705
