,Student ID,Final Grade
0,482,80.47111111111111
1,483,82.25777777777779
2,488,86.89222222222222
3,565,82.0988888888889
4,618,89.44333333333333
5,630,89.00222222222222
6,640,83.09333333333333
7,713,79.31666666666666
8,725,84.13555555555556
9,727,86.38222222222223
10,748,77.46777777777778
11,823,90.83888888888889
12,847,94.58555555555556
13,865,95.70444444444443
14,873,83.2611111111111
