,Student ID,Final Grade
0,7258,87.57125000000002
1,7296,80.40124999999999
2,7371,84.595
3,7411,90.36375
4,7432,88.95125000000002
5,7437,81.72999999999999
6,7451,90.62
7,7504,80.0
8,7535,83.08875
9,7587,90.2425
