,Student ID,Final Grade
0,479,85.5975
1,511,91.0675
2,535,80.94500000000001
3,557,91.89999999999999
4,565,95.5175
5,585,72.5425
6,603,79.995
7,615,99.255
8,654,77.6825
9,681,84.7275
10,705,89.3175
11,717,93.75
12,718,91.7275
13,773,72.325
14,777,83.5775
15,808,87.95500000000001
16,834,78.9825
17,852,84.7425
18,871,71.57249999999999
