,Student ID,Final Grade
0,486,89.39874999999999
1,496,89.14125
2,500,86.885
3,541,90.30375
4,621,87.10375
5,652,86.345
6,665,94.7425
7,686,91.84375
8,720,88.61875
9,793,78.725
10,849,79.9625
11,873,89.91874999999999
