,Student ID,Final Grade
0,488,95.29499999999999
1,517,86.7725
2,555,77.66
3,575,90.03375
4,634,84.56750000000001
5,646,65.3175
6,682,93.2525
7,766,89.72500000000001
8,809,87.15625
9,832,85.16250000000001
10,861,89.4825
