,Student ID,Final Grade
0,474,84.54374999999999
1,488,91.48125
2,493,91.44874999999999
3,520,83.65
4,526,86.64625
5,533,86.18125
6,536,81.27499999999999
7,551,97.8925
8,577,91.505
9,581,83.76875
10,582,84.25625000000001
11,600,87.6875
12,677,91.02375
13,681,89.39999999999999
14,685,89.53625
15,712,83.835
16,734,86.7925
17,773,84.79374999999999
18,829,89.05125
