,Student ID,Final Grade
0,498,83.57333333333334
1,559,76.42166666666667
2,578,94.61166666666666
3,634,91.33166666666666
4,642,85.455
5,676,89.22833333333334
6,796,87.745
