,Student ID,Final Grade
0,7235,86.15875
1,7268,82.4875
2,7280,86.1075
3,7283,88.38625
4,7347,76.28125
5,7348,89.59625
6,7352,93.0325
7,7389,90.70375
8,7398,93.20875
9,7426,87.42125
10,7440,83.72000000000001
11,7494,94.76375
12,7499,92.34125
13,7522,89.01499999999999
14,7524,86.25250000000001
15,7541,82.70750000000001
16,7551,96.68124999999999
17,7638,81.905
