,Student ID,Final Grade
0,7237,93.16600000000001
1,7272,96.118
2,7307,74.34200000000001
3,7336,90.01400000000001
4,7378,81.80199999999999
5,7409,81.904
6,7446,92.312
7,7474,83.946
8,7487,89.098
9,7493,89.998
10,7494,92.154
11,7497,81.58999999999999
12,7556,83.022
13,7558,82.068
14,7570,83.78
15,7573,93.042
16,7607,90.674
17,7637,80.054
