,Student ID,Final Grade
0,7295,78.65333333333332
1,7405,85.49833333333333
2,7428,89.95666666666666
3,7454,86.22333333333331
4,7543,81.14999999999999
5,7578,72.97166666666668
6,7592,91.81166666666667
7,7621,87.33833333333332
8,7631,88.27666666666666
