,Student ID,Final Grade
0,7238,86.32875
1,7359,86.4175
2,7363,83.23374999999999
3,7382,84.16
4,7461,82.471875
5,7472,94.11125000000001
6,7492,86.305
7,7529,87.30687499999999
8,7556,85.99874999999999
9,7566,89.08500000000001
10,7648,84.85875
