,Student ID,Final Grade
0,7245,87.932
1,7260,85.63
2,7272,93.27799999999999
3,7297,76.71400000000001
4,7412,81.424
5,7436,83.42
6,7453,73.564
7,7517,91.00999999999999
8,7520,90.878
9,7584,85.912
10,7616,87.15599999999999
11,7645,84.926
12,7651,91.328
13,7652,93.642
