,Student ID,Final Grade
0,484,86.80875
1,498,78.68625
2,546,93.17124999999999
3,667,85.11999999999999
4,682,86.71125
5,731,83.81
6,767,78.835
7,817,88.38250000000001
8,822,80.52625
9,865,86.24750000000002
