,Student ID,Final Grade
0,7259,89.6675
1,7290,93.7475
2,7305,86.66499999999999
3,7374,86.19
4,7407,98.6825
5,7417,86.03999999999999
6,7451,72.82749999999999
7,7475,97.4
8,7508,84.7
9,7509,86.33250000000001
10,7545,90.1275
11,7641,95.8175
12,7651,85.2775
