,Student ID,Final Grade
0,7240,81.77000000000001
1,7242,79.8275
2,7257,83.40875
3,7274,89.74625
4,7358,86.77625
5,7359,80.045
6,7440,86.57
7,7447,88.34375
8,7487,86.05874999999999
9,7495,82.74375
10,7497,89.57375
11,7531,86.44125000000001
12,7533,90.85875
13,7576,91.83250000000001
14,7580,84.88875
15,7638,87.37375
