,Student ID,Final Grade
0,7250,89.35285714285715
1,7253,79.85000000000001
2,7280,86.7042857142857
3,7301,82.77571428571427
4,7302,90.90142857142858
5,7303,85.11142857142856
6,7325,86.71142857142857
7,7382,81.86571428571428
8,7408,89.23285714285714
9,7428,82.12428571428572
10,7443,91.4557142857143
11,7468,79.48714285714287
12,7471,93.10857142857142
13,7475,78.08285714285714
14,7513,83.5657142857143
15,7558,92.50571428571428
16,7578,94.0442857142857
