,Student ID,Final Grade
0,7296,85.86875
1,7311,87.72
2,7354,91.08
3,7370,88.60874999999999
4,7377,92.48125
5,7397,86.64375000000001
6,7444,73.39375
7,7474,82.35125
8,7513,85.86375
9,7543,90.565
