,Student ID,Final Grade
0,460,85.866
1,492,89.178
2,509,83.474
3,526,80.896
4,556,77.478
5,652,93.822
6,677,80.276
7,698,73.792
8,721,89.28200000000001
9,738,83.05
10,793,79.042
11,799,83.94200000000001
12,803,87.648
13,845,72.90599999999999
