,Student ID,Final Grade
0,7267,84.02250000000001
1,7295,79.41
2,7317,99.035
3,7337,93.73
4,7362,91.8275
5,7487,81.85749999999999
6,7490,66.515
7,7492,81.36500000000001
8,7504,97.325
9,7533,84.305
10,7570,88.895
11,7571,85.6925
12,7605,100.0
