,Student ID,Final Grade
0,7268,80.98937500000001
1,7297,88.54499999999999
2,7310,86.44125000000001
3,7390,85.28875000000001
4,7416,85.48812500000001
5,7509,85.36125
6,7513,81.51375
7,7526,85.978125
8,7655,86.78187500000001
