,Student ID,Final Grade
0,7273,92.87666666666667
1,7332,87.97166666666665
2,7449,89.13
3,7450,86.62166666666667
4,7470,86.41333333333334
5,7490,94.88
6,7497,88.01333333333334
7,7546,91.27500000000002
8,7548,90.69333333333333
9,7601,95.20166666666667
