,Student ID,Final Grade
0,478,79.79142857142857
1,484,74.80857142857143
2,522,89.37142857142858
3,524,78.05571428571429
4,529,81.20285714285714
5,576,89.08
6,578,85.65571428571427
7,602,84.62285714285714
8,626,84.66
9,630,86.36857142857141
10,642,93.88571428571427
11,655,79.41428571428573
12,680,93.13142857142857
13,688,81.08857142857143
14,710,84.61857142857141
15,766,80.93714285714286
16,782,88.66
17,865,82.10571428571428
18,875,86.75285714285714
19,880,81.3
