,Student ID,Final Grade
0,7234,86.84333333333332
1,7277,82.34833333333333
2,7359,82.48166666666667
3,7446,91.65166666666666
4,7477,90.65500000000002
5,7559,71.60833333333333
6,7605,88.37666666666667
7,7627,85.865
