,Student ID,Final Grade
0,7274,84.22333333333333
1,7277,83.13444444444445
2,7300,87.04777777777778
3,7418,83.39888888888889
4,7433,88.8777777777778
5,7446,89.5588888888889
6,7479,85.34222222222223
7,7580,81.80222222222223
8,7590,88.81222222222222
9,7651,83.34444444444443
