,Student ID,Final Grade
0,7274,82.478
1,7287,92.44800000000001
2,7323,79.182
3,7350,88.86
4,7370,80.72200000000001
5,7392,89.916
6,7505,85.654
7,7542,83.44000000000001
8,7609,88.446
