,Student ID,Final Grade
0,7267,92.42333333333335
1,7307,84.36
2,7309,82.20166666666665
3,7335,90.73166666666667
4,7339,87.06333333333333
5,7358,90.37666666666667
6,7362,88.59833333333334
7,7399,86.21999999999998
8,7402,74.35833333333333
9,7495,78.93
10,7508,87.04666666666667
11,7533,83.43166666666667
12,7544,85.88333333333333
13,7555,76.86666666666666
14,7569,89.11666666666667
15,7570,88.13833333333334
16,7572,80.75
17,7576,88.92833333333333
