,Student ID,Final Grade
0,466,84.548
1,489,87.346
2,493,82.956
3,525,85.874
4,676,84.566
5,711,77.378
6,727,80.65400000000001
7,819,89.312
8,860,87.288
9,868,87.66
10,870,91.28399999999999
11,872,85.554
12,878,78.94200000000001
