,Student ID,Final Grade
0,7358,81.92666666666666
1,7427,87.76333333333332
2,7554,85.30166666666668
3,7560,87.31166666666667
4,7586,88.64333333333333
5,7638,78.00666666666667
