,Student ID,Final Grade
0,464,73.43833333333333
1,472,83.45666666666666
2,486,90.19166666666666
3,515,87.04833333333333
4,594,91.075
5,630,90.23
6,677,81.02
7,732,87.15499999999999
8,762,76.55166666666666
9,832,85.19333333333333
10,839,82.405
