,Student ID,Final Grade
0,7255,78.47500000000001
1,7260,85.48333333333333
2,7293,93.995
3,7326,88.59499999999998
4,7338,89.33
5,7445,77.45833333333334
6,7488,95.14999999999999
7,7500,93.625
8,7519,92.26
9,7552,85.02666666666666
10,7570,79.27
11,7614,91.45166666666667
12,7617,88.13499999999999
13,7621,82.8
14,7624,88.56666666666666
