,Student ID,Final Grade
0,7234,91.736
1,7260,92.018
2,7305,79.584
3,7311,71.25399999999999
4,7402,92.012
5,7445,84.90799999999999
6,7482,83.14200000000001
7,7502,85.468
8,7515,84.834
9,7527,83.4
10,7544,84.022
11,7558,97.02799999999999
12,7579,87.592
13,7586,84.712
14,7590,88.318
15,7599,88.09400000000001
16,7611,92.998
17,7633,91.124
