,Student ID,Final Grade
0,7248,78.67
1,7249,84.29375
2,7323,89.01125
3,7350,89.45625
4,7374,81.45625
5,7391,93.34249999999999
6,7396,85.2125
7,7435,79.935
8,7448,75.15374999999999
9,7453,90.76374999999999
10,7486,92.58125000000001
11,7497,97.73
12,7581,90.67
13,7605,89.5925
14,7626,84.4125
