,Student ID,Final Grade
0,7269,92.95
1,7350,83.9125
2,7357,92.43249999999999
3,7359,89.86375000000001
4,7380,89.25375
5,7390,82.16625
6,7394,89.05125000000001
7,7493,71.70500000000001
8,7529,88.36
9,7554,74.15625
10,7597,87.58375
11,7598,84.42125
12,7602,93.0275
13,7618,85.2775
14,7648,84.22
