,Student ID,Final Grade
0,470,91.435
1,557,83.74375
2,571,87.19375
3,607,84.99499999999999
4,631,83.34625
5,632,89.0775
6,641,89.51374999999999
7,659,84.6575
8,660,89.59
9,737,86.29250000000002
10,741,93.25125
11,743,90.91375000000001
12,774,85.32499999999999
13,775,89.90374999999999
14,776,78.77
15,787,84.8775
16,794,83.79500000000002
17,816,85.76624999999999
