,Student ID,Final Grade
0,7239,89.99666666666666
1,7253,84.22777777777779
2,7258,88.04444444444444
3,7260,85.6288888888889
4,7299,90.9011111111111
5,7423,89.68111111111112
6,7424,83.07888888888888
7,7465,88.36222222222221
8,7474,86.60666666666667
9,7476,89.6611111111111
10,7492,78.59444444444445
11,7523,81.46777777777777
12,7548,90.35888888888888
13,7563,89.04666666666668
14,7566,84.68777777777777
15,7601,89.77222222222223
