,Student ID,Final Grade
0,463,75.71833333333333
1,479,86.19833333333332
2,501,76.105
3,548,91.58333333333333
4,573,94.38666666666666
5,659,85.02833333333334
6,672,78.46499999999999
7,748,89.89666666666666
8,750,81.55
9,751,89.565
10,772,89.11333333333333
11,788,70.32166666666667
12,802,86.97500000000001
13,817,75.86666666666667
14,826,75.245
15,844,87.68166666666666
