,Student ID,Final Grade
0,503,95.5657142857143
1,517,80.28714285714285
2,519,82.38285714285715
3,522,91.85285714285715
4,554,92.96571428571428
5,566,93.97857142857143
6,568,86.89
7,586,76.23571428571428
8,615,90.82285714285715
9,678,93.12571428571428
10,757,96.36142857142856
11,761,84.20857142857143
12,768,91.01571428571428
13,806,89.95857142857143
14,824,90.36142857142856
15,842,85.03714285714285
16,873,83.86857142857141
