,Student ID,Final Grade
0,458,64.86333333333334
1,479,92.04833333333333
2,503,82.93166666666666
3,547,94.99833333333333
4,596,88.98333333333333
5,618,85.21666666666665
6,624,82.33500000000001
7,734,93.185
8,735,82.34333333333333
9,743,90.52
10,824,83.48833333333334
11,837,85.46
12,871,85.84499999999998
