,Student ID,Final Grade
0,7329,86.38250000000001
1,7331,92.81
2,7353,85.4825
3,7385,78.3025
4,7390,94.985
5,7398,80.825
6,7520,83.5325
7,7522,91.77
8,7596,67.66499999999999
9,7620,80.86
