,Student ID,Final Grade
0,7235,93.97666666666667
1,7279,88.27444444444444
2,7283,90.5588888888889
3,7329,90.3577777777778
4,7336,83.43222222222221
5,7357,81.38777777777779
6,7359,85.24777777777778
7,7372,84.75999999999999
8,7375,78.52
9,7392,82.30000000000001
10,7414,87.19222222222221
11,7418,89.5411111111111
12,7419,88.13444444444444
13,7472,88.23777777777778
14,7553,77.66777777777777
15,7581,85.88888888888889
16,7593,83.23222222222222
17,7597,79.60222222222222
18,7609,86.01333333333335
