,Student ID,Final Grade
0,7253,69.73800000000001
1,7280,89.766
2,7311,90.462
3,7467,84.33000000000001
4,7483,89.27
5,7492,93.55600000000001
6,7508,82.24
7,7579,87.626
8,7587,94.242
