,Student ID,Final Grade
0,7260,85.01181818181819
1,7267,79.72727272727272
2,7270,80.27181818181818
3,7287,82.49272727272727
4,7290,87.03272727272726
5,7334,87.72272727272728
6,7341,89.00909090909092
7,7388,88.09272727272727
8,7422,92.60818181818182
9,7441,83.69818181818182
10,7511,89.79363636363637
11,7521,85.13727272727273
