,Student ID,Final Grade
0,473,86.73249999999999
1,560,87.12
2,565,87.58500000000001
3,680,87.495
4,682,70.215
5,755,88.0125
6,764,89.82
7,833,80.2225
8,858,95.915
