,Student ID,Final Grade
0,7262,95.02875
1,7299,84.61125000000001
2,7328,83.10249999999999
3,7357,88.98125
4,7389,79.105
5,7422,86.63250000000001
6,7517,85.85875
7,7528,90.88
8,7536,84.4925
9,7552,85.57625
10,7557,80.9125
11,7574,91.3125
12,7612,86.66125
13,7624,82.41875
14,7642,97.165
15,7646,74.68875
16,7651,85.52625
