,Student ID,Final Grade
0,499,92.24666666666667
1,526,77.88833333333334
2,538,90.555
3,576,82.385
4,681,84.10333333333334
5,705,81.93833333333335
6,750,80.18166666666666
7,832,86.21666666666665
8,838,83.11333333333333
9,848,82.41166666666668
10,874,84.515
