,Student ID,Final Grade
0,457,85.646
1,483,77.022
2,508,85.50399999999999
3,516,80.126
4,565,87.33599999999998
5,599,78.58
6,706,75.20599999999999
7,716,89.708
8,861,85.064
