,Student ID,Final Grade
0,7267,85.41666666666667
1,7281,82.58333333333333
2,7301,88.72499999999998
3,7306,94.46
4,7344,90.04
5,7369,82.87333333333333
6,7372,87.73166666666667
7,7386,86.16666666666667
8,7416,80.58166666666666
9,7459,95.18833333333333
10,7543,81.5
11,7550,91.40833333333332
12,7561,79.62
13,7600,87.685
14,7607,93.47166666666668
15,7608,83.85166666666666
16,7623,86.295
17,7638,87.51666666666667
