,Student ID,Final Grade
0,7240,81.99
1,7252,92.64555555555553
2,7282,90.52222222222223
3,7308,83.37000000000002
4,7345,83.81888888888888
5,7375,86.29555555555557
6,7403,90.26
7,7432,90.23111111111112
8,7437,80.88777777777779
9,7452,82.43
10,7464,90.17000000000002
11,7491,95.29555555555557
12,7505,85.08666666666667
13,7550,87.36333333333333
14,7614,91.02
15,7624,83.56888888888888
