,Student ID,Final Grade
0,7260,88.66875
1,7272,88.44874999999999
2,7288,75.03875
3,7358,83.35999999999999
4,7360,84.53750000000001
5,7377,81.745
6,7392,83.93375
7,7476,88.53625
8,7507,79.25
9,7520,93.93625
10,7573,94.40625
11,7606,85.03
12,7627,86.68625
