,Student ID,Final Grade
0,466,76.82625
1,550,86.5925
2,608,87.27625
3,649,87.55499999999999
4,656,85.88500000000002
5,742,94.32249999999999
6,769,78.77375
