,Student ID,Final Grade
0,7314,91.0975
1,7351,79.15
2,7352,77.365
3,7473,83.97749999999999
4,7501,77.725
5,7504,75.67
6,7525,89.10749999999999
7,7592,82.125
