,Student ID,Final Grade
0,579,99.842
1,597,86.62
2,690,87.82000000000001
3,726,89.48800000000001
4,767,87.728
5,830,86.002
