,Student ID,Final Grade
0,479,79.53999999999999
1,506,77.152
2,509,90.38799999999999
3,539,89.512
4,543,83.404
5,549,89.59
6,599,82.95599999999999
7,614,74.522
8,685,95.428
9,713,88.53
10,721,78.0
11,736,86.682
12,746,84.146
13,791,88.518
14,807,97.41
15,860,90.3
16,868,77.35600000000001
