,Student ID,Final Grade
0,467,90.4557142857143
1,484,87.71571428571428
2,649,91.33857142857143
3,654,81.95857142857142
4,707,84.55285714285716
5,804,97.57571428571428
6,830,89.87571428571428
