,Student ID,Final Grade
0,7260,91.05
1,7291,75.17500000000001
2,7302,71.82000000000001
3,7312,90.20499999999998
4,7395,77.8625
5,7409,90.0
6,7448,87.36
7,7453,84.47
8,7456,86.685
9,7484,82.3
10,7575,77.3975
11,7606,83.405
12,7622,81.295
13,7628,87.765
14,7634,73.1125
