,Student ID,Final Grade
0,7406,88.87875
1,7447,91.9425
2,7467,79.61625
3,7483,87.11125
4,7642,81.69125
5,7651,89.29499999999999
