,Student ID,Final Grade
0,7240,94.18199999999999
1,7243,90.858
2,7268,92.474
3,7274,81.964
4,7299,80.248
5,7355,83.22
6,7357,88.742
7,7385,79.78999999999999
8,7401,77.614
9,7473,80.224
10,7486,72.342
11,7632,75.05199999999999
12,7645,84.81
13,7652,92.244
