,Student ID,Final Grade
0,7301,95.52199999999999
1,7325,92.61
2,7329,91.436
3,7334,91.01599999999999
4,7339,88.566
5,7413,81.046
6,7421,93.12
7,7423,88.932
8,7460,75.404
9,7537,85.56000000000002
10,7543,93.13999999999999
11,7548,76.922
12,7633,95.826
