,Student ID,Final Grade
0,458,89.36833333333334
1,477,87.54
2,497,78.05499999999999
3,539,84.16666666666667
4,550,80.725
5,560,73.45833333333333
6,577,80.18333333333334
7,608,91.36333333333333
8,624,88.96166666666666
9,651,87.71333333333332
10,667,93.88833333333332
11,711,82.44666666666667
12,723,88.605
13,843,92.25
14,846,94.32333333333334
15,874,95.36333333333334
