,Student ID,Final Grade
0,510,93.74833333333333
1,512,88.58
2,535,84.33166666666666
3,561,81.93333333333334
4,598,79.21333333333334
5,634,94.26166666666667
6,662,84.29
7,787,75.895
8,791,91.78333333333335
9,800,82.86333333333334
