,Student ID,Final Grade
0,7243,92.53428571428572
1,7320,83.36428571428573
2,7407,93.32285714285715
3,7416,80.63857142857144
4,7482,88.15857142857142
5,7491,86.67999999999999
6,7503,77.02142857142857
7,7538,87.57571428571428
8,7553,87.74142857142859
9,7581,90.36571428571428
10,7604,92.67999999999999
11,7626,82.93714285714285
12,7647,86.10571428571428
