,Student ID,Final Grade
0,466,87.82166666666667
1,489,65.96166666666666
2,540,91.81333333333333
3,562,76.64666666666668
4,598,81.87333333333332
5,604,94.63166666666666
6,609,87.36333333333334
7,661,92.33833333333332
8,663,86.25833333333333
9,682,76.30833333333334
10,691,93.72666666666667
11,715,84.39666666666666
12,741,86.72666666666667
13,753,92.09833333333334
14,778,77.94166666666668
15,787,88.23
16,815,93.26166666666666
17,833,76.86833333333334
18,861,77.19833333333334
