,Student ID,Final Grade
0,7262,80.29125
1,7311,83.6375
2,7343,84.5175
3,7376,88.2675
4,7421,91.77625
5,7493,74.17375
6,7548,88.35249999999999
7,7638,93.2125
8,7640,92.66499999999999
