,Student ID,Final Grade
0,7237,89.17
1,7248,89.19399999999999
2,7270,75.08
3,7327,77.054
4,7357,85.1
5,7365,89.24
6,7396,84.862
7,7422,87.902
8,7435,87.75
9,7438,95.63399999999999
10,7447,93.50800000000001
11,7492,91.15
12,7504,94.386
13,7505,85.86600000000001
14,7577,83.828
15,7622,84.86999999999999
16,7629,85.74600000000001
