,Student ID,Final Grade
0,491,86.6242857142857
1,517,95.27428571428572
2,521,82.42571428571429
3,547,93.2242857142857
4,576,89.15714285714287
5,599,80.72142857142858
6,721,81.61428571428571
7,806,86.67857142857143
8,838,74.48
9,841,77.73142857142855
