,Student ID,Final Grade
0,544,91.218
1,547,78.99000000000001
2,559,91.618
3,590,79.482
4,651,87.086
5,730,90.24600000000001
6,790,81.468
7,842,95.59
8,847,91.20599999999999
