,Student ID,Final Grade
0,462,94.70714285714284
1,466,76.97571428571429
2,480,80.94142857142857
3,502,89.33428571428571
4,536,90.03714285714285
5,595,89.00714285714285
6,599,80.27714285714286
7,651,97.7042857142857
8,663,84.60142857142857
9,679,77.14
10,749,93.03857142857143
11,769,95.45142857142858
12,795,83.03
13,862,84.2242857142857
14,870,78.16
