,Student ID,Final Grade
0,7242,83.176
1,7247,76.16
2,7268,72.172
3,7285,74.48400000000001
4,7317,91.05199999999999
5,7370,96.63199999999999
6,7559,84.038
7,7568,98.404
8,7637,91.14200000000001
