,Student ID,Final Grade
0,7247,88.77428571428571
1,7259,84.03999999999999
2,7281,87.95571428571428
3,7353,92.04142857142857
4,7358,78.14999999999999
5,7364,86.49571428571429
6,7429,92.60142857142857
7,7446,84.92571428571428
8,7457,79.41428571428571
9,7461,89.88428571428572
10,7473,74.6842857142857
11,7476,91.67142857142858
12,7527,93.20000000000002
13,7565,87.77285714285713
14,7634,84.78285714285714
15,7643,88.72714285714287
16,7654,85.52714285714286
