,Student ID,Final Grade
0,459,75.68999999999998
1,505,79.94333333333333
2,612,84.19666666666667
3,621,82.92666666666666
4,626,78.44833333333334
5,672,86.44333333333333
6,719,93.38666666666666
7,724,76.85666666666667
8,765,89.36
9,769,82.09166666666665
10,791,87.21333333333335
11,799,94.14166666666667
12,840,85.39333333333332
13,848,83.86166666666666
