,Student ID,Final Grade
0,509,89.17666666666668
1,512,88.08666666666666
2,515,93.605
3,580,80.37833333333333
4,584,73.325
5,643,81.25833333333334
6,649,79.84333333333333
7,665,87.75999999999999
8,678,82.96666666666665
9,695,90.12666666666668
10,751,91.23833333333334
11,766,91.92833333333333
12,800,87.77999999999999
13,825,90.49166666666667
14,826,89.235
15,840,93.71499999999999
16,874,92.77333333333333
