,Student ID,Final Grade
0,457,81.04666666666667
1,469,94.22333333333331
2,480,88.39333333333333
3,511,74.225
4,514,96.24833333333333
5,543,85.00166666666667
6,577,73.445
7,607,89.58666666666666
8,621,92.53166666666668
9,641,87.51833333333333
10,669,87.35000000000001
11,733,85.64833333333333
12,741,92.13666666666666
13,806,84.70333333333333
14,807,84.26999999999998
