,Student ID,Final Grade
0,7260,74.71777777777778
1,7335,91.03
2,7359,84.99444444444445
3,7373,86.04666666666667
4,7475,74.69222222222223
5,7489,84.55555555555556
6,7516,85.4111111111111
7,7538,90.29
8,7586,83.63666666666668
9,7615,84.67444444444443
10,7649,90.39444444444445
