,Student ID,Final Grade
0,7300,88.0475
1,7354,94.10499999999999
2,7368,71.3625
3,7434,86.39500000000001
4,7534,85.14250000000001
5,7537,95.3475
