,Student ID,Final Grade
0,7366,82.09499999999998
1,7493,92.02166666666666
2,7520,92.08833333333332
3,7561,84.89166666666667
4,7565,88.36666666666667
5,7572,83.31166666666667
6,7638,93.63999999999999
7,7652,83.86833333333334
