,Student ID,Final Grade
0,535,87.14999999999999
1,581,84.77888888888889
2,609,93.8711111111111
3,620,83.69333333333333
4,694,76.88111111111112
5,748,92.55222222222223
6,760,85.81222222222222
7,787,85.97333333333333
8,848,94.44666666666666
9,852,84.69555555555556
10,854,81.10333333333332
