,Student ID,Final Grade
0,7273,81.532
1,7301,81.728
2,7321,88.998
3,7336,87.348
4,7359,77.65599999999999
5,7404,94.1
6,7406,82.364
7,7414,85.478
8,7415,84.38000000000001
9,7484,83.71000000000001
10,7485,92.37400000000001
11,7494,72.836
12,7526,89.93
13,7562,80.996
14,7570,92.36
15,7571,93.776
16,7579,89.074
17,7590,86.332
18,7628,72.678
19,7637,90.884
