,Student ID,Final Grade
0,475,82.96833333333332
1,594,86.195
2,602,90.8
3,630,97.25833333333333
4,665,92.17166666666667
5,750,85.205
6,806,93.67666666666666
7,829,84.0
8,840,78.21166666666666
9,850,94.94666666666667
10,854,81.35000000000001
11,880,87.78333333333335
