,Student ID,Final Grade
0,7247,87.24875
1,7280,87.57875000000001
2,7323,88.84625
3,7407,87.10125000000001
4,7472,95.1475
5,7479,80.5175
6,7532,90.33125000000001
7,7565,96.7225
8,7575,77.76124999999999
9,7653,91.64625000000001
