,Student ID,Final Grade
0,509,92.2475
1,523,88.26
2,566,96.66499999999999
3,742,79.32
4,758,93.9175
5,796,90.46000000000001
6,833,97.435
7,860,94.7075
8,868,97.39750000000001
