,Student ID,Final Grade
0,531,89.51555555555554
1,641,79.63111111111112
2,658,90.35888888888888
3,786,79.21444444444444
4,826,86.96333333333334
5,839,89.66333333333334
