,Student ID,Final Grade
0,527,83.65777777777778
1,537,74.20555555555555
2,680,96.90222222222222
3,683,89.81777777777778
4,696,83.80111111111111
5,720,82.2011111111111
6,761,88.4811111111111
7,789,89.64888888888888
8,872,87.43
