,Student ID,Final Grade
0,7248,80.442
1,7310,94.98599999999999
2,7321,83.664
3,7341,87.34200000000001
4,7362,75.71000000000001
5,7481,67.21
6,7526,84.032
7,7565,77.06800000000001
