,Student ID,Final Grade
0,457,78.38250000000001
1,488,80.73375
2,509,75.9825
3,520,77.20375000000001
4,544,92.57
5,560,86.33625
6,573,91.245
7,640,83.27250000000001
8,651,78.25
9,670,78.10125
10,731,83.70625000000001
11,740,84.02625
12,756,91.39
13,765,76.56
14,791,84.41499999999999
15,853,91.82249999999999
