,Student ID,Final Grade
0,7256,88.42222222222223
1,7368,88.26222222222222
2,7373,85.70111111111112
3,7412,86.05000000000001
4,7443,84.66444444444444
5,7448,95.91777777777777
6,7617,82.44555555555556
