,Student ID,Final Grade
0,465,85.00333333333333
1,516,90.66666666666667
2,547,87.13444444444445
3,553,91.84666666666666
4,562,90.12888888888888
5,601,92.22000000000001
6,712,87.47555555555556
7,749,76.65444444444444
8,760,89.33777777777777
9,779,91.26666666666667
10,819,82.04444444444445
11,830,88.11222222222221
12,860,81.34555555555555
