,Student ID,Final Grade
0,476,82.60222222222222
1,492,83.07555555555557
2,502,80.65333333333334
3,512,85.10888888888888
4,571,95.20222222222222
5,581,79.0588888888889
6,628,83.58666666666666
7,686,82.09222222222222
8,696,87.7088888888889
9,713,83.80666666666667
10,740,76.85333333333332
11,810,86.82666666666667
