,Student ID,Final Grade
0,7241,79.96444444444445
1,7255,81.24888888888889
2,7268,87.25888888888888
3,7279,95.08222222222223
4,7306,76.33111111111111
5,7314,87.62555555555555
6,7324,87.20666666666666
7,7359,79.02777777777777
8,7441,84.8788888888889
9,7528,79.1522222222222
10,7638,80.94555555555556
