,Student ID,Final Grade
0,499,83.74333333333334
1,536,86.93444444444444
2,544,90.95666666666668
3,602,93.72666666666666
4,612,84.16111111111111
5,720,85.07333333333332
6,773,90.40555555555555
7,815,89.19777777777777
8,841,86.8722222222222
