,Student ID,Final Grade
0,7304,80.005
1,7319,77.99000000000001
2,7405,94.5625
3,7466,83.9875
4,7476,86.2825
5,7505,82.35999999999999
6,7597,91.03999999999999
