,Student ID,Final Grade
0,7255,87.005
1,7288,86.43833333333333
2,7299,91.315
3,7388,72.80333333333333
4,7406,85.02166666666666
5,7461,93.24000000000001
6,7472,92.38833333333334
7,7497,77.90833333333335
8,7498,80.29
