,Student ID,Final Grade
0,561,82.75166666666667
1,597,83.56
2,741,86.205
3,749,87.39166666666667
4,817,85.49166666666666
5,862,83.82000000000001
6,875,86.54333333333334
