,Student ID,Final Grade
0,7245,91.48750000000001
1,7262,81.7175
2,7274,84.98875
3,7328,84.91874999999999
4,7334,84.71
5,7346,79.285
6,7355,85.695
7,7372,77.22875
8,7375,81.08125
9,7412,83.50999999999999
10,7418,82.58125
11,7470,88.49249999999999
12,7491,90.525
13,7524,76.7025
14,7533,87.965
15,7543,91.595
16,7550,75.19125000000001
17,7555,79.30375000000001
18,7559,90.035
19,7608,85.42
