,Student ID,Final Grade
0,7259,94.05625
1,7264,89.6475
2,7292,66.4475
3,7415,84.67
4,7418,95.7825
5,7423,79.8125
6,7459,85.58875
7,7467,83.485
8,7487,87.29625000000001
9,7560,73.80375
10,7565,88.72375000000001
11,7573,82.36124999999998
12,7585,91.95124999999999
13,7589,83.00625000000001
14,7596,88.92
15,7635,90.525
16,7645,82.5975
