,Student ID,Final Grade
0,7265,93.26750000000001
1,7312,94.19
2,7368,79.4225
3,7397,91.36500000000001
4,7452,81.66875
5,7575,91.10499999999999
