,Student ID,Final Grade
0,7237,85.53500000000001
1,7249,92.44833333333334
2,7298,88.805
3,7327,85.06833333333334
4,7354,91.30333333333334
5,7362,94.04833333333333
6,7389,78.92166666666667
7,7445,78.25833333333334
8,7543,92.65500000000002
9,7554,91.15999999999998
10,7577,91.23166666666667
11,7633,74.50166666666668
12,7640,83.43166666666667
13,7650,78.46666666666665
