,Student ID,Final Grade
0,7252,80.77
1,7283,80.75
2,7299,92.72999999999999
3,7306,84.98428571428573
4,7460,88.60999999999999
5,7526,89.90714285714286
6,7601,94.06142857142858
7,7636,92.05999999999999
