,Student ID,Final Grade
0,7267,88.61166666666666
1,7309,76.10833333333333
2,7337,88.25333333333333
3,7369,77.54666666666667
4,7370,76.01666666666667
5,7420,88.84833333333334
6,7443,80.035
7,7444,84.83166666666666
8,7459,67.00666666666667
9,7460,72.79333333333334
10,7486,90.80166666666666
11,7504,84.98166666666667
12,7520,82.04
13,7537,86.22333333333331
14,7576,85.44333333333334
15,7577,82.34499999999998
16,7593,87.97333333333334
17,7606,81.11166666666666
18,7618,79.745
