,Student ID,Final Grade
0,7242,90.85857142857142
1,7253,76.03428571428572
2,7261,83.96428571428571
3,7337,92.63
4,7452,89.61428571428571
5,7471,85.68285714285715
6,7517,87.64428571428572
7,7521,76.98
8,7580,76.66857142857143
9,7600,80.92285714285715
10,7604,86.78999999999999
11,7612,89.44714285714285
