,Student ID,Final Grade
0,463,82.07428571428571
1,495,89.04142857142857
2,497,90.52285714285715
3,609,91.45
4,645,91.55000000000003
5,662,81.28285714285714
6,713,94.58285714285715
