,Student ID,Final Grade
0,7284,91.82846153846154
1,7334,81.84846153846154
2,7338,89.57076923076923
3,7362,86.8676923076923
4,7449,91.52615384615385
5,7555,82.68769230769229
6,7559,79.62153846153845
7,7569,79.52692307692307
8,7591,88.09307692307692
