,Student ID,Final Grade
0,488,79.55499999999999
1,576,81.2975
2,642,89.4025
3,760,83.18875
4,825,85.50500000000001
5,847,83.98750000000001
