,Student ID,Final Grade
0,7278,88.30999999999999
1,7319,74.1675
2,7417,91.12375
3,7445,85.11125
4,7567,93.4375
5,7616,89.4225
6,7642,90.03875000000001
