,Student ID,Final Grade
0,524,83.50125
1,558,91.99249999999999
2,568,89.75875
3,585,89.04625
4,602,86.625
5,612,73.05625
6,613,97.77000000000001
7,617,81.965
8,712,92.785
9,776,80.66875
10,798,90.54
11,803,73.18375
12,826,88.88999999999999
13,836,89.40875
14,853,85.485
15,862,77.64125
16,870,87.50500000000001
