,Student ID,Final Grade
0,7235,92.35111111111111
1,7287,88.68
2,7328,91.36222222222221
3,7354,91.66666666666667
4,7360,86.48888888888888
5,7377,92.29444444444444
6,7418,87.55777777777777
7,7469,87.98111111111112
8,7472,76.5411111111111
9,7475,88.64111111111112
10,7494,91.30777777777777
11,7589,95.68666666666667
12,7596,94.74222222222222
13,7614,92.1711111111111
14,7615,87.99333333333335
