,Student ID,Final Grade
0,545,82.89444444444445
1,587,80.70777777777778
2,606,82.10888888888888
3,663,86.75888888888888
4,677,83.99111111111112
5,756,86.34222222222223
