,Student ID,Final Grade
0,7241,83.66285714285712
1,7275,77.79142857142858
2,7311,85.55285714285715
3,7319,82.62142857142858
4,7343,89.11
5,7344,89.71
6,7368,78.87857142857142
7,7370,75.15571428571427
8,7383,88.42999999999999
9,7415,77.83142857142856
10,7438,86.74857142857142
11,7469,90.60714285714286
12,7556,78.52571428571427
13,7597,89.33857142857143
14,7647,84.77714285714286
15,7654,78.07000000000001
