,Student ID,Final Grade
0,482,95.93166666666667
1,486,83.73666666666666
2,515,80.53666666666668
3,518,92.14833333333333
4,529,96.71166666666666
5,582,97.21499999999999
6,583,93.50999999999999
7,607,86.64666666666666
8,617,82.78666666666668
9,631,91.74333333333333
10,658,88.46166666666666
11,720,71.795
12,723,82.28500000000001
13,725,92.99833333333333
14,748,91.59666666666665
15,763,86.54833333333333
16,792,81.14833333333333
17,808,94.68333333333334
18,871,92.86666666666667
