,Student ID,Final Grade
0,7236,89.9325
1,7325,81.4725
2,7327,86.015
3,7343,96.80250000000001
4,7599,90.60000000000001
5,7606,78.9
6,7638,81.2975
