,Student ID,Final Grade
0,7252,85.39555555555555
1,7286,79.61666666666666
2,7288,86.93666666666667
3,7293,84.32444444444444
4,7452,93.82333333333332
5,7453,88.32666666666667
6,7474,93.05333333333334
7,7498,91.32111111111111
8,7519,78.70777777777778
9,7601,87.90888888888888
