,Student ID,Final Grade
0,466,73.5175
1,487,97.475
2,514,82.5425
3,521,80.405
4,570,87.3225
5,578,83.6675
6,583,96.675
7,596,78.45
8,613,91.4475
9,638,78.255
10,681,98.77250000000001
11,698,83.5975
12,705,92.2175
13,726,88.2875
14,777,95.49
15,786,87.6325
16,796,78.72
17,809,86.41749999999999
18,833,85.1225
