,Student ID,Final Grade
0,7281,87.66
1,7297,76.81714285714285
2,7379,77.06857142857143
3,7417,84.75285714285714
4,7422,83.72714285714285
5,7424,91.83
6,7494,81.73714285714286
7,7510,88.52285714285713
8,7511,82.65571428571427
9,7532,78.23
10,7575,79.34142857142857
11,7580,72.27142857142857
12,7622,87.79142857142857
13,7642,88.82000000000001
14,7651,82.13285714285713
