,Student ID,Final Grade
0,7243,80.235
1,7261,78.71000000000001
2,7280,97.21
3,7308,72.47749999999999
4,7314,83.95750000000001
5,7327,85.07749999999999
6,7333,86.6925
7,7342,62.11
8,7369,75.485
9,7388,85.5375
10,7438,67.715
11,7451,92.3825
12,7488,75.9075
13,7513,83.66250000000001
14,7525,75.45
15,7530,82.44
16,7540,81.885
17,7603,79.84
18,7625,84.9825
19,7643,80.7225
