,Student ID,Final Grade
0,7264,86.70833333333333
1,7303,86.29833333333335
2,7327,89.43166666666667
3,7404,89.18833333333333
4,7406,90.96333333333332
5,7418,90.41666666666667
6,7420,92.74833333333333
7,7439,91.93666666666667
8,7512,82.145
9,7515,84.14333333333333
10,7525,91.89666666666666
11,7528,80.57833333333333
12,7543,95.25166666666667
13,7603,81.81833333333333
14,7617,80.77
15,7634,89.44166666666668
16,7641,79.51
17,7653,88.23333333333333
