,Student ID,Final Grade
0,7246,93.288
1,7248,92.99199999999999
2,7314,72.24600000000001
3,7330,72.00200000000001
4,7382,76.268
5,7388,77.724
6,7391,84.44800000000001
7,7451,86.27199999999999
8,7459,84.788
9,7539,91.452
10,7636,89.43799999999999
