,Student ID,Final Grade
0,470,78.71
1,482,77.60833333333333
2,501,77.69666666666667
3,507,88.89333333333333
4,603,89.41166666666665
5,629,87.745
6,634,83.86500000000001
7,638,83.34833333333334
8,745,90.30833333333334
9,786,90.71166666666666
10,797,86.17333333333333
11,805,86.445
12,816,84.88833333333334
13,840,67.55166666666666
14,841,95.64166666666667
15,848,88.80833333333334
16,862,91.00999999999999
17,864,89.91000000000001
18,870,90.33999999999999
