,Student ID,Final Grade
0,489,81.614
1,509,86.08
2,542,75.41999999999999
3,549,97.438
4,587,90.902
5,598,84.232
6,611,88.92600000000002
7,663,88.66999999999999
8,688,85.84599999999999
9,728,86.588
10,755,84.812
11,758,79.02799999999999
12,774,83.654
13,778,92.32600000000001
14,783,90.13
15,814,90.476
16,830,84.184
17,836,90.522
18,865,80.79400000000001
