,Student ID,Final Grade
0,7248,93.86375
1,7254,87.22375
2,7266,90.40125
3,7328,84.7
4,7342,91.5075
5,7392,93.59
6,7469,90.15875
7,7493,86.05125000000001
8,7521,91.0525
9,7529,92.0675
10,7586,87.68875
11,7625,82.77374999999999
12,7632,87.90375
