,Student ID,Final Grade
0,468,82.28750000000001
1,528,87.1825
2,534,88.32499999999999
3,548,87.6275
4,617,90.32999999999998
5,627,80.125
6,689,81.8825
7,694,85.3675
8,746,83.405
9,753,93.44
10,761,92.8475
11,796,92.1325
12,800,86.3675
13,814,88.1
14,856,92.54
15,860,84.9825
16,861,84.92750000000001
