,Student ID,Final Grade
0,7261,76.49833333333333
1,7285,74.95166666666667
2,7372,85.735
3,7378,91.48666666666668
4,7381,88.70333333333333
5,7433,83.20166666666667
6,7532,87.85833333333333
7,7533,86.80166666666666
8,7599,89.64999999999999
