,Student ID,Final Grade
0,523,81.0025
1,540,84.22375
2,557,73.05000000000001
3,768,88.19500000000001
4,778,83.0325
5,811,90.77749999999999
