,Student ID,Final Grade
0,7326,91.46399999999998
1,7503,80.444
2,7508,90.936
3,7518,76.13699999999999
4,7619,91.172
5,7654,88.36999999999999
