,Student ID,Final Grade
0,525,81.1775
1,532,91.775
2,603,64.89999999999999
3,644,94.515
4,704,100.0
5,721,96.965
6,756,83.86749999999999
7,773,81.0725
8,818,100.0
