,Student ID,Final Grade
0,7239,90.92125
1,7258,89.87625
2,7294,86.51875000000001
3,7383,83.41
4,7384,83.855
5,7441,94.99875
6,7463,86.81
7,7492,89.9775
8,7517,85.76375
9,7523,88.82375
10,7571,84.14750000000001
11,7572,93.8825
12,7584,89.74999999999999
13,7597,89.5475
14,7613,88.95125
15,7649,84.72874999999999
