,Student ID,Final Grade
0,460,87.3275
1,475,75.8775
2,641,85.48625
3,676,77.92874999999998
4,747,94.92125
5,765,87.89874999999999
