,Student ID,Final Grade
0,481,82.79666666666667
1,534,67.30833333333334
2,542,85.66833333333334
3,641,87.49833333333333
4,665,90.76666666666667
5,756,84.76
6,765,76.67
7,847,85.32666666666667
