,Student ID,Final Grade
0,7234,86.444
1,7237,75.11
2,7247,81.904
3,7292,91.884
4,7320,78.906
5,7368,89.53800000000001
6,7451,85.89599999999999
7,7458,83.486
8,7477,92.598
9,7480,85.188
10,7534,93.91799999999999
11,7565,92.462
12,7573,89.94800000000001
13,7611,79.268
