,Student ID,Final Grade
0,7244,83.30166666666666
1,7275,83.78166666666667
2,7321,88.28333333333335
3,7339,90.81333333333333
4,7346,91.70166666666667
5,7368,87.705
6,7371,84.77166666666666
7,7418,88.08
8,7427,92.87
9,7460,90.54833333333333
10,7507,94.55
11,7526,77.04333333333334
12,7537,80.79666666666667
13,7538,85.57833333333333
14,7571,81.66
15,7572,83.37166666666668
16,7583,87.91666666666667
17,7620,81.00666666666667
