,Student ID,Final Grade
0,490,86.83166666666666
1,519,76.30833333333334
2,526,78.54166666666667
3,560,87.40999999999998
4,589,91.07166666666667
5,597,83.455
6,622,84.64999999999999
7,644,92.33
8,647,91.54166666666667
9,672,82.37666666666668
10,721,90.55833333333334
11,755,83.38
12,771,74.88166666666666
13,790,88.23666666666668
14,842,93.75166666666667
15,843,73.39666666666666
16,855,87.56833333333334
17,868,85.27333333333334
