,Student ID,Final Grade
0,495,87.83333333333333
1,507,87.85555555555555
2,532,75.30666666666667
3,599,92.58222222222223
4,603,93.18777777777777
5,635,86.47555555555554
6,811,92.64111111111112
7,833,90.50111111111111
