,Student ID,Final Grade
0,460,83.885
1,507,73.55833333333334
2,543,83.13166666666666
3,587,77.20666666666666
4,598,87.995
5,616,95.105
6,647,89.54833333333333
7,668,90.31166666666667
8,678,94.07833333333333
9,709,92.39
10,747,90.54
11,763,78.52666666666667
12,766,85.12666666666668
13,772,76.34666666666666
14,786,94.02666666666669
15,787,90.61500000000001
16,830,83.10333333333334
17,846,95.045
