,Student ID,Final Grade
0,479,89.08
1,518,88.38999999999999
2,563,79.00833333333334
3,586,93.325
4,691,80.51166666666667
5,748,85.73666666666668
6,807,86.305
7,819,93.41833333333334
8,831,89.05666666666667
