,Student ID,Final Grade
0,7241,94.435
1,7284,78.79333333333334
2,7350,86.08333333333333
3,7355,81.00166666666667
4,7361,97.23
5,7397,70.06
6,7415,89.71666666666665
7,7504,76.82666666666667
8,7587,92.34333333333335
