,Student ID,Final Grade
0,7238,86.64
1,7256,79.99000000000001
2,7298,78.32571428571428
3,7321,87.03857142857143
4,7328,88.84285714285714
5,7332,81.28857142857143
6,7526,86.62428571428573
7,7530,93.17142857142858
8,7538,76.17999999999999
9,7539,87.43285714285715
10,7648,86.20571428571428
