,Student ID,Final Grade
0,7289,78.168
1,7343,87.868
2,7389,91.402
3,7393,93.874
4,7396,83.426
5,7403,85.296
6,7421,96.11
7,7424,94.774
8,7465,97.512
9,7493,93.648
10,7503,93.646
11,7532,81.28600000000002
12,7556,90.85799999999999
13,7557,99.842
14,7561,77.506
15,7605,89.71600000000001
16,7633,89.06200000000001
17,7654,87.61999999999999
