,Student ID,Final Grade
0,7247,79.56
1,7255,81.72444444444444
2,7315,75.34111111111112
3,7321,88.49999999999999
4,7322,84.08555555555556
5,7344,79.83111111111111
6,7393,79.55000000000001
7,7397,83.95555555555555
8,7448,94.59111111111112
9,7459,82.73888888888888
10,7490,91.67777777777776
11,7541,77.81777777777778
12,7575,82.95777777777779
13,7594,84.03666666666668
