,Student ID,Final Grade
0,469,85.69749999999999
1,495,78.66875
2,506,94.1825
3,525,82.03375
4,528,83.35499999999999
5,554,83.33375
6,564,83.46625
7,631,93.03125
8,632,92.47625000000001
9,642,93.2575
10,666,92.33500000000001
11,687,82.3375
12,689,80.8475
13,690,86.59875000000001
14,698,86.0575
15,742,85.47
16,770,94.7475
17,825,97.51625
18,851,97.15125
19,868,97.09375
