,Student ID,Final Grade
0,481,90.90166666666669
1,530,85.87666666666667
2,547,92.87666666666667
3,549,86.27
4,653,84.5
5,744,77.89666666666666
6,760,77.46666666666667
7,763,81.41333333333334
8,776,81.31333333333332
9,816,91.82
10,840,87.03166666666665
11,845,66.46666666666665
12,847,94.37
