,Student ID,Final Grade
0,7236,75.02499999999999
1,7246,94.815
2,7248,81.9725
3,7249,93.765
4,7267,57.81499999999999
5,7425,84.62
6,7426,95.22
7,7445,60.08
8,7448,79.4025
9,7499,88.26
10,7572,84.9325
11,7593,82.79749999999999
12,7597,97.095
13,7648,91.1925
