,Student ID,Final Grade
0,7314,76.05250000000001
1,7318,82.59
2,7319,91.44625
3,7475,75.27625
4,7582,77.875
5,7583,93.40875
6,7590,88.49875
7,7606,87.22875
8,7652,86.32375
