,Student ID,Final Grade
0,7243,91.58555555555556
1,7263,86.96444444444444
2,7295,89.87888888888888
3,7327,90.17444444444443
4,7350,82.30111111111111
5,7362,86.60666666666667
6,7368,84.23888888888888
7,7436,95.11555555555555
8,7453,88.86666666666669
9,7480,77.82222222222222
10,7494,87.16444444444444
11,7499,80.47666666666666
12,7526,89.07777777777777
13,7529,86.98777777777778
14,7558,78.90666666666668
15,7581,89.61888888888889
16,7623,88.5688888888889
