,Student ID,Final Grade
0,510,72.07199999999999
1,536,87.242
2,613,76.124
3,681,89.586
4,709,72.67800000000001
5,757,85.578
6,793,80.78
7,829,91.798
8,844,82.168
