,Student ID,Final Grade
0,533,89.52000000000001
1,555,88.07777777777778
2,571,84.10888888888888
3,628,88.48444444444443
4,631,89.65666666666667
5,639,77.59333333333332
6,643,87.40777777777778
7,664,85.19777777777777
8,667,88.56777777777776
9,686,85.37555555555555
10,687,82.27444444444444
11,707,85.49444444444445
12,710,83.08444444444444
13,730,81.81333333333333
14,741,87.23222222222223
15,772,87.84666666666666
16,818,88.03444444444443
17,838,81.13777777777779
