,Student ID,Final Grade
0,511,80.50333333333334
1,568,87.79
2,626,81.98166666666667
3,694,95.89833333333333
4,737,94.505
5,800,81.67
6,877,81.27166666666666
