,Student ID,Final Grade
0,7265,76.05000000000001
1,7289,94.16333333333334
2,7311,81.60666666666667
3,7382,82.84333333333333
4,7393,58.80666666666667
5,7396,92.73666666666666
6,7440,83.56
7,7448,76.87333333333333
8,7476,90.92
9,7477,69.74
10,7491,94.46666666666665
11,7509,85.86000000000001
12,7519,89.34333333333332
13,7520,85.7
14,7524,82.96333333333334
15,7534,79.92666666666666
16,7567,84.73666666666666
17,7579,88.87
18,7604,75.88666666666666
19,7626,92.02
