,Student ID,Final Grade
0,7250,71.084
1,7268,89.56
2,7307,93.776
3,7383,84.26199999999999
4,7399,73.204
5,7443,89.348
6,7448,92.94
7,7459,80.068
8,7466,77.484
9,7520,81.61399999999999
10,7523,87.312
11,7528,90.61
12,7532,98.228
13,7534,88.23599999999999
14,7548,79.916
15,7561,79.356
