,Student ID,Final Grade
0,465,79.70833333333333
1,504,96.80333333333333
2,606,93.58166666666666
3,631,80.48833333333333
4,659,91.73
5,692,88.71499999999999
6,725,92.94166666666668
7,815,82.34
