,Student ID,Final Grade
0,7318,92.85714285714286
1,7320,90.85714285714286
2,7322,89.96000000000001
3,7339,93.83714285714288
4,7351,88.67714285714285
5,7362,76.58857142857143
6,7368,91.38714285714286
7,7371,85.30714285714285
8,7396,91.43428571428572
9,7473,86.85571428571428
10,7510,76.58571428571429
11,7541,87.75
12,7557,80.82714285714287
13,7565,78.60000000000001
14,7572,82.58285714285715
15,7574,79.10428571428572
16,7585,86.70571428571428
17,7606,81.65428571428572
18,7652,83.93000000000002
