,Student ID,Final Grade
0,511,77.81800000000001
1,606,79.694
2,624,96.812
3,639,84.498
4,669,76.138
5,748,89.72
6,753,80.864
7,862,84.59599999999999
8,869,78.562
9,872,83.65400000000001
