,Student ID,Final Grade
0,7269,89.78333333333335
1,7298,79.69000000000001
2,7316,88.14166666666667
3,7378,88.30166666666668
4,7384,80.09833333333334
5,7385,88.76
6,7386,91.62
7,7387,96.00166666666667
8,7393,83.70666666666666
9,7408,82.96166666666666
10,7423,80.96333333333334
11,7447,77.96333333333332
12,7466,88.40833333333335
13,7505,93.89999999999999
14,7509,95.46833333333332
15,7514,78.66166666666666
16,7553,86.21
17,7615,86.13333333333333
18,7628,81.60833333333333
