,Student ID,Final Grade
0,7306,85.436
1,7324,89.792
2,7355,92.664
3,7366,82.202
4,7385,81.408
5,7388,72.896
6,7398,85.126
7,7415,86.94800000000001
8,7429,92.52799999999999
9,7432,80.138
10,7503,79.492
11,7504,93.366
12,7509,80.13
13,7519,75.658
14,7548,78.488
15,7576,98.054
16,7577,86.01599999999999
17,7609,82.732
18,7650,77.02799999999999
