,Student ID,Final Grade
0,522,77.916
1,534,88.896
2,548,99.538
3,561,79.88
4,574,92.136
5,577,87.36399999999999
6,673,83.804
7,682,85.79599999999999
8,684,75.91
9,689,87.70200000000001
10,704,86.35
11,716,81.85
12,723,73.536
13,724,91.006
14,752,76.12800000000001
15,796,95.63
16,841,82.282
17,861,84.164
