,Student ID,Final Grade
0,7265,86.71714285714286
1,7268,90.52
2,7290,93.97142857142856
3,7335,85.39
4,7371,82.54428571428572
5,7379,77.89999999999999
6,7391,93.64285714285714
7,7392,82.9742857142857
8,7411,84.34142857142857
9,7412,83.18142857142857
10,7425,82.84142857142857
11,7431,81.88142857142857
12,7444,85.66857142857143
13,7511,89.84857142857142
14,7519,92.62857142857142
15,7549,86.64857142857143
16,7630,79.51285714285714
