,Student ID,Final Grade
0,7243,90.40166666666666
1,7269,83.23666666666666
2,7281,94.15999999999998
3,7313,79.15333333333335
4,7352,82.67666666666666
5,7369,88.41666666666667
6,7388,81.54
7,7405,91.20333333333333
8,7411,84.89833333333333
9,7421,92.97666666666667
10,7426,87.165
11,7434,88.635
12,7566,90.20666666666666
13,7617,87.12
