,Student ID,Final Grade
0,7309,81.495
1,7312,76.2725
2,7332,89.065
3,7336,89.1175
4,7345,70.5075
5,7358,81.82000000000001
6,7391,92.885
7,7434,87.215
8,7435,83.92999999999999
9,7455,81.18
10,7471,77.24499999999999
11,7580,87.5425
12,7629,75.11
