,Student ID,Final Grade
0,517,82.3325
1,533,88.78625000000001
2,543,82.40625
3,609,92.87
4,615,95.64375000000001
5,732,83.57125
6,793,88.92750000000001
7,877,86.88125
