,Student ID,Final Grade
0,7237,90.11500000000001
1,7306,90.85333333333334
2,7323,92.185
3,7415,91.395
4,7499,82.35000000000001
5,7565,96.52500000000002
6,7641,77.70833333333333
