,Student ID,Final Grade
0,7276,84.86333333333333
1,7291,95.32166666666666
2,7295,89.88999999999999
3,7339,89.23
4,7363,83.765
5,7366,85.74333333333334
6,7471,85.34833333333334
7,7521,89.21999999999998
8,7556,91.165
9,7607,82.03833333333334
10,7653,91.26166666666666
