,Student ID,Final Grade
0,486,82.99142857142856
1,494,85.74857142857142
2,527,85.54142857142857
3,621,83.62285714285713
4,747,89.78571428571429
5,757,79.72285714285714
6,769,73.40857142857143
7,789,92.30714285714285
8,818,82.09857142857142
9,825,83.45714285714287
10,857,85.73714285714287
