,Student ID,Final Grade
0,7255,72.096
1,7344,90.012
2,7345,75.322
3,7361,82.46600000000001
4,7362,86.61999999999999
5,7369,82.082
6,7401,80.946
7,7408,87.22600000000001
8,7475,83.546
9,7486,89.124
10,7499,92.058
11,7530,89.526
12,7533,97.00800000000001
13,7557,96.862
14,7601,81.358
15,7611,96.804
16,7618,99.236
17,7625,87.426
18,7644,81.936
19,7654,77.05
