,Student ID,Final Grade
0,473,79.56833333333333
1,483,79.28166666666665
2,494,88.02499999999999
3,529,91.79666666666667
4,534,79.47333333333333
5,537,92.26166666666666
6,555,90.43
7,689,78.93833333333333
8,690,86.90000000000002
9,694,92.66166666666668
10,816,95.44
11,840,81.89333333333333
12,873,85.63333333333333
