,Student ID,Final Grade
0,7246,79.30428571428571
1,7283,98.07285714285715
2,7288,85.32000000000001
3,7292,87.33714285714287
4,7361,88.85857142857142
5,7363,83.8157142857143
6,7376,92.70285714285714
7,7461,97.61285714285714
8,7499,80.39
9,7576,97.61714285714285
10,7581,89.30999999999999
11,7588,84.36428571428571
12,7629,81.41857142857143
13,7631,89.45857142857142
14,7632,83.89142857142858
