,Student ID,Final Grade
0,7247,82.636
1,7320,86.52999999999999
2,7375,86.982
3,7384,94.274
4,7441,90.312
5,7484,82.738
6,7511,82.56199999999998
7,7518,93.16000000000001
8,7528,81.348
