,Student ID,Final Grade
0,7247,77.73333333333333
1,7267,91.23166666666667
2,7314,91.88
3,7335,91.64666666666665
4,7337,74.25333333333333
5,7364,93.52166666666666
6,7424,88.03333333333332
7,7429,87.68
8,7446,84.08
9,7492,94.91333333333334
10,7509,93.645
11,7582,97.30333333333334
12,7608,84.07333333333334
13,7609,78.06500000000001
14,7637,89.39333333333333
15,7648,84.24666666666666
16,7649,95.695
