,Student ID,Final Grade
0,530,65.14
1,557,79.02250000000001
2,565,84.17999999999999
3,566,77.38
4,587,90.4275
5,595,87.74749999999999
6,597,70.465
7,661,80.2175
8,699,77.0925
9,721,74.0475
10,722,89.225
11,732,85.31
12,803,76.675
13,825,67.525
14,868,87.35000000000001
