,Student ID,Final Grade
0,473,90.74222222222222
1,531,79.66888888888889
2,652,89.0311111111111
3,681,86.68222222222222
4,785,84.17555555555556
5,872,85.05555555555556
