,Student ID,Final Grade
0,7248,82.26285714285714
1,7292,76.96714285714286
2,7332,83.11714285714287
3,7365,91.13857142857144
4,7595,91.87
5,7642,98.56142857142856
