,Student ID,Final Grade
0,483,94.01714285714284
1,486,96.33285714285714
2,492,76.77428571428572
3,508,85.86571428571429
4,550,86.05285714285715
5,551,91.96714285714287
6,558,85.74285714285715
7,576,83.39142857142858
8,581,91.96571428571428
9,588,88.65
10,682,81.13
11,753,90.58428571428571
12,755,87.73000000000002
13,773,83.50142857142858
14,802,95.93714285714286
15,831,84.35000000000001
16,845,93.43999999999998
17,857,84.86571428571429
