,Student ID,Final Grade
0,7240,86.035
1,7247,86.185
2,7257,89.79250000000002
3,7258,94.08125
4,7271,85.2375
5,7273,90.77
6,7278,86.68625
7,7366,82.44624999999999
8,7405,84.88499999999999
9,7408,83.59875
10,7410,89.46500000000002
11,7574,95.37624999999998
12,7599,79.95
