,Student ID,Final Grade
0,466,84.4925
1,471,89.07000000000001
2,477,81.75125
3,497,86.91624999999999
4,572,84.1925
5,627,88.64125
6,680,89.06375
7,695,83.845
8,767,83.06625
9,789,91.24125000000001
