,Student ID,Final Grade
0,7243,81.038
1,7307,81.874
2,7326,90.33200000000001
3,7349,84.156
4,7467,90.63199999999999
5,7514,86.91
6,7517,82.31800000000001
7,7541,71.288
8,7646,75.03
