,Student ID,Final Grade
0,7235,87.85833333333335
1,7265,96.14
2,7267,79.28666666666666
3,7289,94.78666666666668
4,7323,92.21
5,7356,84.54833333333333
6,7360,87.38333333333333
7,7377,81.21666666666665
8,7391,89.27333333333333
9,7422,81.78666666666668
10,7443,85.02166666666666
11,7457,95.16666666666667
12,7462,88.22500000000001
13,7526,88.58333333333333
14,7562,92.93666666666667
15,7609,96.86333333333334
16,7614,93.73666666666666
17,7617,85.97666666666667
