,Student ID,Final Grade
0,7284,74.88333333333334
1,7319,86.36666666666666
2,7366,82.53333333333333
3,7410,90.05833333333334
4,7462,84.17833333333334
5,7482,76.12333333333332
6,7507,87.58
7,7576,88.13
8,7605,83.64833333333333
9,7607,84.37
10,7622,78.52333333333333
