,Student ID,Final Grade
0,7253,96.34
1,7256,88.944
2,7316,87.94800000000001
3,7373,87.676
4,7389,83.506
5,7392,94.25
6,7420,73.31200000000001
7,7424,95.17999999999999
8,7505,92.782
9,7567,85.244
10,7613,92.898
