,Student ID,Final Grade
0,7241,88.57833333333333
1,7257,84.51
2,7261,80.55333333333333
3,7295,86.555
4,7299,79.62333333333332
5,7326,86.23500000000001
6,7342,87.05499999999999
7,7352,94.18166666666666
8,7370,77.55166666666666
9,7442,83.32333333333334
10,7486,81.15666666666668
11,7534,90.27333333333333
12,7569,89.0
13,7624,80.46333333333332
14,7633,90.69166666666666
