,Student ID,Final Grade
0,7251,93.482
1,7373,77.648
2,7401,80.752
3,7414,94.898
4,7457,86.27799999999999
5,7466,86.1
6,7472,87.602
7,7502,90.612
8,7529,89.71199999999999
9,7536,64.748
10,7545,93.582
11,7581,89.692
12,7582,82.648
13,7605,86.724
14,7610,85.422
15,7613,88.58
16,7649,93.484
