,Student ID,Final Grade
0,486,93.354
1,494,88.74600000000001
2,507,88.026
3,539,93.918
4,554,96.69399999999999
5,584,79.588
6,624,88.626
7,687,75.16000000000001
8,698,85.66400000000002
9,702,96.65599999999999
10,710,81.97
11,714,92.334
12,785,90.40599999999999
13,823,75.28799999999998
14,852,91.952
