,Student ID,Final Grade
0,563,85.2525
1,569,84.34625
2,666,88.44125
3,753,76.17500000000001
4,759,81.60625
5,774,90.33625
6,803,86.92500000000001
7,866,87.86874999999999
