,Student ID,Final Grade
0,516,92.24000000000001
1,523,82.76833333333333
2,549,78.88166666666667
3,558,89.60000000000001
4,580,83.38
5,665,92.455
6,730,91.16000000000001
7,788,84.93333333333332
8,861,81.56500000000001
9,876,84.73166666666667
