,Student ID,Final Grade
0,7247,94.04333333333334
1,7296,88.40833333333335
2,7309,89.06833333333333
3,7320,80.34666666666665
4,7376,94.425
5,7387,89.075
6,7398,78.87666666666667
7,7447,88.675
8,7453,90.26166666666667
9,7506,85.86833333333334
10,7524,82.98166666666667
11,7531,95.89999999999999
12,7552,80.24333333333333
13,7569,97.04
14,7585,91.46833333333332
15,7591,92.335
16,7651,86.06833333333333
