,Student ID,Final Grade
0,7244,84.22333333333333
1,7286,94.75333333333333
2,7305,73.99333333333333
3,7336,90.375
4,7404,85.56833333333333
5,7437,70.30166666666666
6,7440,93.49833333333333
7,7452,88.73333333333333
8,7454,73.38166666666667
9,7526,96.505
10,7540,83.97166666666666
11,7556,84.65666666666667
12,7574,87.89999999999999
13,7604,85.46499999999999
14,7648,88.00999999999999
15,7654,79.59333333333333
