,Student ID,Final Grade
0,7276,92.33333333333333
1,7279,96.15666666666668
2,7303,86.85833333333335
3,7417,81.895
4,7420,92.89833333333335
5,7458,91.59333333333335
6,7471,87.665
7,7477,95.10833333333333
8,7486,72.58
9,7516,90.72333333333334
10,7519,94.49666666666667
11,7553,79.75833333333334
12,7558,86.39166666666667
13,7563,80.76333333333334
14,7577,88.80833333333334
15,7633,82.27499999999999
