,Student ID,Final Grade
0,7284,79.89571428571428
1,7291,84.5942857142857
2,7316,87.11142857142856
3,7345,90.16571428571429
4,7422,85.72714285714287
5,7450,82.74
6,7464,79.08428571428571
7,7494,83.19000000000001
8,7534,91.84571428571428
9,7549,79.11428571428573
10,7550,89.28857142857143
11,7571,86.97
12,7578,89.23857142857143
13,7615,85.5657142857143
14,7616,85.90857142857143
15,7617,84.01
16,7622,80.78714285714285
17,7627,88.80285714285715
18,7631,81.04142857142857
