,Student ID,Final Grade
0,471,89.4625
1,513,74.00875
2,540,85.555
3,556,76.85
4,628,84.81
5,668,84.305
6,679,84.89875
7,689,70.02250000000001
8,755,82.1
9,804,92.89125
10,843,82.72
11,859,89.3925
12,861,76.56125
13,867,81.60125000000001
