,Student ID,Final Grade
0,7326,93.94833333333334
1,7367,84.15
2,7394,80.83833333333332
3,7427,86.90833333333335
4,7464,78.67500000000001
5,7471,96.40333333333332
