,Student ID,Final Grade
0,7279,89.834
1,7311,86.63866666666668
2,7319,82.14266666666667
3,7352,86.10666666666665
4,7367,80.50066666666666
5,7393,87.43933333333332
6,7442,87.46533333333333
7,7507,85.62733333333333
8,7509,90.44266666666667
9,7556,91.62066666666666
10,7569,89.81600000000002
11,7580,91.61866666666668
12,7602,88.22466666666669
