,Student ID,Final Grade
0,7262,81.495
1,7275,86.26166666666666
2,7364,77.73333333333333
3,7524,87.29333333333334
4,7636,84.405
5,7657,84.62333333333332
