,Student ID,Final Grade
0,7244,86.77000000000001
1,7378,75.08624999999999
2,7424,80.72125
3,7425,83.5625
4,7542,85.50375
5,7567,83.01125
6,7570,79.85125
7,7586,87.27125
8,7593,87.82374999999999
