,Student ID,Final Grade
0,465,85.466
1,518,80.694
2,539,86.65
3,573,73.812
4,592,89.65
5,623,87.322
6,695,79.02000000000001
7,714,96.53599999999999
8,715,89.164
9,754,80.792
10,791,95.394
11,829,86.58200000000001
12,864,87.532
13,874,81.932
