,Student ID,Final Grade
0,457,85.85499999999999
1,501,94.4875
2,504,87.9025
3,559,88.4325
4,561,90.21249999999999
5,692,91.7025
6,709,78.3425
7,713,95.5175
8,793,76.995
9,806,92.7475
10,824,89.1225
11,825,88.0325
12,852,90.77
13,853,95.59
14,856,96.3125
