,Student ID,Final Grade
0,468,90.84875000000001
1,517,93.19125
2,525,85.33125000000001
3,539,88.32625
4,583,77.39750000000001
5,608,77.40875
6,612,79.36250000000001
7,679,84.52749999999999
8,680,83.64125
9,690,94.58125000000001
10,726,92.72625
11,753,90.92750000000001
12,761,89.275
13,762,81.52000000000001
14,795,90.0625
15,867,84.65875
