,Student ID,Final Grade
0,7252,88.56
1,7287,88.534
2,7386,99.514
3,7425,84.38400000000001
4,7446,71.99000000000001
5,7453,86.502
6,7459,81.924
7,7539,90.132
8,7589,87.934
9,7639,82.08
