,Student ID,Final Grade
0,7261,91.98875000000001
1,7280,94.36125
2,7288,89.01625
3,7368,86.99625
4,7419,87.62375000000002
5,7424,87.1275
6,7452,81.60624999999999
7,7465,79.66
8,7470,90.205
9,7472,91.3025
10,7499,92.21
11,7526,80.99000000000001
12,7554,77.73499999999999
13,7575,92.7825
14,7625,91.29875
