,Student ID,Final Grade
0,7234,93.50428571428571
1,7310,86.59285714285714
2,7346,82.9557142857143
3,7382,82.41428571428573
4,7532,96.07000000000001
5,7567,87.25857142857144
6,7585,88.37857142857142
7,7588,91.69285714285715
