,Student ID,Final Grade
0,470,94.12333333333333
1,529,90.67166666666667
2,534,85.03166666666667
3,634,75.11666666666666
4,662,84.51666666666667
5,664,89.755
6,756,85.40500000000002
7,785,88.74666666666667
8,824,87.70666666666666
