,Student ID,Final Grade
0,7298,93.152
1,7358,96.56400000000001
2,7371,89.44800000000001
3,7538,89.85
4,7562,91.658
5,7643,69.934
