,Student ID,Final Grade
0,7314,79.602
1,7331,80.364
2,7334,79.164
3,7340,75.418
4,7350,90.578
5,7353,77.314
6,7381,94.61600000000001
7,7452,72.19000000000001
8,7510,86.80999999999999
9,7517,81.424
10,7525,87.84
11,7563,80.11999999999999
12,7594,80.592
13,7627,79.64
14,7633,88.39
