,Student ID,Final Grade
0,7412,88.13375
1,7415,88.22999999999999
2,7452,88.5025
3,7453,84.32375000000002
4,7517,86.655
5,7618,92.16375
