,Student ID,Final Grade
0,7243,88.47285714285714
1,7267,93.98571428571428
2,7333,92.89142857142858
3,7350,74.32857142857144
4,7400,90.21571428571428
5,7407,90.9057142857143
6,7411,91.01142857142858
7,7453,86.35000000000001
8,7455,89.45142857142856
9,7535,87.68428571428572
10,7551,89.2357142857143
11,7597,85.27428571428572
12,7624,94.75857142857141
13,7630,75.76571428571428
14,7634,82.44428571428571
