,Student ID,Final Grade
0,500,85.08875
1,517,85.69
2,716,85.215
3,720,89.62875
4,847,80.815
5,859,93.8125
