,Student ID,Final Grade
0,7238,83.01
1,7243,80.114
2,7270,87.4
3,7275,81.574
4,7295,80.086
5,7313,89.366
6,7326,94.108
7,7373,85.736
8,7390,81.992
9,7415,87.77799999999999
10,7446,90.09599999999999
11,7477,90.116
12,7509,83.84200000000001
13,7519,93.404
14,7525,91.576
15,7557,84.684
16,7575,88.404
17,7585,82.632
18,7642,80.588
