,Student ID,Final Grade
0,7266,85.15333333333334
1,7316,81.66
2,7320,76.91833333333334
3,7345,91.34833333333334
4,7377,89.36333333333334
5,7391,88.11000000000001
6,7394,84.64999999999999
7,7457,81.48833333333333
8,7463,91.30166666666666
9,7464,81.00166666666668
10,7497,83.85
11,7518,73.31166666666667
12,7520,79.485
13,7523,78.51166666666667
14,7569,96.92666666666666
15,7608,81.59333333333333
