,Student ID,Final Grade
0,7249,87.0488888888889
1,7253,88.75444444444445
2,7296,88.96666666666667
3,7326,83.78
4,7336,84.27222222222223
5,7349,79.96999999999998
6,7355,94.6988888888889
7,7365,88.14222222222223
8,7403,87.84222222222223
9,7406,80.70222222222223
10,7409,94.6888888888889
11,7427,78.29333333333332
12,7456,93.19555555555556
13,7471,87.99
14,7504,86.01
15,7516,87.26111111111112
16,7567,80.44
17,7568,78.72555555555556
18,7574,87.88666666666667
19,7638,83.51444444444445
