,Student ID,Final Grade
0,461,79.90833333333335
1,483,92.605
2,515,83.22166666666668
3,520,81.00999999999999
4,561,92.05166666666666
5,671,80.40499999999999
6,708,78.94833333333332
7,776,82.17666666666666
8,811,93.37666666666667
9,822,89.90499999999999
10,874,83.93833333333332
