,Student ID,Final Grade
0,512,97.59428571428573
1,566,88.97571428571428
2,583,85.39142857142858
3,743,86.63428571428571
4,757,93.54285714285713
5,760,88.09857142857143
6,799,82.14142857142858
7,843,93.67
8,855,79.50714285714285
