,Student ID,Final Grade
0,7245,81.698
1,7309,72.58200000000001
2,7337,72.308
3,7401,85.23400000000001
4,7426,84.02799999999999
5,7454,92.546
6,7508,81.91
7,7529,74.08599999999998
8,7533,86.15599999999999
9,7569,84.52
10,7589,85.612
11,7592,82.164
12,7598,74.87599999999999
13,7601,80.262
14,7616,82.102
15,7622,81.098
16,7648,79.944
