,Student ID,Final Grade
0,7234,89.23
1,7311,90.37666666666667
2,7333,93.11777777777779
3,7373,82.16222222222221
4,7383,92.37666666666667
5,7402,83.85111111111111
6,7418,88.48777777777778
7,7425,76.88555555555556
8,7459,92.43333333333334
9,7461,88.33111111111111
10,7475,85.8511111111111
11,7486,83.06111111111112
12,7541,91.54
13,7565,86.74555555555555
14,7583,89.21777777777778
15,7588,84.65333333333335
16,7594,92.53555555555555
17,7616,86.9377777777778
