,Student ID,Final Grade
0,7241,90.77374999999999
1,7257,79.19749999999999
2,7259,85.26375
3,7266,92.19
4,7273,75.05499999999999
5,7303,81.865
6,7313,95.605
7,7329,91.20875
8,7339,86.93625
9,7388,93.34124999999999
10,7397,90.71125
11,7400,75.6775
12,7469,88.69500000000001
13,7474,94.09500000000001
14,7559,81.385
15,7616,90.7325
16,7628,91.77125
17,7630,77.55000000000001
