,Student ID,Final Grade
0,522,85.46249999999999
1,525,85.51625
2,594,93.86875
3,650,87.7975
4,751,87.49624999999999
5,769,83.25999999999999
6,781,88.02000000000001
7,806,90.38375
8,836,87.76875
9,870,85.5525
