,Student ID,Final Grade
0,7256,84.67999999999999
1,7278,87.405
2,7310,85.885
3,7357,90.0125
4,7397,85.7875
5,7413,74.595
6,7450,74.2325
7,7456,96.8475
8,7461,75.42999999999999
9,7467,95.85000000000001
10,7533,100.0
11,7568,95.9125
12,7573,88.36500000000001
13,7607,85.6275
14,7618,89.305
15,7633,78.025
16,7641,85.17
17,7653,93.62750000000001
