,Student ID,Final Grade
0,458,93.81400000000001
1,459,92.22200000000001
2,468,86.59400000000001
3,473,92.56800000000001
4,515,84.14
5,525,92.784
6,542,90.474
7,596,80.572
8,626,82.032
9,737,86.386
10,773,84.54600000000002
11,798,98.576
12,862,85.22999999999999
