,Student ID,Final Grade
0,471,92.48125
1,487,87.35125
2,506,83.36124999999998
3,521,76.635
4,574,82.13875
5,581,88.735
6,621,85.83
7,638,91.78
8,657,72.24499999999999
9,689,77.38999999999999
10,793,79.37875
11,855,84.64375000000001
12,861,98.07375
13,862,85.595
14,875,80.115
