,Student ID,Final Grade
0,7236,85.125
1,7318,92.815
2,7423,81.97749999999999
3,7434,80.4575
4,7443,90.5975
5,7456,82.1725
6,7469,77.49000000000001
7,7494,91.44250000000001
8,7507,77.77250000000001
9,7522,88.3025
10,7542,70.83500000000001
11,7558,93.70249999999999
12,7614,76.7475
13,7637,79.78
