,Student ID,Final Grade
0,465,84.69333333333334
1,571,81.04666666666667
2,577,88.28833333333334
3,645,96.045
4,663,89.675
5,664,88.57333333333334
6,678,88.22666666666665
7,747,84.28666666666668
8,754,93.29333333333334
9,798,94.98666666666668
10,815,83.88
11,835,82.15833333333332
12,839,89.12166666666667
13,854,91.65833333333335
14,860,91.14833333333333
15,866,76.895
