,Student ID,Final Grade
0,461,88.11777777777777
1,483,81.85555555555555
2,534,85.82111111111111
3,538,95.73555555555555
4,549,89.72888888888889
5,636,85.6
6,637,82.81
7,783,93.43333333333334
8,784,86.66222222222223
