,Student ID,Final Grade
0,7282,87.25250000000001
1,7291,89.0275
2,7293,84.91375
3,7305,91.06625
4,7337,87.7025
5,7340,87.34875
6,7431,77.64500000000001
7,7479,90.27374999999999
8,7534,86.2825
9,7543,92.69500000000001
10,7577,82.52749999999999
11,7580,79.92875000000001
12,7581,87.2225
13,7629,78.3675
14,7631,88.35374999999999
15,7633,87.83125
16,7637,86.7975
17,7638,83.78875
