,Student ID,Final Grade
0,7243,79.55666666666667
1,7301,86.96833333333332
2,7303,92.25666666666666
3,7335,78.67833333333334
4,7346,86.46166666666666
5,7400,89.12
6,7415,85.69500000000001
7,7419,93.585
8,7429,82.54833333333333
9,7478,83.53166666666667
10,7529,87.67833333333334
