,Student ID,Final Grade
0,7253,83.71799999999999
1,7264,97.66
2,7290,85.404
3,7360,90.064
4,7424,91.97200000000001
5,7432,81.25999999999999
6,7441,81.512
7,7461,85.61600000000001
8,7462,92.316
9,7588,90.63199999999999
10,7590,81.748
