,Student ID,Final Grade
0,472,88.0975
1,494,87.72375
2,560,84.92750000000001
3,625,90.36625
4,628,84.99125000000001
5,658,94.555
6,688,86.30625
7,721,85.96750000000002
8,746,92.4325
9,802,78.515
10,812,90.39125
11,864,91.06625000000001
