,Student ID,Final Grade
0,7244,95.085
1,7318,84.35833333333333
2,7332,93.55333333333334
3,7339,69.29
4,7440,85.28499999999998
5,7463,70.51333333333332
6,7528,91.54666666666667
7,7556,82.01333333333334
8,7562,82.43499999999999
9,7622,73.52666666666667
