,Student ID,Final Grade
0,7280,85.79166666666667
1,7297,83.29166666666667
2,7316,92.84500000000001
3,7361,87.82833333333333
4,7366,81.11833333333333
5,7412,82.53166666666668
6,7416,84.45666666666666
7,7418,88.78000000000002
8,7422,83.69500000000001
9,7438,79.10833333333333
10,7473,91.99833333333333
11,7481,79.07833333333333
12,7493,81.13499999999999
13,7501,89.415
14,7515,80.22
15,7529,96.22499999999998
16,7538,81.57000000000001
17,7632,81.11
