,Student ID,Final Grade
0,543,89.02666666666666
1,568,65.87666666666667
2,588,80.92333333333333
3,738,83.58999999999999
4,743,98.27666666666669
5,762,80.1
