,Student ID,Final Grade
0,7247,67.50999999999999
1,7264,91.50333333333333
2,7276,90.165
3,7325,82.42666666666668
4,7397,87.49
5,7421,82.38833333333334
6,7524,86.68666666666667
7,7527,69.09666666666668
8,7535,88.47833333333334
9,7536,75.38833333333334
10,7550,77.03666666666666
11,7564,84.53166666666667
12,7637,80.03833333333333
13,7641,82.02166666666666
14,7644,91.295
15,7645,83.63666666666667
