,Student ID,Final Grade
0,459,82.80250000000001
1,497,74.09125
2,623,78.27250000000001
3,651,84.3225
4,654,90.19624999999999
5,669,88.21875
6,672,87.00999999999999
7,678,86.99374999999999
8,699,82.4775
9,709,84.69125
10,712,92.90375
11,752,90.89250000000001
12,767,79.40749999999998
13,774,82.70874999999998
14,787,88.85125000000001
15,800,83.78375
16,822,83.93749999999999
17,828,90.46374999999998
18,840,84.15875
19,860,87.6825
