,Student ID,Final Grade
0,7269,86.85000000000001
1,7327,66.94666666666666
2,7339,79.9
3,7375,67.51333333333334
4,7457,86.33
5,7534,80.42
