,Student ID,Final Grade
0,7245,89.76166666666666
1,7250,79.45166666666667
2,7256,84.06333333333332
3,7261,90.48333333333333
4,7275,86.67
5,7286,93.71666666666665
6,7314,76.24
7,7324,86.915
8,7330,83.62333333333333
9,7480,84.63166666666667
10,7492,84.71833333333333
11,7507,81.915
12,7523,91.79666666666667
13,7535,85.60666666666667
14,7556,88.40499999999999
15,7609,96.52499999999999
16,7611,84.14999999999999
17,7621,87.42666666666666
18,7647,89.37666666666667
