,Student ID,Final Grade
0,7259,90.952
1,7279,87.41
2,7281,99.396
3,7347,91.03800000000001
4,7386,86.70599999999999
5,7390,87.942
6,7415,75.762
7,7433,85.89200000000001
8,7449,91.97200000000001
9,7480,88.888
10,7501,90.10600000000001
11,7530,95.804
12,7546,86.808
13,7588,88.66999999999999
14,7589,87.498
15,7593,86.46000000000001
16,7616,95.58200000000001
17,7644,81.208
