,Student ID,Final Grade
0,462,87.76
1,474,81.90666666666668
2,491,91.34499999999998
3,493,91.91833333333334
4,498,78.01333333333334
5,523,94.28333333333332
6,531,88.36166666666666
7,539,85.42833333333333
8,543,83.45666666666666
9,584,83.59
10,592,86.125
11,609,96.07833333333333
12,665,92.76499999999999
13,674,86.49333333333334
14,765,79.21833333333332
15,805,87.00833333333333
16,850,83.68166666666666
17,852,89.30333333333333
18,878,87.62833333333333
