,Student ID,Final Grade
0,7250,89.602
1,7252,83.29400000000001
2,7255,92.854
3,7257,79.14399999999999
4,7298,86.352
5,7324,75.78
6,7390,93.268
7,7422,90.054
8,7511,93.27000000000001
9,7534,81.348
10,7537,94.964
11,7554,89.60400000000001
12,7573,84.358
13,7598,90.578
