,Student ID,Final Grade
0,7242,84.77714285714285
1,7256,76.14285714285714
2,7420,76.46428571428571
3,7442,93.00428571428571
4,7536,92.96571428571428
5,7554,84.04285714285716
