,Student ID,Final Grade
0,471,84.17142857142858
1,501,73.21714285714286
2,524,82.08428571428571
3,530,91.85142857142856
4,535,77.75857142857141
5,695,89.51428571428573
6,703,89.69714285714288
7,715,87.04142857142858
8,740,94.43857142857142
9,766,84.13
10,772,86.36999999999999
11,794,81.51857142857143
12,833,85.45857142857143
