,Student ID,Final Grade
0,514,87.93166666666667
1,547,85.50999999999999
2,550,94.94166666666668
3,573,89.935
4,605,95.56666666666666
5,630,96.17666666666666
6,640,90.65666666666668
7,699,83.07000000000001
8,706,81.80666666666666
9,721,89.17666666666668
10,743,85.30333333333333
11,747,84.365
12,772,85.05666666666666
13,773,75.73833333333333
14,850,88.05499999999999
15,875,94.92999999999999
16,876,80.43666666666667
