,Student ID,Final Grade
0,7238,79.68285714285712
1,7308,91.7057142857143
2,7341,81.51571428571428
3,7364,85.4542857142857
4,7384,84.61571428571428
5,7398,85.46571428571428
6,7425,87.29714285714284
7,7517,96.4557142857143
8,7536,85.9742857142857
9,7629,77.65714285714286
