,Student ID,Final Grade
0,7247,88.19666666666667
1,7254,89.63833333333332
2,7270,89.49333333333334
3,7293,91.42
4,7343,84.57666666666667
5,7351,91.72333333333334
6,7374,87.20666666666666
7,7412,75.95333333333333
8,7417,96.15500000000002
9,7462,84.23
10,7490,94.92
11,7555,83.59333333333332
12,7580,83.24166666666667
