,Student ID,Final Grade
0,7243,89.69888888888889
1,7254,91.85555555555555
2,7306,91.04222222222222
3,7315,87.95444444444445
4,7321,97.34777777777778
5,7326,87.56666666666666
6,7332,91.02444444444444
7,7378,93.19555555555556
8,7412,89.32111111111111
9,7421,79.02222222222223
10,7428,94.11777777777779
11,7505,92.09888888888888
12,7556,87.63777777777779
13,7614,92.80444444444443
14,7620,87.98444444444445
15,7640,84.41222222222221
