,Student ID,Final Grade
0,7248,89.32
1,7308,84.99833333333333
2,7343,94.54333333333334
3,7352,90.61666666666667
4,7377,89.10666666666667
5,7581,89.55000000000001
6,7590,84.52833333333335
7,7597,79.69166666666666
