,Student ID,Final Grade
0,471,84.602
1,507,90.066
2,573,92.96000000000001
3,614,82.124
4,630,68.964
5,663,88.108
6,717,84.522
7,718,96.234
8,738,90.56199999999998
9,741,85.82199999999999
10,742,90.042
11,779,77.44800000000001
12,823,88.80999999999999
13,825,83.67999999999999
14,859,89.86
15,875,90.79400000000001
16,876,87.13399999999999
