,Student ID,Final Grade
0,7276,87.802
1,7330,89.532
2,7331,76.48
3,7373,88.31400000000001
4,7377,80.084
5,7386,91.75399999999999
6,7408,61.08399999999999
7,7418,81.792
8,7433,78.54400000000001
9,7450,89.598
10,7479,90.168
11,7518,89.25
12,7539,79.97
13,7567,87.99
14,7584,82.708
15,7629,94.49199999999999
16,7635,87.04400000000001
17,7649,79.298
