,Student ID,Final Grade
0,484,81.24142857142859
1,548,96.75
2,551,90.1542857142857
3,590,88.44285714285714
4,655,91.03571428571429
5,671,77.2942857142857
6,698,86.24428571428572
7,848,91.80428571428571
