,Student ID,Final Grade
0,7266,88.6475
1,7283,93.065
2,7345,84.305
3,7356,86.46
4,7400,83.28125
5,7421,86.99000000000001
6,7433,91.08875
7,7463,87.17625000000001
8,7494,95.00874999999999
9,7642,85.44250000000001
