,Student ID,Final Grade
0,472,83.88111111111112
1,473,82.21444444444444
2,546,87.86999999999999
3,554,88.51222222222222
4,567,94.89222222222222
5,569,86.88000000000001
6,590,93.51555555555557
7,628,82.31666666666666
8,637,87.91444444444444
9,788,74.54222222222224
10,795,82.31777777777778
11,796,81.78
12,801,83.40888888888888
13,857,81.1888888888889
