,Student ID,Final Grade
0,7256,79.21833333333332
1,7279,85.35666666666668
2,7284,91.95666666666666
3,7287,86.05833333333332
4,7312,94.75
5,7319,88.87666666666667
6,7337,88.72333333333331
7,7402,92.21
8,7447,95.68833333333333
9,7460,76.77666666666666
10,7509,92.66666666666667
11,7525,84.08666666666666
12,7536,78.37166666666667
13,7538,86.87166666666667
14,7583,84.03
15,7587,92.64999999999999
16,7604,83.33666666666666
17,7609,79.94166666666666
18,7614,87.91833333333334
19,7639,91.99166666666667
