,Student ID,Final Grade
0,7264,85.17375
1,7307,90.44
2,7331,90.095
3,7340,91.74125
4,7351,88.65125
5,7416,78.015
6,7459,77.045
7,7534,84.97875
8,7564,93.29124999999999
9,7585,81.84625
10,7601,89.62374999999999
11,7635,89.765
12,7643,84.62
13,7653,85.6525
