,Student ID,Final Grade
0,487,92.40375
1,516,88.19500000000001
2,519,95.74875
3,521,83.51
4,563,84.11
5,605,83.22874999999999
6,627,91.15
7,636,83.79625000000001
8,656,84.17625000000001
9,687,67.22749999999999
10,707,87.60875
11,725,82.48625
12,739,88.17625
13,764,85.5975
14,770,91.75125
15,789,74.93125
16,820,81.47125
17,874,88.20125
