,Student ID,Final Grade
0,7234,92.20285714285716
1,7245,90.10285714285713
2,7246,87.60857142857142
3,7301,94.14428571428572
4,7324,86.01714285714286
5,7328,93.27285714285713
6,7346,77.37714285714286
7,7375,82.18714285714285
8,7381,87.32285714285715
9,7392,91.9742857142857
10,7437,80.62
11,7455,97.51428571428572
12,7476,76.29142857142857
13,7485,79.26714285714284
14,7496,75.55285714285715
15,7569,89.49714285714285
16,7588,83.78999999999999
17,7640,86.84714285714286
18,7647,93.99428571428572
