,Student ID,Final Grade
0,458,91.91714285714286
1,470,89.97857142857143
2,472,93.02428571428572
3,491,88.61714285714287
4,495,88.57285714285715
5,506,82.99
6,510,87.3457142857143
7,512,93.93714285714285
8,514,76.81857142857143
9,526,81.48285714285714
10,535,87.70714285714287
11,571,79.35428571428572
12,596,81.14
13,693,89.06857142857143
14,760,84.61714285714287
15,831,89.17285714285715
16,836,78.66
17,840,90.13000000000001
