,Student ID,Final Grade
0,7255,86.08000000000001
1,7309,89.97500000000001
2,7335,84.20375
3,7340,87.49499999999999
4,7370,83.97625
5,7417,84.62375
6,7431,88.49374999999999
7,7441,92.64625
8,7443,89.17375
9,7506,86.485
10,7544,87.16875000000002
11,7589,78.655
