,Student ID,Final Grade
0,494,90.49
1,635,84.49714285714286
2,805,87.42142857142858
3,826,92.08285714285714
4,858,95.27571428571427
5,864,81.74
