,Student ID,Final Grade
0,511,84.22
1,523,87.76500000000001
2,528,86.87625000000001
3,561,78.58874999999999
4,605,82.54
5,645,92.05749999999999
6,655,82.74
7,682,92.565
8,753,88.36
9,772,88.58125
10,815,76.77625
11,823,86.00999999999999
12,826,86.04875000000001
