,Student ID,Final Grade
0,489,78.05375000000001
1,535,80.18249999999999
2,537,77.84625
3,550,94.12875
4,575,81.83375
5,591,83.94875
6,626,75.89
7,737,92.45375
8,781,88.09874999999998
9,851,91.77499999999999
10,858,91.76499999999999
