,Student ID,Final Grade
0,7284,87.45833333333333
1,7309,84.36333333333333
2,7369,76.06333333333333
3,7386,93.02499999999999
4,7419,81.08333333333333
5,7456,87.06
6,7506,85.73333333333335
7,7546,91.12166666666667
8,7553,89.09333333333335
9,7582,97.30833333333334
10,7583,86.56166666666665
11,7625,80.07833333333333
