,Student ID,Final Grade
0,468,91.19166666666666
1,517,91.27333333333333
2,539,78.885
3,646,87.295
4,672,77.47333333333333
5,682,78.47500000000001
6,787,88.80833333333332
