,Student ID,Final Grade
0,7243,81.76714285714284
1,7303,87.97285714285714
2,7324,88.73285714285714
3,7329,88.11714285714285
4,7369,89.92428571428572
5,7393,87.28
6,7504,80.19000000000001
7,7505,75.83000000000001
8,7570,93.00285714285714
9,7578,80.45000000000002
10,7645,86.32714285714287
