,Student ID,Final Grade
0,7243,83.43285714285716
1,7254,86.50142857142858
2,7272,89.62571428571428
3,7274,78.94857142857143
4,7293,82.84428571428573
5,7299,90.92857142857143
6,7312,92.70714285714287
7,7318,88.39714285714285
8,7327,76.55857142857143
9,7351,80.14571428571428
10,7361,92.82000000000001
11,7366,92.00999999999999
12,7377,85.09142857142858
13,7385,94.93428571428572
14,7400,85.32571428571428
15,7423,87.97571428571429
16,7523,86.44142857142856
17,7633,88.79142857142857
