,Student ID,Final Grade
0,7246,86.02388888888888
1,7261,85.32055555555557
2,7282,84.805
3,7307,83.33666666666667
4,7335,84.08888888888887
5,7356,87.96999999999998
6,7419,92.49777777777778
7,7434,86.5977777777778
8,7438,86.78777777777778
9,7446,83.4
10,7457,86.63944444444445
11,7480,85.8061111111111
12,7501,83.95722222222223
13,7548,83.21277777777779
14,7579,85.98055555555555
15,7607,87.63388888888889
16,7629,93.36777777777779
17,7631,83.28277777777777
18,7638,85.615
19,7649,83.6838888888889
