,Student ID,Final Grade
0,7257,85.1625
1,7270,80.6
2,7294,79.3025
3,7345,88.105
4,7399,82.74625
5,7442,72.37499999999999
6,7444,84.77374999999999
7,7459,89.41250000000001
8,7500,88.67
9,7532,79.95750000000001
10,7544,90.7
