,Student ID,Final Grade
0,460,87.03625000000001
1,466,86.51375
2,469,83.29750000000001
3,501,90.44500000000001
4,513,94.98375
5,554,84.79499999999999
6,567,87.46125000000002
7,570,79.0425
8,597,86.27375
9,656,95.02749999999999
10,692,84.59625000000001
11,705,90.85374999999999
12,718,89.0225
13,781,92.85875
14,809,83.6075
15,834,88.97749999999999
16,859,81.36
17,863,78.72
