,Student ID,Final Grade
0,602,79.72571428571428
1,620,88.77285714285713
2,707,89.05142857142857
3,741,83.36142857142856
4,829,87.74000000000001
5,864,89.10285714285715
6,880,88.07428571428571
