,Student ID,Final Grade
0,7237,87.94111111111111
1,7287,80.99111111111112
2,7290,92.5888888888889
3,7317,81.79777777777777
4,7318,80.52333333333334
5,7340,91.43333333333335
6,7359,87.99
7,7379,81.23555555555555
8,7455,96.75444444444445
9,7467,90.36333333333333
10,7470,86.57111111111111
11,7515,87.52666666666667
12,7548,94.22444444444444
13,7580,86.55
14,7586,88.2811111111111
15,7627,86.45222222222222
16,7637,85.98333333333333
