,Student ID,Final Grade
0,459,88.14166666666667
1,533,89.24666666666666
2,550,84.78
3,553,86.66666666666667
4,600,85.13000000000001
5,603,88.40833333333335
6,652,86.48
7,670,79.37499999999999
8,695,89.32666666666667
9,720,86.02333333333333
10,726,94.395
11,737,91.22333333333331
12,775,84.32
13,837,85.76833333333333
14,838,85.20833333333333
15,844,76.085
