,Student ID,Final Grade
0,7245,88.19125
1,7283,87.75874999999999
2,7322,83.63375
3,7324,87.885
4,7326,81.2075
5,7350,94.83125000000001
6,7365,88.86500000000001
7,7475,85.49000000000001
8,7485,88.27125
9,7514,81.21875
10,7542,79.23625
11,7560,90.65125
