,Student ID,Final Grade
0,7254,77.346
1,7264,88.612
2,7275,98.602
3,7282,83.90400000000001
4,7298,94.08399999999999
5,7329,92.62
6,7330,85.462
7,7385,90.672
8,7387,86.996
9,7398,81.08399999999999
10,7401,84.84599999999999
11,7463,85.148
12,7473,96.422
13,7489,88.192
14,7504,80.09
15,7505,93.47999999999999
16,7508,83.596
17,7560,83.47
18,7617,88.924
19,7642,87.654
