,Student ID,Final Grade
0,458,77.89125
1,490,85.3175
2,495,85.38
3,506,83.31
4,536,88.2175
5,538,90.655
6,618,85.41125
7,620,75.25875
8,624,89.56875
9,678,78.40124999999999
10,730,86.47375
11,764,82.35875
12,768,90.8425
13,789,89.85375
14,797,87.31750000000001
15,857,79.46625
