,Student ID,Final Grade
0,7266,93.66666666666667
1,7275,87.59444444444443
2,7301,86.61111111111111
3,7308,91.17444444444445
4,7324,88.40777777777778
5,7384,90.68222222222221
6,7394,87.41666666666667
7,7420,89.52111111111111
8,7433,92.50555555555555
9,7471,96.83777777777777
10,7496,83.1177777777778
11,7523,92.97333333333333
12,7532,90.02777777777777
13,7543,92.75555555555555
14,7562,90.89777777777778
15,7575,94.23444444444445
16,7589,86.08777777777779
