,Student ID,Final Grade
0,7248,80.858
1,7278,78.816
2,7325,79.872
3,7326,89.94
4,7355,88.89
5,7395,88.104
6,7428,88.58599999999998
7,7430,95.08
8,7437,86.862
9,7444,78.26199999999999
10,7450,72.628
11,7462,78.856
12,7538,78.00999999999999
13,7576,89.726
14,7617,81.624
15,7636,83.51400000000001
