,Student ID,Final Grade
0,7237,92.13999999999999
1,7244,80.79749999999999
2,7268,89.75750000000001
3,7273,95.0875
4,7281,93.07
5,7357,92.80250000000001
6,7419,90.25999999999999
7,7449,88.89750000000001
8,7451,85.3575
9,7475,85.75250000000001
10,7478,75.565
11,7602,93.2125
12,7629,97.47
13,7630,98.60249999999999
14,7638,86.74
