,Student ID,Final Grade
0,7239,85.60444444444445
1,7281,88.67111111111112
2,7288,90.43555555555555
3,7292,86.68
4,7299,87.31444444444443
5,7303,88.82444444444444
6,7332,88.13333333333334
7,7342,88.49111111111112
8,7508,84.38666666666667
9,7522,95.17444444444443
10,7524,86.36111111111111
11,7551,83.02444444444444
12,7552,86.96111111111112
13,7559,73.53444444444443
14,7600,89.44555555555556
15,7628,86.71
