,Student ID,Final Grade
0,477,80.46
1,557,75.37666666666668
2,593,69.92666666666666
3,632,80.86666666666666
4,658,83.85166666666667
5,686,78.40166666666666
6,723,83.125
7,749,87.99166666666667
8,759,84.28833333333334
9,763,82.52833333333334
