,Student ID,Final Grade
0,469,93.3875
1,484,98.06625000000001
2,590,85.395
3,780,81.29125
4,793,92.5775
5,877,90.05999999999999
