,Student ID,Final Grade
0,7298,90.08833333333332
1,7394,65.83333333333333
2,7413,90.87833333333333
3,7415,79.165
4,7421,90.86500000000001
5,7431,76.75166666666665
6,7438,90.80333333333334
7,7475,83.11166666666666
8,7513,90.045
9,7546,78.11666666666666
10,7554,89.64333333333333
11,7567,78.70333333333333
12,7653,78.97333333333333
