,Student ID,Final Grade
0,7243,89.245
1,7244,72.33
2,7304,82.6125
3,7396,85.5875
4,7540,70.92999999999999
5,7551,90.77000000000001
6,7588,76.8175
