,Student ID,Final Grade
0,7281,85.792
1,7320,94.078
2,7410,77.682
3,7460,90.69399999999999
4,7473,91.59599999999999
5,7477,78.676
6,7592,79.91400000000002
