,Student ID,Final Grade
0,7251,94.125
1,7291,89.32666666666667
2,7299,91.38666666666667
3,7396,76.29499999999999
4,7464,74.56333333333333
5,7532,89.13499999999999
6,7592,89.575
