,Student ID,Final Grade
0,465,87.67666666666666
1,466,80.05833333333332
2,475,94.77
3,482,82.02166666666668
4,571,89.16333333333334
5,627,78.65666666666665
6,644,81.29833333333333
7,649,74.88333333333333
8,659,82.02
9,706,85.84833333333334
10,743,91.11333333333333
11,786,86.80833333333332
12,797,96.63
13,804,94.59333333333332
14,809,95.055
15,839,89.30166666666668
16,859,88.20833333333333
