,Student ID,Final Grade
0,490,87.8275
1,513,77.65
2,558,89.52875
3,588,89.30250000000001
4,620,78.4275
5,642,84.51750000000001
6,654,90.69
