,Student ID,Final Grade
0,526,88.65555555555554
1,558,79.01
2,564,81.91666666666667
3,572,87.71444444444442
4,630,79.55666666666667
5,698,85.11333333333333
6,765,86.33
7,777,91.50777777777779
