,Student ID,Final Grade
0,506,95.35833333333333
1,513,79.43
2,523,89.03000000000002
3,534,82.19333333333334
4,557,84.865
5,619,90.06
6,649,86.28166666666668
7,667,95.84333333333332
8,712,91.955
9,746,82.00333333333334
10,780,82.94500000000001
11,792,84.37666666666665
12,810,85.90499999999999
13,872,77.92833333333333
