,Student ID,Final Grade
0,7292,90.31222222222222
1,7317,91.52222222222223
2,7318,79.70333333333333
3,7345,79.09666666666665
4,7399,76.69444444444444
5,7402,83.87222222222222
6,7407,90.45666666666666
7,7471,92.90666666666667
8,7500,93.35444444444445
9,7525,90.81555555555556
10,7556,88.84444444444445
11,7557,97.19
12,7624,93.25222222222222
13,7627,92.47222222222223
