,Student ID,Final Grade
0,466,97.935
1,467,89.42
2,556,88.16833333333334
3,559,95.98833333333334
4,571,88.81
5,616,88.86833333333334
6,644,72.04333333333334
7,696,86.38333333333333
8,700,90.14166666666667
9,706,81.86166666666665
10,713,78.09166666666667
11,782,85.59333333333332
12,788,88.24833333333333
13,791,86.82333333333334
14,841,96.09500000000001
15,855,94.84500000000001
16,858,86.64333333333333
17,859,90.90333333333335
18,875,87.67333333333335
