,Student ID,Final Grade
0,461,92.85777777777778
1,527,85.48
2,632,86.88444444444445
3,663,92.96000000000001
4,676,76.38777777777779
5,686,80.75666666666666
6,690,82.02666666666667
7,697,83.45444444444445
8,700,80.26222222222223
9,732,88.56111111111112
10,773,90.69555555555556
11,778,85.56333333333333
12,781,76.43777777777778
13,786,82.18777777777777
14,792,80.03999999999999
15,809,88.80444444444444
16,837,81.85555555555555
17,867,79.51555555555555
18,877,87.01333333333334
