,Student ID,Final Grade
0,7252,81.006
1,7288,92.084
2,7332,83.08800000000001
3,7341,88.226
4,7347,84.69200000000001
5,7397,89.826
6,7438,91.72200000000001
7,7497,90.354
8,7549,87.814
9,7554,81.288
10,7572,83.56800000000001
11,7601,78.388
