,Student ID,Final Grade
0,468,90.20833333333333
1,487,74.545
2,529,88.47333333333334
3,534,88.28000000000002
4,551,79.49666666666667
5,561,90.68833333333333
6,624,90.74666666666667
7,652,94.48
8,700,97.73333333333333
9,737,91.77
10,773,85.94833333333334
11,801,88.52666666666669
12,823,86.07166666666667
13,843,75.82666666666667
14,852,73.98166666666667
15,860,89.89333333333333
16,861,95.49166666666667
17,866,82.95833333333333
