,Student ID,Final Grade
0,470,86.22285714285714
1,486,92.44714285714285
2,564,77.10142857142857
3,620,82.96285714285715
4,633,96.29999999999998
5,640,86.14285714285714
6,681,81.87285714285714
7,694,90.73428571428573
8,695,82.5657142857143
9,721,82.45285714285714
10,724,86.23428571428573
11,737,74.70142857142856
12,738,87.45428571428572
13,763,86.29571428571428
14,790,86.29285714285716
15,796,86.80714285714286
16,807,88.41714285714286
17,812,81.67571428571429
18,830,73.7
