,Student ID,Final Grade
0,7257,87.74857142857142
1,7287,87.55857142857143
2,7317,82.17999999999999
3,7333,79.41714285714285
4,7439,82.82857142857144
5,7487,78.03571428571429
