,Student ID,Final Grade
0,7235,90.8
1,7265,77.14571428571428
2,7336,87.35142857142857
3,7422,88.53142857142858
4,7555,94.73285714285714
5,7615,87.78999999999999
6,7617,89.83285714285714
7,7623,85.57000000000001
