,Student ID,Final Grade
0,7247,78.024
1,7311,79.302
2,7376,65.178
3,7380,85.506
4,7393,87.24600000000001
5,7397,87.28599999999999
6,7426,94.86
7,7437,84.018
8,7444,76.408
9,7482,84.052
10,7499,78.264
11,7555,78.978
12,7597,83.0
