,Student ID,Final Grade
0,7245,85.2225
1,7347,78.72749999999999
2,7402,92.33
3,7454,84.515
4,7469,95.7525
5,7481,86.37875
6,7510,83.3125
7,7534,87.59625
8,7590,92.6075
