,Student ID,Final Grade
0,7268,66.56
1,7293,80.39750000000001
2,7300,85.3575
3,7377,83.39
4,7382,95.135
5,7420,73.5975
6,7453,81.86500000000001
7,7468,81.69500000000001
8,7537,67.59
9,7542,91.58500000000001
10,7601,82.7875
