,Student ID,Final Grade
0,7251,84.59625
1,7294,93.58125
2,7423,83.3725
3,7450,89.485
4,7556,87.8775
5,7558,86.69250000000001
6,7593,80.26500000000001
7,7605,91.84124999999999
8,7630,85.66
9,7648,96.57124999999999
10,7653,91.74625
