,Student ID,Final Grade
0,481,84.055
1,483,83.855
2,542,67.87666666666667
3,543,88.26833333333333
4,558,93.07666666666667
5,577,81.44666666666666
6,588,86.34666666666668
7,594,71.23833333333334
8,614,78.05500000000002
9,629,82.41
10,634,79.30166666666666
11,644,90.45666666666666
12,734,89.64333333333333
13,753,82.67999999999999
14,761,92.84666666666665
15,777,94.48166666666667
