,Student ID,Final Grade
0,473,86.82374999999999
1,489,88.8275
2,507,83.91999999999999
3,527,87.23750000000001
4,563,79.6775
5,606,86.67125
6,622,86.015
7,676,83.42875
8,686,82.63749999999999
9,705,90.26499999999999
10,715,87.33875
11,728,79.61375
12,735,88.55
13,782,86.02875
14,804,93.90625
15,813,95.21124999999999
16,827,91.61500000000001
17,832,85.025
