,Student ID,Final Grade
0,7285,91.96375
1,7311,83.26375
2,7327,91.01499999999999
3,7374,82.19
4,7402,96.6625
5,7407,91.6525
6,7412,91.18
7,7423,83.625
8,7437,80.2875
9,7446,89.5875
10,7447,92.48375
11,7639,73.36874999999999
