,Student ID,Final Grade
0,7245,99.59333333333332
1,7257,78.85
2,7267,80.21666666666665
3,7313,98.94333333333333
4,7345,87.67333333333333
5,7350,76.51333333333334
6,7362,91.38
7,7409,89.49
8,7447,84.88333333333334
9,7471,100.0
10,7499,95.29666666666667
11,7512,85.99666666666667
12,7517,98.16666666666667
13,7547,77.38333333333334
14,7550,92.21333333333332
15,7594,86.24000000000001
16,7625,88.84666666666665
