,Student ID,Final Grade
0,7286,78.32142857142857
1,7449,87.07142857142856
2,7500,90.41714285714285
3,7618,70.71428571428571
4,7624,88.53714285714285
5,7654,85.84142857142857
