,Student ID,Final Grade
0,459,89.25125
1,470,97.36
2,544,87.54124999999999
3,563,83.4575
4,595,87.31125
5,624,82.71
6,666,90.27875
7,688,88.6
8,779,76.965
9,848,88.5975
