,Student ID,Final Grade
0,7278,75.95166666666667
1,7329,88.43666666666667
2,7342,88.38333333333334
3,7354,80.41666666666667
4,7369,89.30333333333334
5,7424,86.69500000000001
6,7437,91.97333333333334
7,7447,86.16333333333334
8,7471,86.34833333333334
9,7486,85.94
10,7534,98.02
11,7572,89.91666666666667
12,7589,95.955
13,7599,88.81166666666667
14,7612,84.655
