,Student ID,Final Grade
0,7357,86.53999999999999
1,7383,89.59
2,7387,85.4575
3,7463,96.15125
4,7521,85.03125
5,7557,79.47875
6,7570,82.4225
7,7595,79.16
