,Student ID,Final Grade
0,458,85.97444444444444
1,629,83.23222222222222
2,666,94.70333333333333
3,707,90.98888888888888
4,798,84.78555555555555
5,804,76.3588888888889
6,850,86.62666666666667
