,Student ID,Final Grade
0,459,92.61600000000001
1,508,90.83200000000001
2,557,80.208
3,570,80.914
4,623,83.216
5,630,84.86599999999999
6,641,80.928
7,703,92.096
8,706,90.506
9,710,63.718
10,747,83.46
11,750,86.01
12,752,84.322
13,780,87.83999999999999
14,787,77.782
15,801,93.46000000000001
16,812,91.89800000000001
17,843,86.418
