,Student ID,Final Grade
0,7244,86.63499999999999
1,7261,83.975
2,7266,78.96000000000001
3,7284,70.3275
4,7289,82.2325
5,7312,79.6675
6,7328,71.795
7,7349,87.9825
8,7361,87.785
9,7372,90.375
10,7397,92.165
11,7504,87.2675
12,7509,69.6275
13,7517,94.535
14,7519,82.295
15,7541,79.50999999999999
16,7546,87.44749999999999
