,Student ID,Final Grade
0,7236,76.28666666666666
1,7260,77.92999999999999
2,7284,90.89833333333333
3,7307,93.96666666666665
4,7332,78.47500000000001
5,7423,86.92666666666666
6,7434,95.07
7,7474,86.165
8,7476,89.73
9,7582,94.15666666666668
10,7596,86.23833333333334
11,7618,85.40833333333335
