,Student ID,Final Grade
0,7253,84.1175
1,7264,87.525
2,7273,92.9625
3,7284,70.6675
4,7304,83.4175
5,7316,89.9125
6,7333,82.17750000000001
7,7362,92.5075
8,7367,84.13
9,7381,88.145
10,7401,86.2
11,7410,82.2875
12,7461,88.6725
13,7493,83.91
14,7498,80.88000000000001
15,7514,89.355
16,7544,80.48750000000001
