,Student ID,Final Grade
0,523,79.02125
1,556,86.965
2,631,79.44624999999999
3,702,72.27875
4,740,94.1175
5,760,81.2625
6,802,87.97375
7,804,83.23875000000001
8,841,87.02875
