,Student ID,Final Grade
0,7256,90.398
1,7299,72.07000000000001
2,7312,89.524
3,7313,93.724
4,7317,81.538
5,7373,68.708
6,7386,78.21000000000001
7,7433,81.498
8,7445,87.002
9,7449,84.988
10,7462,91.986
11,7521,95.006
12,7537,90.47399999999999
13,7550,91.692
14,7562,86.096
15,7568,96.73599999999999
16,7574,85.75999999999999
17,7580,82.232
18,7621,81.53999999999999
19,7654,89.36600000000001
