,Student ID,Final Grade
0,7245,93.77799999999999
1,7315,87.0
2,7325,97.75
3,7329,70.66400000000002
4,7349,88.444
5,7369,87.776
6,7374,74.684
7,7386,79.76400000000001
8,7395,88.00999999999999
9,7431,85.24199999999999
10,7483,91.64200000000001
11,7484,80.336
12,7504,84.176
13,7533,86.702
14,7581,80.05199999999999
