,Student ID,Final Grade
0,528,93.13666666666666
1,545,85.01833333333333
2,586,87.895
3,597,90.96833333333335
4,666,87.70833333333333
5,678,86.21833333333335
6,701,93.12
7,711,77.135
8,742,94.64999999999999
9,758,84.09
10,803,90.96499999999999
11,819,82.46333333333332
