,Student ID,Final Grade
0,458,88.00833333333333
1,510,88.42666666666666
2,547,76.38
3,553,86.685
4,593,92.67333333333333
5,633,77.685
6,661,91.98666666666668
7,662,92.14999999999999
8,723,84.74000000000001
9,767,85.25333333333334
10,835,84.91833333333334
11,859,79.46833333333335
