,Student ID,Final Grade
0,471,88.20166666666667
1,519,94.62166666666667
2,591,82.11333333333333
3,662,77.10833333333333
4,705,91.90166666666666
5,721,94.755
6,784,80.28000000000002
7,853,85.855
8,867,90.63499999999999
9,869,77.67833333333333
