,Student ID,Final Grade
0,7268,86.14854166666669
1,7288,85.34645833333333
2,7337,89.51416666666667
3,7366,87.8625
4,7380,87.18395833333335
5,7382,87.32625
6,7388,86.70666666666666
7,7470,85.04604166666668
8,7483,86.22541666666666
9,7508,84.01708333333333
10,7552,86.30000000000001
11,7562,86.93166666666666
12,7572,84.76583333333333
13,7607,85.67583333333334
