,Student ID,Final Grade
0,506,91.09555555555555
1,532,84.84777777777778
2,574,91.19777777777777
3,625,86.45333333333332
4,636,90.02888888888889
5,741,90.28555555555555
6,853,89.42111111111112
