,Student ID,Final Grade
0,7273,92.3375
1,7319,74.2975
2,7331,91.54249999999999
3,7367,84.91
4,7388,89.96375
5,7389,93.5325
6,7425,87.0775
7,7444,87.05125
8,7555,85.37749999999998
9,7559,85.30624999999999
10,7569,87.4975
11,7570,91.135
12,7571,79.91499999999999
13,7603,79.3475
14,7637,87.97375
