,Student ID,Final Grade
0,7255,93.64333333333335
1,7318,83.63666666666668
2,7343,90.08111111111111
3,7354,83.01111111111112
4,7414,75.72111111111111
5,7425,75.44333333333333
6,7452,84.78777777777778
7,7468,88.88666666666667
8,7523,83.66999999999999
9,7540,84.97666666666667
10,7545,79.95444444444443
11,7552,82.62555555555556
12,7571,87.92222222222222
13,7576,93.07222222222224
14,7584,86.09444444444445
