,Student ID,Final Grade
0,7326,94.99666666666667
1,7331,85.62833333333333
2,7332,81.54666666666667
3,7333,83.49333333333334
4,7462,82.575
5,7642,87.18166666666666
