,Student ID,Final Grade
0,457,86.97714285714287
1,470,88.96000000000001
2,474,89.93999999999998
3,488,85.68857142857142
4,522,88.70857142857143
5,540,77.51857142857143
6,553,83.45285714285716
7,568,87.79857142857144
8,590,79.09285714285714
9,605,90.5442857142857
10,615,90.69428571428571
11,675,74.75
12,732,88.93571428571428
13,790,92.99428571428572
14,803,88.58428571428571
15,828,82.22857142857141
