,Student ID,Final Grade
0,7269,88.40857142857143
1,7311,73.61285714285715
2,7347,87.61714285714287
3,7370,92.17142857142858
4,7444,78.01428571428572
5,7469,88.79857142857144
6,7498,91.44571428571429
7,7511,78.30999999999999
8,7519,87.18571428571428
9,7553,79.38857142857144
10,7646,94.18142857142857
11,7650,93.25571428571428
