,Student ID,Final Grade
0,7299,90.17666666666668
1,7325,78.96777777777778
2,7342,80.75333333333333
3,7378,82.2088888888889
4,7527,86.44555555555557
5,7614,85.37222222222223
