,Student ID,Final Grade
0,7276,79.19800000000001
1,7327,96.03399999999999
2,7335,90.48
3,7339,86.3
4,7360,79.326
5,7378,95.18199999999999
6,7382,85.49
7,7383,80.75199999999998
8,7384,76.23400000000001
9,7393,81.66799999999999
10,7419,84.374
11,7420,93.458
12,7443,93.642
13,7499,93.69000000000001
14,7517,84.318
15,7559,90.36600000000001
16,7605,95.978
17,7624,73.86
