,Student ID,Final Grade
0,473,80.54666666666667
1,487,82.13166666666666
2,505,82.74833333333332
3,554,87.265
4,557,79.43333333333334
5,582,89.30666666666667
6,583,83.75333333333333
7,587,90.06166666666667
8,606,85.79333333333334
9,607,79.02166666666666
10,656,86.74666666666667
11,695,83.20666666666666
12,696,79.46833333333335
13,733,89.83333333333333
14,756,89.62166666666667
15,767,87.98333333333335
16,808,91.48
17,817,80.515
18,851,91.94833333333334
19,880,76.63833333333334
