,Student ID,Final Grade
0,7288,96.342
1,7294,78.736
2,7310,85.19
3,7402,83.162
4,7426,80.186
5,7446,82.208
6,7488,85.66999999999999
7,7500,93.90799999999999
8,7586,84.332
9,7588,86.812
10,7627,78.38
11,7630,85.558
12,7638,82.106
13,7651,85.09
14,7653,84.876
