,Student ID,Final Grade
0,7249,92.98333333333335
1,7272,69.34500000000001
2,7283,73.37333333333333
3,7328,78.63666666666667
4,7384,90.78833333333334
5,7436,87.19
6,7451,76.74333333333334
7,7505,94.92
8,7509,81.59333333333333
9,7560,87.7
10,7617,87.69833333333334
