,Student ID,Final Grade
0,7264,72.90454545454544
1,7295,87.19818181818181
2,7319,86.97090909090909
3,7329,90.07181818181817
4,7332,89.82
5,7335,83.93727272727273
6,7379,84.67636363636363
7,7388,90.45363636363636
8,7449,85.60272727272728
9,7456,81.34454545454547
10,7492,76.99
11,7558,86.96090909090911
12,7617,85.11
13,7648,80.32545454545453
14,7653,84.94818181818182
