,Student ID,Final Grade
0,7407,79.92428571428572
1,7462,76.11428571428571
2,7557,84.13857142857144
3,7604,93.7757142857143
4,7605,91.26571428571428
5,7621,86.25428571428573
