,Student ID,Final Grade
0,482,80.745
1,499,76.46249999999999
2,587,84.745
3,597,78.945
4,607,87.5175
5,643,89.9475
6,661,86.3975
7,673,81.1025
8,686,83.7475
9,731,76.5175
10,747,83.6075
11,782,78.76499999999999
