,Student ID,Final Grade
0,7351,84.8475
1,7360,82.955
2,7383,86.83125
3,7415,87.51875
4,7458,83.3325
5,7514,82.97749999999999
6,7533,87.13499999999999
7,7547,83.18125000000002
8,7598,76.355
9,7601,87.01375
