,Student ID,Final Grade
0,7240,80.42375
1,7316,93.35125
2,7370,91.445
3,7379,91.0625
4,7467,94.71249999999999
5,7571,83.60249999999999
6,7579,88.4425
