,Student ID,Final Grade
0,7297,82.3125
1,7334,87.71874999999999
2,7373,79.69874999999999
3,7419,87.65375
4,7433,89.97125000000001
5,7444,86.58375000000001
6,7452,83.81625
7,7463,81.18
8,7547,78.4725
9,7567,87.98875000000001
10,7600,92.145
11,7602,91.615
