,Student ID,Final Grade
0,7271,69.625
1,7292,90.385
2,7336,92.60625
3,7375,90.90375
4,7403,87.505
5,7480,92.41875
6,7494,81.81375
