,Student ID,Final Grade
0,7254,87.80166666666668
1,7304,86.98333333333333
2,7334,92.795
3,7363,75.12
4,7379,79.51
5,7380,78.92666666666668
6,7389,82.94666666666666
7,7392,70.76833333333333
8,7427,80.16000000000001
9,7450,87.06166666666667
10,7463,88.02333333333333
11,7499,88.79
12,7541,88.66166666666668
13,7548,80.90500000000002
14,7558,83.48166666666667
15,7587,85.73166666666667
16,7612,81.40166666666666
