,Student ID,Final Grade
0,7329,83.15285714285714
1,7339,86.71857142857142
2,7351,87.02
3,7353,77.83000000000001
4,7378,88.79142857142857
5,7398,89.6257142857143
6,7416,90.52857142857144
7,7450,89.00857142857141
8,7488,80.37428571428572
9,7503,84.93571428571428
10,7519,88.60571428571428
11,7564,78.86571428571429
12,7569,91.50571428571428
