,Student ID,Final Grade
0,465,80.4225
1,502,78.35000000000001
2,537,81.755
3,539,77.81750000000001
4,580,82.91
5,662,90.2225
6,666,94.405
7,727,91.66749999999999
8,785,87.0
9,810,94.12
10,841,94.025
11,847,83.9675
12,871,88.5325
