,Student ID,Final Grade
0,7295,83.31666666666666
1,7335,89.42833333333333
2,7367,79.97333333333333
3,7481,86.17
4,7527,82.23
5,7543,91.41833333333334
6,7554,79.53333333333335
7,7567,85.33666666666666
8,7646,68.71333333333334
