,Student ID,Final Grade
0,7253,85.23249999999999
1,7353,88.40875000000001
2,7431,92.30125000000001
3,7440,89.38499999999999
4,7486,84.60875
5,7505,87.91625
6,7528,82.495
7,7557,95.61749999999999
8,7569,87.79
9,7577,82.71124999999999
10,7589,81.4675
11,7645,78.7475
