,Student ID,Final Grade
0,7266,90.01166666666667
1,7277,80.26
2,7285,81.90333333333335
3,7289,82.8
4,7297,89.76166666666667
5,7378,84.80499999999999
6,7406,82.94500000000001
7,7434,85.56333333333333
8,7451,85.28333333333333
9,7460,68.79166666666667
10,7461,84.17833333333333
11,7470,86.385
12,7486,91.85666666666667
13,7497,86.28666666666668
14,7509,82.80666666666666
15,7580,93.99000000000001
16,7583,93.31666666666666
17,7613,85.84666666666668
18,7643,82.185
19,7650,92.86333333333333
