,Student ID,Final Grade
0,465,85.014
1,530,86.38199999999999
2,677,80.81
3,678,83.366
4,825,88.13399999999999
5,866,85.962
