,Student ID,Final Grade
0,7299,88.2325
1,7390,93.28375
2,7410,88.17
3,7445,90.36625
4,7540,89.90625
5,7571,85.35
6,7634,91.91
