,Student ID,Final Grade
0,7247,89.224
1,7256,85.786
2,7299,76.758
3,7303,82.40599999999999
4,7366,93.088
5,7386,87.444
6,7387,81.526
7,7410,86.078
8,7471,85.518
9,7529,85.482
10,7541,90.21400000000001
11,7624,82.76
12,7626,91.95599999999999
