,Student ID,Final Grade
0,7239,86.45285714285716
1,7284,89.74142857142859
2,7322,86.32285714285715
3,7396,78.71428571428571
4,7466,72.80142857142857
5,7499,84.0
6,7522,84.98
7,7547,85.7057142857143
