,Student ID,Final Grade
0,7265,89.33999999999999
1,7318,80.41833333333334
2,7384,80.81
3,7416,76.64833333333333
4,7447,80.97500000000001
5,7458,83.265
6,7511,82.47833333333334
7,7607,85.51666666666667
