,Student ID,Final Grade
0,7258,81.884
1,7281,91.046
2,7284,97.436
3,7307,93.066
4,7342,89.42999999999999
5,7350,78.21799999999999
6,7370,80.80999999999999
7,7378,87.89599999999999
8,7448,81.038
9,7500,95.7
10,7505,86.542
11,7517,87.32
12,7547,92.778
13,7579,77.81800000000001
14,7599,82.084
15,7600,86.61999999999999
16,7603,98.112
17,7634,88.744
18,7647,78.23800000000001
