,Student ID,Final Grade
0,505,82.88125
1,511,84.32374999999999
2,550,87.86125000000001
3,588,87.9225
4,619,80.07125
5,668,80.07124999999999
6,677,92.75375
7,693,86.82499999999999
8,728,90.9975
9,734,89.2
10,771,84.82125000000002
11,782,98.30125
12,809,77.695
13,827,92.86749999999998
14,833,88.38
15,839,81.04375
