,Student ID,Final Grade
0,7242,79.14555555555556
1,7276,82.00111111111111
2,7352,88.47999999999999
3,7457,86.15555555555557
4,7494,91.03555555555556
5,7588,88.53222222222223
6,7626,85.4511111111111
