,Student ID,Final Grade
0,7300,81.47625
1,7303,92.69875
2,7319,78.6075
3,7329,86.66499999999999
4,7342,78.55125000000001
5,7399,85.55125
6,7408,89.1775
7,7442,83.4425
8,7455,87.18
9,7473,87.335
10,7476,89.79874999999998
11,7555,82.23875000000001
