,Student ID,Final Grade
0,7245,82.77571428571427
1,7309,84.06142857142856
2,7367,85.44000000000001
3,7421,81.99142857142859
4,7499,79.12857142857142
5,7516,80.49428571428572
6,7545,82.41142857142857
7,7571,90.78571428571429
8,7600,91.28
9,7639,75.00142857142858
