,Student ID,Final Grade
0,474,72.14714285714285
1,600,86.87428571428572
2,652,82.78285714285714
3,731,81.03857142857143
4,754,93.13
5,761,86.20428571428572
6,772,86.96285714285715
7,782,88.25285714285714
8,801,94.36
