,Student ID,Final Grade
0,7265,85.50666666666666
1,7279,89.76444444444445
2,7303,89.58777777777777
3,7305,92.26777777777778
4,7321,81.71666666666667
5,7362,90.01333333333334
6,7363,84.02222222222221
7,7426,91.99888888888889
8,7454,83.39444444444445
9,7457,86.79444444444442
10,7466,83.22
11,7483,81.55777777777777
12,7525,85.2622222222222
13,7570,84.28333333333333
14,7612,94.78333333333333
