,Student ID,Final Grade
0,7252,91.28833333333334
1,7296,94.54833333333333
2,7324,88.71166666666666
3,7353,85.73
4,7357,93.95333333333333
5,7416,78.72666666666667
6,7447,83.02499999999999
7,7491,89.60833333333333
8,7507,89.42666666666666
9,7558,82.53833333333333
10,7596,89.62166666666667
11,7606,85.07833333333333
12,7621,89.17166666666667
