,Student ID,Final Grade
0,7367,93.61125000000001
1,7371,85.3175
2,7373,87.36625000000001
3,7385,80.66000000000001
4,7426,83.58625
5,7462,74.5325
6,7471,83.3275
7,7624,84.11999999999999
