,Student ID,Final Grade
0,464,91.136
1,472,86.49600000000001
2,567,89.232
3,628,89.544
4,658,93.54400000000001
5,788,87.69000000000001
6,851,89.504
7,855,87.214
