,Student ID,Final Grade
0,7266,82.37666666666668
1,7328,88.93833333333333
2,7384,86.65333333333332
3,7386,96.19333333333333
4,7435,92.88
5,7469,86.86666666666667
6,7488,83.53333333333333
7,7490,77.57833333333333
8,7507,94.52166666666666
9,7513,74.97333333333334
10,7520,87.455
11,7612,87.61666666666667
12,7628,81.67833333333333
13,7649,77.95666666666666
