,Student ID,Final Grade
0,7328,69.75
1,7340,83.69375
2,7345,78.65625
3,7374,85.41999999999999
4,7375,90.23375
5,7543,79.7725
