,Student ID,Final Grade
0,7269,80.00999999999999
1,7317,92.074
2,7412,90.524
3,7534,85.91000000000001
4,7614,85.436
5,7628,83.998
6,7633,70.258
