,Student ID,Final Grade
0,7274,80.762
1,7303,74.268
2,7306,79.744
3,7313,81.34
4,7317,80.78600000000002
5,7337,92.378
6,7343,95.736
7,7370,81.60999999999999
8,7452,88.69999999999999
9,7456,81.074
10,7463,87.346
11,7519,82.554
12,7538,73.81800000000001
13,7591,85.386
14,7628,86.66
