,Student ID,Final Grade
0,7257,89.32285714285715
1,7316,79.62714285714286
2,7350,86.66857142857143
3,7397,94.64285714285714
4,7403,92.73714285714286
5,7500,89.63
6,7506,89.14
7,7606,95.49571428571429
8,7651,86.08428571428571
