,Student ID,Final Grade
0,7311,88.58200000000001
1,7326,86.224
2,7388,97.08399999999999
3,7389,99.176
4,7431,80.01400000000001
5,7440,76.71199999999999
6,7478,88.98400000000001
7,7502,78.19800000000001
8,7540,91.936
9,7548,87.944
10,7603,88.46399999999998
11,7648,77.424
