,Student ID,Final Grade
0,7239,86.498
1,7360,95.91999999999999
2,7394,86.94
3,7453,99.154
4,7577,88.358
5,7599,73.30199999999999
