,Student ID,Final Grade
0,7258,82.95714285714287
1,7259,83.04857142857144
2,7262,82.35000000000001
3,7264,76.74000000000001
4,7296,84.22857142857143
5,7306,80.3257142857143
6,7327,87.60714285714286
7,7338,88.82000000000001
8,7340,79.2314285714286
9,7367,89.5257142857143
10,7412,86.14571428571428
11,7439,85.34714285714283
12,7563,86.39714285714285
13,7588,87.38285714285715
14,7622,89.50428571428571
15,7631,85.19285714285714
16,7646,88.41428571428571
