,Student ID,Final Grade
0,7329,89.08875
1,7342,81.5325
2,7348,85.02
3,7373,75.13875
4,7477,91.02375
5,7500,86.55625
6,7508,80.635
7,7513,87.85125
8,7537,96.26875
9,7538,92.74
10,7621,87.7225
