,Student ID,Final Grade
0,7279,78.94142857142857
1,7306,90.78285714285714
2,7310,79.58714285714287
3,7347,82.55285714285716
4,7359,89.57285714285715
5,7374,86.53142857142858
6,7404,76.09285714285716
7,7467,89.05428571428571
8,7471,89.63285714285715
9,7496,86.99714285714286
10,7544,79.32428571428571
11,7649,96.12857142857142
