,Student ID,Final Grade
0,7272,86.84714285714287
1,7305,89.40428571428572
2,7317,87.50571428571428
3,7347,90.01142857142857
4,7350,95.66428571428571
5,7357,94.28857142857144
6,7373,94.34142857142858
7,7380,86.11999999999999
8,7402,86.04714285714284
9,7417,91.46142857142857
10,7439,93.47714285714285
11,7463,89.70714285714287
12,7533,91.68571428571428
13,7541,90.23142857142857
14,7548,77.13857142857141
15,7558,83.47857142857143
16,7570,88.48714285714286
17,7594,78.14142857142858
