,Student ID,Final Grade
0,7241,77.56
1,7302,90.71
2,7310,89.13666666666667
3,7312,80.70333333333333
4,7365,89.34333333333335
5,7424,85.57166666666667
6,7441,87.26499999999999
7,7452,94.96666666666665
8,7501,86.63333333333333
9,7507,84.595
10,7537,87.87666666666667
11,7543,77.38499999999999
12,7559,86.17
13,7609,81.33
14,7652,79.96666666666667
