,Student ID,Final Grade
0,7254,86.60888888888888
1,7258,87.88999999999999
2,7273,88.66444444444444
3,7369,79.75555555555555
4,7420,82.33666666666667
5,7425,84.86777777777779
6,7426,86.75111111111111
7,7442,90.97777777777777
8,7514,83.9188888888889
9,7548,97.48333333333333
10,7562,88.47777777777777
11,7569,80.04888888888888
12,7593,90.79333333333334
13,7615,91.27888888888889
14,7616,95.42444444444443
15,7639,87.5788888888889
