,Student ID,Final Grade
0,7251,78.56428571428572
1,7289,89.71142857142857
2,7335,87.13571428571429
3,7339,91.91571428571429
4,7430,97.76714285714286
5,7448,91.97428571428573
6,7473,88.18285714285716
7,7474,78.34142857142857
8,7493,92.66999999999999
9,7565,91.7642857142857
10,7577,85.14999999999999
