,Student ID,Final Grade
0,7243,95.13111111111111
1,7254,87.77333333333334
2,7261,88.42555555555556
3,7281,85.40555555555557
4,7302,81.86444444444446
5,7342,87.08222222222223
6,7408,87.93555555555555
7,7418,92.03444444444445
8,7440,89.78444444444445
9,7449,89.66222222222223
10,7463,96.4977777777778
11,7520,76.68333333333334
12,7521,90.88
13,7549,89.68888888888888
14,7565,78.75111111111113
15,7606,93.82777777777778
16,7619,88.48666666666666
17,7627,87.49
18,7641,82.6277777777778
