,Student ID,Final Grade
0,7253,85.04499999999999
1,7258,81.92375000000001
2,7281,80.29125
3,7339,68.34750000000001
4,7387,88.14125
5,7460,90.73999999999998
6,7556,85.22874999999999
7,7629,85.06
8,7653,79.6825
