,Student ID,Final Grade
0,547,81.23166666666667
1,649,79.46666666666667
2,729,85.51833333333333
3,734,93.55333333333333
4,771,94.995
5,805,90.69
6,811,85.31833333333333
7,840,79.16333333333333
8,851,91.66666666666667
9,853,87.355
