,Student ID,Final Grade
0,7270,89.34
1,7275,88.28
2,7288,74.8025
3,7336,76.29
4,7377,72.58
5,7425,74.25999999999999
6,7438,82.855
7,7576,72.505
8,7600,94.41499999999999
9,7635,89.7225
10,7649,91.9175
