,Student ID,Final Grade
0,7241,84.67333333333333
1,7282,81.82666666666667
2,7341,87.43833333333333
3,7512,87.88333333333334
4,7535,88.73
5,7585,86.57666666666667
6,7623,92.79333333333334
