,Student ID,Final Grade
0,7243,92.17125
1,7355,84.93875000000001
2,7416,86.30624999999999
3,7498,75.39000000000001
4,7543,82.81875
5,7563,75.12875
6,7574,80.48624999999998
7,7580,91.88624999999999
