,Student ID,Final Grade
0,7244,87.89
1,7250,87.95166666666667
2,7273,87.56166666666667
3,7347,96.125
4,7426,92.06333333333333
5,7449,88.46666666666665
6,7462,90.005
7,7476,93.04833333333333
8,7527,91.59666666666665
9,7544,89.61333333333334
