,Student ID,Final Grade
0,506,92.03142857142858
1,543,92.95
2,571,82.08142857142857
3,700,90.80714285714286
4,701,85.48857142857142
5,720,86.93142857142857
6,739,92.43285714285716
7,740,75.58285714285715
8,761,95.18571428571428
9,789,87.90571428571427
