,Student ID,Final Grade
0,7259,90.51666666666667
1,7307,79.83333333333333
2,7309,82.85833333333333
3,7334,87.81
4,7343,74.31333333333333
5,7367,69.65666666666667
6,7383,88.68333333333334
7,7440,76.395
8,7441,93.20833333333333
9,7471,91.05666666666667
10,7475,87.115
11,7496,90.32333333333332
12,7516,86.29
13,7541,81.61333333333333
14,7566,88.77
15,7580,85.44833333333334
16,7587,86.12666666666667
17,7598,74.72333333333334
18,7613,92.315
19,7638,88.91166666666668
