,Student ID,Final Grade
0,7252,87.04749999999999
1,7278,83.91
2,7285,86.0325
3,7289,67.885
4,7346,95.015
5,7349,97.7975
6,7356,89.51
7,7445,89.5125
8,7451,89.53999999999999
9,7476,93.55250000000001
10,7534,74.49249999999999
11,7542,72.8575
12,7580,65.485
13,7615,83.4075
14,7643,84.16
