,Student ID,Final Grade
0,496,79.23333333333333
1,570,94.71499999999999
2,606,97.77166666666666
3,620,79.52833333333332
4,658,79.65833333333332
5,693,82.49
6,695,78.64
7,714,94.12833333333333
8,821,81.57166666666667
9,852,97.43333333333334
