,Student ID,Final Grade
0,7304,81.53
1,7306,87.62285714285714
2,7332,89.32214285714285
3,7392,84.51214285714286
4,7444,88.02785714285714
5,7474,81.89642857142857
6,7491,87.84
7,7514,94.38571428571429
8,7550,87.55357142857143
9,7583,85.78285714285714
10,7586,83.8092857142857
11,7601,90.71571428571428
12,7613,88.90428571428572
13,7628,92.61571428571428
14,7632,93.1335714285714
