,Student ID,Final Grade
0,7243,85.9975
1,7262,83.55624999999999
2,7291,79.13625
3,7299,91.44500000000002
4,7301,81.62624999999998
5,7304,90.35
6,7314,94.465
7,7330,86.06250000000001
8,7352,92.35499999999999
9,7391,83.44500000000001
10,7402,84.985
11,7436,92.7475
12,7447,86.98375000000001
13,7504,85.32374999999999
14,7508,81.2975
15,7515,94.24625
16,7525,90.14375000000001
17,7544,90.5275
18,7595,81.07
