,Student ID,Final Grade
0,7327,77.08833333333332
1,7387,81.395
2,7393,89.36
3,7421,74.275
4,7448,78.595
5,7574,90.47666666666667
6,7579,75.89333333333333
7,7587,71.015
8,7620,87.335
