,Student ID,Final Grade
0,7287,83.545
1,7312,75.255
2,7321,92.74833333333333
3,7325,87.30666666666666
4,7341,94.85833333333333
5,7365,73.52499999999999
6,7451,93.15500000000002
7,7473,94.21166666666666
8,7551,81.47666666666666
9,7556,87.08
10,7557,86.0
11,7562,89.10833333333333
12,7576,91.585
13,7577,73.8
14,7611,89.27500000000002
15,7624,83.72
16,7646,94.82833333333333
17,7651,78.43333333333334
