,Student ID,Final Grade
0,7238,85.78
1,7252,85.96714285714286
2,7444,84.91428571428571
3,7484,85.62285714285714
4,7514,87.04142857142857
5,7531,80.9057142857143
