,Student ID,Final Grade
0,7252,93.304
1,7256,91.318
2,7286,92.43
3,7293,82.38399999999999
4,7315,87.02799999999999
5,7340,87.196
6,7430,79.23
7,7431,88.12
8,7438,84.72
9,7451,90.086
10,7513,83.97999999999999
11,7534,74.33600000000001
12,7556,91.18599999999999
13,7567,81.03999999999999
14,7573,99.27799999999999
15,7621,89.766
16,7633,84.636
17,7643,79.79
18,7648,83.334
19,7649,99.486
