,Student ID,Final Grade
0,7236,77.06
1,7320,77.0325
2,7347,84.095
3,7397,88.9425
4,7433,87.02625
5,7462,82.09499999999998
6,7513,81.245
7,7540,72.19
8,7545,90.47625
9,7564,84.89125
10,7602,88.37875
11,7603,90.685
12,7612,84.89625
13,7649,75.16
