,Student ID,Final Grade
0,7246,94.3625
1,7255,89.65625
2,7410,76.38874999999999
3,7488,95.3525
4,7517,85.23875000000001
5,7522,93.80375000000001
6,7544,73.67500000000001
7,7551,82.56
8,7584,78.4475
9,7603,82.48875
10,7652,88.27375
