,Student ID,Final Grade
0,529,81.07333333333332
1,542,90.63666666666667
2,561,78.73222222222222
3,564,89.21555555555555
4,653,76.65444444444445
5,718,91.64222222222222
6,796,90.79333333333335
7,851,83.42777777777776
