,Student ID,Final Grade
0,7244,78.80428571428571
1,7259,76.7957142857143
2,7260,87.62142857142858
3,7344,84.36857142857143
4,7560,86.34000000000002
5,7569,90.52428571428571
6,7592,79.1
7,7612,94.73571428571428
8,7613,82.65285714285713
