,Student ID,Final Grade
0,7279,87.93699999999998
1,7303,86.939
2,7343,86.32225000000001
3,7378,85.94950000000001
4,7391,85.96300000000001
5,7397,86.51899999999999
6,7443,80.98950000000002
7,7514,89.00775
8,7582,84.51225000000002
9,7587,84.94524999999999
10,7624,84.95850000000003
11,7649,85.7625
