,Student ID,Final Grade
0,7234,87.9388888888889
1,7245,90.22444444444444
2,7254,91.6611111111111
3,7293,89.06555555555556
4,7354,80.64666666666666
5,7466,88.52222222222221
6,7498,79.45444444444445
7,7579,91.56777777777778
8,7641,84.15555555555555
