,Student ID,Final Grade
0,465,87.83666666666666
1,495,88.69166666666666
2,496,76.21333333333334
3,510,73.59499999999998
4,623,92.49166666666667
5,644,92.90500000000002
6,655,82.84833333333333
7,666,82.40833333333333
8,670,86.63833333333334
9,677,93.885
10,763,83.89666666666666
