,Student ID,Final Grade
0,7249,79.60666666666667
1,7251,83.64555555555555
2,7286,87.8488888888889
3,7314,79.15555555555555
4,7443,95.20444444444443
5,7451,85.21444444444444
6,7457,80.08999999999999
7,7467,82.86
8,7480,82.86666666666667
9,7515,83.17999999999999
10,7560,82.82888888888888
11,7567,79.44666666666666
12,7572,84.05111111111111
13,7573,84.18777777777778
14,7586,84.12333333333332
15,7612,81.57666666666665
