,Student ID,Final Grade
0,471,64.38
1,478,90.06833333333334
2,481,89.48166666666667
3,494,83.72666666666667
4,495,83.34
5,501,87.50666666666666
6,512,73.54666666666667
7,547,82.02
8,559,81.16666666666667
9,580,91.89
10,595,83.98666666666666
11,632,90.78166666666665
12,643,87.28500000000001
13,650,93.09666666666668
14,654,81.77333333333333
15,734,95.265
16,748,92.18333333333332
17,773,78.24833333333333
18,782,90.86333333333333
19,847,92.24000000000001
