,Student ID,Final Grade
0,7302,85.49428571428571
1,7506,88.71142857142857
2,7513,86.1542857142857
3,7581,84.52
4,7619,82.27142857142857
5,7626,82.88000000000001
