,Student ID,Final Grade
0,466,88.50166666666667
1,474,88.10499999999998
2,520,93.16166666666668
3,542,87.695
4,575,84.55333333333333
5,591,74.15
6,596,94.855
7,602,85.83999999999999
8,612,91.29833333333333
9,659,90.125
10,699,81.10166666666667
11,707,75.44
12,731,82.99
13,734,83.72333333333334
14,744,88.43333333333334
15,765,73.35
16,820,94.30166666666666
17,833,89.47000000000001
18,857,85.38833333333332
