,Student ID,Final Grade
0,7290,98.5475
1,7297,77.5975
2,7323,79.20750000000001
3,7372,91.7525
4,7393,82.64
5,7414,79.2375
6,7423,97.755
7,7430,77.0125
8,7508,90.905
9,7510,99.41499999999999
10,7575,98.7325
11,7612,78.79
12,7615,94.1325
13,7630,83.11250000000001
14,7646,88.0025
