,Student ID,Final Grade
0,466,76.44
1,509,91.13000000000001
2,616,86.83749999999999
3,640,85.23625
4,674,89.915
5,685,88.64875
6,687,84.185
7,711,87.3575
8,747,78.63000000000001
9,759,87.03125
