,Student ID,Final Grade
0,7238,77.50142857142858
1,7258,89.5
2,7279,84.48714285714286
3,7283,86.80428571428573
4,7302,89.53285714285714
5,7312,88.98428571428572
6,7314,80.24428571428572
7,7335,86.01714285714286
8,7370,90.89285714285714
9,7388,88.70285714285714
10,7389,86.99428571428572
11,7446,82.69714285714285
12,7511,90.58571428571427
13,7543,85.61
14,7621,81.30285714285715
