,Student ID,Final Grade
0,481,93.845
1,513,84.505
2,516,96.10000000000001
3,577,82.66875
4,643,88.05875
5,697,85.79625000000001
6,727,82.38499999999999
7,730,86.19875
8,812,88.17500000000001
9,835,90.06375
10,854,90.44874999999999
