,Student ID,Final Grade
0,470,95.38833333333332
1,575,81.77166666666666
2,612,76.82666666666667
3,639,89.53333333333335
4,686,93.07333333333334
5,694,93.20666666666666
6,729,86.53333333333335
7,760,85.39999999999998
8,791,90.37166666666667
9,803,77.16666666666667
10,854,83.39333333333333
11,856,81.09666666666666
