,Student ID,Final Grade
0,7240,91.4890909090909
1,7364,89.305
2,7429,84.6190909090909
3,7431,87.88136363636364
4,7463,85.20227272727273
5,7491,88.58000000000003
6,7540,86.97045454545453
7,7589,86.14590909090909
8,7590,82.71045454545455
9,7591,83.88909090909091
