,Student ID,Final Grade
0,7235,89.242
1,7265,90.28
2,7269,98.01599999999999
3,7270,94.438
4,7284,91.70599999999999
5,7322,82.346
6,7389,89.46000000000001
7,7398,89.354
8,7411,97.55199999999999
9,7413,91.44399999999999
10,7455,97.822
11,7466,86.64000000000001
12,7481,84.07
13,7619,83.65200000000002
14,7621,82.618
