,Student ID,Final Grade
0,466,73.105
1,476,88.84833333333334
2,528,87.72333333333334
3,546,94.53333333333335
4,564,97.42166666666667
5,580,86.56166666666667
6,601,90.79666666666667
7,724,80.34166666666667
8,847,92.95
