,Student ID,Final Grade
0,487,83.49000000000001
1,537,81.605
2,539,79.5775
3,554,88.91625
4,608,92.40625
5,653,79.54875
6,655,89.86500000000001
7,660,84.4625
8,670,88.4275
9,717,79.21000000000001
10,766,85.30625
11,803,85.53625000000002
12,821,79.26125
13,849,89.73875
14,878,74.96125
