,Student ID,Final Grade
0,7235,88.38083333333334
1,7240,86.17166666666668
2,7301,81.92583333333333
3,7308,85.44166666666666
4,7352,89.28500000000001
5,7374,86.13499999999999
6,7381,85.15833333333335
7,7391,78.2575
8,7409,87.07249999999999
9,7411,80.33666666666666
10,7431,87.11749999999999
11,7488,82.4525
12,7507,83.65916666666666
13,7514,81.57666666666667
14,7532,89.96083333333333
15,7557,80.38250000000001
16,7581,85.79666666666667
17,7635,96.1275
18,7637,86.46166666666666
19,7653,88.87
