,Student ID,Final Grade
0,7275,89.73714285714286
1,7283,82.61428571428571
2,7294,96.97571428571429
3,7350,92.05285714285715
4,7369,88.87285714285714
5,7417,90.74714285714285
6,7424,88.03428571428572
7,7444,87.64714285714285
8,7484,80.87285714285714
9,7489,82.44857142857143
10,7510,79.65571428571427
11,7555,84.55571428571429
12,7559,90.9057142857143
13,7563,94.36571428571428
14,7632,87.52999999999999
15,7635,92.38000000000001
16,7643,78.0457142857143
17,7655,83.6657142857143
