,Student ID,Final Grade
0,499,87.5775
1,529,92.2025
2,537,82.69874999999999
3,608,88.13125
4,721,91.33375
5,795,89.39125
6,863,90.53
