,Student ID,Final Grade
0,459,80.26875
1,530,85.28125
2,560,94.13874999999999
3,567,90.40125
4,581,91.94
5,616,88.55250000000001
6,642,82.29499999999999
7,694,87.845
8,695,87.0575
9,729,84.63875
10,746,87.40375
11,748,89.4375
12,760,93.96249999999999
13,823,85.2975
14,834,81.59
15,835,77.84625
