,Student ID,Final Grade
0,7401,85.73111111111113
1,7411,90.46777777777778
2,7417,75.71777777777778
3,7457,81.15888888888888
4,7470,86.1522222222222
5,7507,81.46
6,7572,93.56000000000002
7,7617,82.24888888888889
