,Student ID,Final Grade
0,7282,90.54333333333334
1,7308,91.45266666666666
2,7329,88.05400000000002
3,7343,80.77266666666667
4,7368,82.08199999999998
5,7395,89.47466666666666
6,7418,88.56866666666666
7,7447,85.27066666666666
8,7485,86.71666666666667
9,7507,88.99533333333333
10,7544,86.90533333333333
11,7581,86.16933333333334
12,7600,85.91066666666667
13,7606,89.328
