,Student ID,Final Grade
0,7265,75.675
1,7365,80.70375
2,7383,88.42750000000001
3,7524,81.29375
4,7555,91.63625
5,7567,85.31625
6,7637,88.615
