,Student ID,Final Grade
0,509,83.54833333333333
1,558,79.75166666666667
2,578,77.71833333333335
3,589,92.32833333333333
4,627,86.95166666666665
5,642,86.77833333333332
6,650,92.53833333333334
7,660,72.63
8,664,83.51666666666667
9,698,89.70333333333333
10,712,83.75500000000001
11,752,85.98
12,758,79.5
13,841,94.24000000000001
14,860,74.52499999999999
