,Student ID,Final Grade
0,7236,80.85000000000001
1,7316,82.12333333333332
2,7326,80.35833333333333
3,7362,97.11833333333334
4,7464,86.82333333333334
5,7528,88.19166666666666
6,7537,78.245
7,7546,91.18166666666667
8,7547,88.75833333333333
9,7549,85.44666666666666
10,7551,94.36333333333334
11,7552,80.48
12,7589,78.93
13,7619,85.455
14,7630,83.86666666666666
15,7637,90.39999999999999
