,Student ID,Final Grade
0,467,100.0
1,517,81.022
2,527,87.14
3,537,75.91799999999999
4,561,82.426
5,641,98.94200000000001
6,678,89.342
7,681,89.58599999999998
8,693,96.994
9,752,90.392
10,793,88.888
11,811,84.956
12,820,91.758
13,850,77.96199999999999
14,861,84.452
15,865,80.122
16,871,84.78800000000001
