,Student ID,Final Grade
0,7249,87.26333333333334
1,7262,88.95
2,7280,89.29166666666667
3,7285,80.04666666666667
4,7305,90.68499999999999
5,7314,84.34166666666667
6,7366,68.15333333333332
7,7374,78.165
8,7396,84.03166666666668
9,7475,79.28333333333333
10,7493,91.91833333333334
11,7513,71.605
12,7567,86.19
13,7576,73.97000000000001
14,7587,91.65500000000002
15,7594,88.57333333333332
16,7595,86.60333333333334
17,7649,86.15499999999999
