,Student ID,Final Grade
0,7282,94.78166666666668
1,7357,86.20166666666667
2,7500,92.245
3,7518,81.51333333333334
4,7610,88.48166666666667
5,7631,77.87666666666667
