,Student ID,Final Grade
0,7389,91.54666666666667
1,7516,98.27
2,7546,88.52166666666666
3,7587,82.89333333333333
4,7594,85.09666666666666
5,7610,77.605
