,Student ID,Final Grade
0,494,83.74125000000001
1,560,95.2675
2,567,73.97125
3,570,88.42875
4,574,87.805
5,575,75.89500000000001
6,624,88.95
7,670,79.725
8,686,86.39625
9,728,80.03875000000001
10,771,91.57124999999999
11,774,85.42625
12,778,71.27
13,792,89.67125
14,794,85.8825
15,842,89.8225
