,Student ID,Final Grade
0,7244,84.26
1,7391,89.34142857142858
2,7399,89.73285714285716
3,7445,89.38571428571429
4,7611,92.58285714285715
5,7641,90.43999999999998
6,7647,94.83285714285715
