,Student ID,Final Grade
0,7234,80.1
1,7280,89.49166666666667
2,7296,86.07166666666667
3,7317,92.40833333333335
4,7333,85.77333333333333
5,7365,99.29166666666667
6,7410,92.21166666666666
7,7446,84.64
8,7450,84.73666666666666
9,7455,82.33166666666666
10,7476,84.995
11,7505,82.335
12,7550,68.77666666666666
13,7565,90.63499999999999
14,7582,93.76666666666667
15,7613,80.61666666666666
