,Student ID,Final Grade
0,7314,91.73875
1,7343,84.96749999999999
2,7521,78.10749999999999
3,7529,91.70875000000001
4,7609,89.73249999999999
5,7653,89.85125
