,Student ID,Final Grade
0,7250,86.79500000000002
1,7278,98.8425
2,7329,84.765
3,7360,88.985
4,7407,97.78
5,7420,88.64750000000001
6,7430,78.0625
7,7449,88.63749999999999
8,7488,98.88
9,7511,89.21000000000001
10,7558,86.61749999999999
11,7619,82.645
12,7637,83.6075
