,Student ID,Final Grade
0,551,88.87375
1,584,92.9075
2,591,77.1875
3,609,93.99375
4,667,92.86
5,683,88.84125
6,700,79.08749999999999
7,756,87.70625000000001
