,Student ID,Final Grade
0,485,95.10857142857142
1,495,95.18142857142858
2,497,88.69571428571427
3,498,80.38285714285715
4,527,84.05
5,528,89.89571428571428
6,535,93.89142857142858
7,653,76.25999999999999
8,688,77.98142857142857
9,736,85.06285714285715
10,742,80.53142857142856
11,769,83.08
12,773,87.35428571428572
13,803,90.10142857142857
14,832,87.06142857142858
15,853,79.49571428571429
16,873,90.70857142857143
17,880,79.27142857142857
