,Student ID,Final Grade
0,501,86.92625
1,518,78.5775
2,526,93.2825
3,540,84.035
4,551,86.265
5,596,86.26124999999999
6,653,88.67500000000001
7,663,87.1125
8,694,84.22999999999999
9,699,86.07124999999999
10,749,82.1075
11,779,88.4325
12,784,83.10499999999999
13,800,81.77375
14,826,90.22749999999999
15,867,86.8475
