,Student ID,Final Grade
0,7259,69.845
1,7294,81.565
2,7335,100.0
3,7348,85.775
4,7363,61.5
5,7380,92.245
6,7419,71.945
7,7424,82.83
8,7425,73.80000000000001
9,7434,97.0
10,7440,97.05
11,7473,71.58
12,7480,65.59
13,7502,95.58
14,7504,83.60499999999999
15,7522,87.36500000000001
16,7526,92.16
17,7609,81.03999999999999
18,7647,99.34
