,Student ID,Final Grade
0,7265,87.208
1,7314,84.742
2,7346,94.578
3,7353,77.85600000000001
4,7420,85.854
5,7466,97.902
6,7488,89.916
7,7497,93.186
8,7527,86.486
9,7594,90.02
10,7655,89.04599999999999
