,Student ID,Final Grade
0,489,82.90666666666668
1,531,80.93111111111111
2,562,90.45666666666666
3,650,88.81
4,651,92.5588888888889
5,655,75.76111111111112
6,730,86.49444444444444
7,773,77.72888888888889
8,791,81.25444444444445
9,849,87.3
