,Student ID,Final Grade
0,7355,78.90142857142857
1,7356,88.96714285714286
2,7369,86.02428571428571
3,7407,88.9557142857143
4,7557,89.94857142857143
5,7597,86.69285714285715
6,7649,87.78285714285714
