,Student ID,Final Grade
0,468,92.17999999999999
1,489,81.072
2,494,77.894
3,544,95.516
4,576,79.61600000000001
5,632,90.994
6,727,77.16199999999999
7,745,78.63399999999999
8,753,96.74
9,763,96.222
10,803,90.688
11,805,86.236
12,808,90.548
13,839,90.01200000000001
14,874,94.74
