,Student ID,Final Grade
0,7243,91.30571428571429
1,7323,88.29571428571428
2,7343,94.38000000000001
3,7346,88.30142857142856
4,7603,91.96714285714286
5,7617,91.13571428571429
6,7627,82.94571428571429
7,7642,83.11142857142856
