,Student ID,Final Grade
0,7277,88.1175
1,7283,87.83625
2,7363,88.22625
3,7392,88.72625
4,7393,78.20625
5,7397,78.7375
6,7438,87.32624999999999
7,7440,89.89
8,7509,84.9125
9,7557,84.35249999999999
10,7579,85.42625
11,7599,92.13625
12,7625,80.78625000000001
