,Student ID,Final Grade
0,7261,76.45375
1,7323,81.31125
2,7354,85.64999999999999
3,7441,90.65875
4,7466,86.16
5,7503,91.8775
6,7532,85.3525
7,7602,81.07625
8,7604,84.29625
9,7626,90.12625
