,Student ID,Final Grade
0,7354,87.27333333333334
1,7364,89.14666666666666
2,7400,89.58777777777779
3,7449,90.96
4,7510,89.87
5,7556,90.11555555555555
6,7598,88.02111111111111
7,7640,87.29222222222222
8,7648,77.96555555555557
