,Student ID,Final Grade
0,7294,88.424
1,7313,70.24
2,7336,93.224
3,7355,85.408
4,7448,71.554
5,7453,84.022
6,7502,89.38199999999999
7,7512,87.938
8,7520,95.942
9,7531,96.476
10,7550,80.502
11,7568,90.708
12,7611,88.24600000000001
13,7636,86.78
14,7655,89.38199999999999
