,Student ID,Final Grade
0,7279,86.41333333333334
1,7293,85.92500000000001
2,7302,87.72166666666668
3,7313,77.60166666666667
4,7343,88.78833333333334
5,7362,88.66333333333334
6,7370,92.00833333333333
7,7382,82.73166666666667
8,7414,77.95
9,7437,94.45833333333333
10,7489,84.63166666666667
11,7493,82.86666666666667
12,7514,85.11166666666666
13,7533,76.67
14,7574,86.29833333333333
15,7580,87.97333333333334
16,7583,83.02166666666666
17,7596,80.35000000000001
18,7602,83.86500000000001
