,Student ID,Final Grade
0,458,92.32333333333332
1,504,84.35111111111112
2,519,86.83888888888889
3,604,85.92777777777776
4,653,85.11777777777779
5,718,91.34111111111112
