,Student ID,Final Grade
0,525,85.8575
1,537,93.47125
2,582,91.47625000000001
3,590,86.315
4,594,93.08749999999999
5,615,81.38874999999999
6,626,81.1075
7,652,94.92624999999998
8,656,95.2125
9,708,82.385
10,808,90.80375
11,809,87.94375000000001
12,819,90.48875
13,825,83.885
14,842,82.93
15,857,93.58
