,Student ID,Final Grade
0,494,88.64375
1,500,81.36375
2,510,81.92375
3,514,77.8675
4,537,95.90375
5,565,96.375
6,573,80.60375
7,596,86.68875
8,606,82.31
9,634,89.7675
10,645,90.1725
11,699,81.62625000000001
12,716,78.69125
13,724,87.5275
14,739,90.19375
15,774,87.99875
16,776,85.13875
17,800,77.66875
