,Student ID,Final Grade
0,7245,83.30571428571429
1,7390,87.89571428571428
2,7398,80.73285714285714
3,7410,83.65857142857143
4,7430,75.47285714285714
5,7465,91.39857142857143
6,7474,83.44714285714285
7,7513,84.78857142857143
8,7544,83.35714285714286
9,7585,91.78
10,7591,85.10571428571428
11,7599,84.27857142857144
12,7651,92.80285714285715
