,Student ID,Final Grade
0,474,90.196
1,478,91.648
2,540,92.758
3,547,78.36800000000001
4,639,94.748
5,653,89.604
6,672,72.45200000000001
7,680,91.05
8,707,82.66
9,782,88.014
10,807,93.36
11,835,95.392
12,839,94.024
13,845,75.324
14,852,81.994
