,Student ID,Final Grade
0,7248,85.65200000000002
1,7274,90.026
2,7306,97.096
3,7403,73.806
4,7464,92.386
5,7483,87.88199999999999
6,7501,89.574
7,7524,98.55799999999999
8,7533,76.50399999999999
9,7540,76.39000000000001
10,7566,82.47
11,7577,88.97799999999998
12,7627,81.942
13,7647,87.86600000000001
14,7648,88.55199999999999
15,7655,68.488
