,Student ID,Final Grade
0,7259,83.35666666666667
1,7275,88.90333333333332
2,7317,79.14333333333333
3,7355,88.90666666666668
4,7356,66.65166666666666
5,7375,86.90000000000002
6,7411,82.62166666666667
7,7425,86.59999999999998
8,7426,83.465
9,7436,77.59833333333334
10,7462,99.99833333333333
11,7539,90.55000000000001
12,7625,88.67833333333333
