,Student ID,Final Grade
0,7235,81.17249999999999
1,7238,83.61125
2,7248,92.185
3,7331,92.53
4,7499,93.33124999999998
5,7652,89.08874999999999
