,Student ID,Final Grade
0,7337,86.07285714285715
1,7339,87.44000000000001
2,7394,84.94714285714285
3,7402,88.97
4,7441,84.51857142857143
5,7481,82.12714285714287
6,7497,83.04
7,7520,85.81428571428572
8,7558,76.39285714285714
9,7564,82.05571428571429
10,7579,85.89571428571428
11,7603,96.40857142857143
12,7639,90.09142857142857
