,Student ID,Final Grade
0,502,79.70599999999999
1,563,78.994
2,612,87.28399999999999
3,625,89.668
4,630,87.634
5,724,76.966
6,728,81.824
7,732,85.79400000000001
8,736,97.208
9,739,87.12
10,772,90.32
11,786,83.688
12,799,86.66999999999999
13,801,90.838
14,807,83.32000000000001
15,846,89.23400000000001
16,869,81.97
17,870,84.47999999999999
18,876,83.936
