,Student ID,Final Grade
0,7240,79.83
1,7262,81.315
2,7309,77.66
3,7316,93.8775
4,7357,77.77375
5,7363,78.245
6,7371,82.515
7,7385,91.17124999999999
8,7394,80.1925
9,7413,82.3375
10,7426,82.22375
11,7470,86.9
12,7500,79.635
13,7513,90.94000000000001
14,7535,83.655
15,7568,88.19375
16,7576,83.14375
17,7630,75.495
18,7652,79.88375
19,7655,92.89375
