,Student ID,Final Grade
0,462,88.90375
1,488,87.37
2,527,89.82124999999999
3,543,81.23499999999999
4,579,89.88875
5,581,89.23875
6,600,86.14000000000001
7,676,92.16375000000001
8,695,89.17875000000001
9,729,80.13875
10,749,90.84
11,769,82.17625
12,791,89.01624999999999
13,842,87.8475
14,860,86.71375
15,878,87.85
