,Student ID,Final Grade
0,7256,88.72200000000001
1,7366,89.95599999999999
2,7414,77.928
3,7441,90.94200000000001
4,7460,82.312
5,7476,87.97600000000001
6,7504,88.424
7,7562,77.374
8,7600,88.49
