,Student ID,Final Grade
0,7393,94.31833333333334
1,7403,91.79833333333333
2,7422,86.29333333333334
3,7512,93.61
4,7513,83.47
5,7525,92.01166666666667
6,7593,92.29666666666667
7,7626,84.69
8,7648,80.75166666666668
