,Student ID,Final Grade
0,7262,85.922
1,7272,79.52799999999999
2,7301,84.208
3,7329,84.83599999999998
4,7340,88.298
5,7365,97.744
6,7432,77.98400000000001
7,7443,77.40799999999999
8,7449,87.818
9,7451,90.804
10,7471,80.00399999999999
11,7525,94.24600000000001
12,7542,79.174
13,7588,84.008
14,7610,79.804
15,7630,93.0
