,Student ID,Final Grade
0,459,89.2
1,564,79.38000000000001
2,618,89.42142857142858
3,624,88.87714285714286
4,671,85.62857142857142
5,699,89.77428571428571
6,756,94.89
7,767,76.63285714285715
8,784,84.57285714285715
9,791,92.44714285714285
10,810,84.23285714285714
11,833,86.71428571428571
12,875,71.78857142857143
