,Student ID,Final Grade
0,476,82.23799999999999
1,553,74.974
2,593,88.394
3,681,80.00399999999999
4,682,89.18
5,685,90.50399999999999
6,686,86.098
7,755,88.20400000000001
8,862,70.81800000000001
