,Student ID,Final Grade
0,508,92.51833333333333
1,579,75.99666666666667
2,584,95.09333333333332
3,641,84.21666666666667
4,691,92.73
5,704,84.68333333333334
6,770,94.15333333333335
7,853,72.7
