,Student ID,Final Grade
0,486,92.72
1,520,87.376
2,547,80.07000000000001
3,563,79.808
4,674,78.68999999999998
5,701,68.386
6,714,89.676
7,732,85.846
8,777,84.172
9,797,80.536
10,868,82.16199999999999
