,Student ID,Final Grade
0,7234,80.34
1,7248,91.17
2,7252,90.50166666666667
3,7254,95.87666666666667
4,7301,95.59333333333332
5,7304,84.71333333333332
6,7323,83.58833333333334
7,7326,88.21166666666666
8,7364,92.13
9,7366,87.28833333333334
10,7434,91.10166666666667
11,7457,88.545
12,7526,93.53333333333332
13,7544,88.83666666666666
14,7547,82.60833333333333
15,7549,81.515
16,7566,96.295
17,7618,82.88666666666667
18,7651,85.65666666666668
19,7654,88.21499999999999
