,Student ID,Final Grade
0,7289,96.31
1,7295,94.748
2,7308,92.28200000000001
3,7321,75.164
4,7325,83.304
5,7341,79.662
6,7376,92.326
7,7423,85.898
8,7448,90.314
9,7479,76.59799999999998
10,7543,85.986
11,7556,83.364
12,7575,88.106
13,7613,80.23400000000001
14,7634,79.69800000000001
15,7641,89.744
