,Student ID,Final Grade
0,7257,87.438
1,7303,84.032
2,7426,76.716
3,7437,89.974
4,7564,86.97999999999999
5,7646,96.56
6,7657,93.91600000000001
