,Student ID,Final Grade
0,465,91.48
1,467,87.672
2,497,92.194
3,545,80.27799999999999
4,558,83.912
5,602,88.426
6,652,79.44800000000001
7,671,90.928
8,742,81.338
9,780,74.83399999999999
10,800,84.842
11,827,97.24600000000001
12,836,92.34400000000001
13,860,83.572
14,864,91.89
15,878,90.118
