,Student ID,Final Grade
0,7239,84.822
1,7246,85.684
2,7292,87.47200000000001
3,7300,80.84
4,7375,86.60799999999999
5,7394,84.762
6,7441,80.51400000000001
7,7447,90.94200000000001
8,7491,72.84
9,7502,89.606
10,7598,94.032
11,7646,90.926
12,7648,67.11800000000001
