,Student ID,Final Grade
0,7292,86.6875
1,7294,89.47500000000001
2,7326,87.2
3,7341,93.1125
4,7378,83.1075
5,7404,79.24000000000001
6,7413,84.6575
7,7416,82.3325
8,7426,91.35
9,7433,88.1425
10,7517,89.4725
11,7518,92.8
12,7523,90.6
13,7544,91.09750000000001
14,7571,88.555
15,7628,82.1275
