,Student ID,Final Grade
0,525,84.68714285714285
1,612,85.31428571428572
2,625,86.91
3,632,82.4542857142857
4,669,100.0
5,725,92.52714285714286
6,727,85.32000000000001
7,781,79.62714285714286
8,815,90.5942857142857
