,Student ID,Final Grade
0,7250,90.78857142857143
1,7317,86.21857142857142
2,7318,77.28571428571429
3,7498,92.38999999999999
4,7523,87.16714285714285
5,7593,91.48428571428572
6,7632,92.24142857142859
7,7652,89.60000000000001
