,Student ID,Final Grade
0,527,95.196
1,550,75.308
2,608,78.342
3,621,81.374
4,622,96.474
5,647,82.35
6,678,86.88000000000001
7,688,88.74
8,728,70.818
9,741,78.47999999999999
10,746,92.892
11,774,91.34799999999998
12,845,85.388
13,869,82.136
