,Student ID,Final Grade
0,7251,89.89714285714285
1,7261,90.83142857142857
2,7312,85.42285714285715
3,7334,84.89999999999999
4,7348,85.66428571428571
5,7373,89.16714285714286
6,7455,81.0642857142857
7,7551,75.01142857142858
8,7565,80.19428571428571
9,7632,80.28714285714285
10,7639,90.7942857142857
