,Student ID,Final Grade
0,7238,79.04624999999999
1,7282,93.45375
2,7300,92.65
3,7314,85.81625
4,7338,87.1225
5,7387,76.19125
6,7401,85.6925
7,7457,89.4175
8,7463,90.23125
9,7488,74.74875
10,7498,88.39375
11,7501,92.73
12,7512,84.66874999999999
13,7520,78.855
14,7568,89.785
15,7631,82.10125000000001
16,7635,81.64874999999999
