,Student ID,Final Grade
0,7246,87.39333333333333
1,7283,89.56833333333333
2,7380,87.10333333333334
3,7423,84.20333333333333
4,7466,84.02166666666666
5,7471,76.11
6,7516,93.65500000000002
