,Student ID,Final Grade
0,7252,85.94124999999998
1,7271,85.50625
2,7295,91.95375
3,7420,84.0125
4,7422,86.04125
5,7428,91.31375
6,7446,86.08125
7,7498,76.28125
8,7570,80.88875
