,Student ID,Final Grade
0,7265,65.55625
1,7269,95.57
2,7318,95.86625000000001
3,7333,82.57625
4,7354,77.08874999999999
5,7369,89.7725
6,7379,79.31375
7,7390,79.87875
8,7404,83.84
9,7433,84.65749999999998
10,7489,84.64
11,7508,91.01000000000002
12,7509,95.9075
13,7638,87.3325
14,7641,78.28625000000001
15,7651,86.04375
16,7654,83.43124999999999
