,Student ID,Final Grade
0,7234,86.415
1,7236,87.44666666666667
2,7287,82.12166666666666
3,7305,85.22833333333334
4,7341,80.91666666666667
5,7429,84.47833333333334
6,7445,90.31333333333333
7,7456,97.395
8,7459,95.90833333333335
9,7484,87.57166666666666
10,7540,93.40333333333332
11,7571,92.03500000000001
12,7582,88.94333333333333
13,7603,84.93166666666667
14,7613,86.38166666666666
15,7639,85.29666666666667
