,Student ID,Final Grade
0,7253,87.054
1,7262,85.738
2,7287,89.446
3,7292,76.11
4,7298,81.84200000000001
5,7329,83.694
6,7331,87.46400000000001
7,7332,81.888
8,7340,98.32000000000001
9,7389,93.512
10,7411,86.72
11,7415,76.71400000000001
12,7418,93.13199999999999
13,7472,84.604
14,7531,87.57000000000001
15,7540,74.68199999999999
16,7564,91.754
17,7577,94.894
18,7588,79.594
