,Student ID,Final Grade
0,626,82.28571428571429
1,705,93.0
2,706,92.24285714285715
3,726,81.61142857142856
4,739,91.72857142857143
5,779,81.75
6,787,85.03142857142858
7,874,90.29142857142857
