,Student ID,Final Grade
0,7255,83.27833333333332
1,7261,83.43166666666667
2,7327,91.84999999999998
3,7410,83.81666666666666
4,7428,86.87833333333333
5,7474,95.20833333333333
6,7497,78.61666666666667
7,7509,83.74666666666667
8,7534,90.63
9,7560,94.85333333333334
10,7564,90.84833333333331
11,7574,83.99833333333333
12,7582,95.71166666666666
13,7599,87.74833333333333
14,7616,96.28333333333335
15,7619,90.83
16,7620,80.86999999999999
