,Student ID,Final Grade
0,498,96.63
1,500,71.94800000000001
2,524,81.498
3,538,84.084
4,595,80.28
5,624,93.97
6,675,89.67
7,686,90.24600000000001
8,693,88.442
9,703,92.91999999999999
10,712,79.736
11,813,89.27000000000001
12,822,88.24
13,841,86.264
14,847,77.79400000000001
15,867,85.204
