,Student ID,Final Grade
0,7237,91.64
1,7247,83.41624999999999
2,7268,93.89999999999999
3,7301,91.17
4,7373,82.46125
5,7383,80.9175
6,7390,84.92625000000001
7,7396,74.37625000000001
8,7420,89.47874999999999
9,7451,85.06125
10,7473,82.62625
11,7475,91.8625
12,7516,79.88
13,7554,83.49875000000002
14,7559,85.735
15,7578,82.00625
16,7602,84.38125000000001
17,7608,86.21375
18,7616,84.68625000000002
