,Student ID,Final Grade
0,510,89.28857142857143
1,513,83.90142857142857
2,579,80.80428571428573
3,607,82.77714285714285
4,685,93.70857142857143
5,701,94.54571428571428
6,711,74.98428571428573
7,765,85.19142857142857
8,771,81.35428571428572
9,841,85.80142857142856
10,851,84.58000000000001
11,855,86.76571428571427
