,Student ID,Final Grade
0,7279,73.52333333333333
1,7293,72.27333333333333
2,7305,93.35000000000001
3,7328,81.21999999999998
4,7344,82.43
5,7397,80.54
6,7400,88.94333333333333
7,7404,80.74333333333333
8,7430,84.39666666666666
9,7443,94.44333333333333
10,7461,79.35
11,7487,87.13666666666666
12,7496,89.67333333333333
13,7520,88.17
14,7525,82.83333333333333
15,7546,75.61
16,7562,86.51666666666667
17,7632,100.0
