,Student ID,Final Grade
0,482,76.336
1,493,84.234
2,512,83.23400000000001
3,524,97.77000000000001
4,635,91.62
5,712,92.216
6,730,96.826
7,871,73.422
