,Student ID,Final Grade
0,7234,81.97200000000001
1,7277,92.646
2,7279,76.622
3,7389,89.45
4,7492,90.528
5,7509,95.532
6,7521,93.33200000000002
7,7631,91.498
