,Student ID,Final Grade
0,470,74.3925
1,535,82.4525
2,568,80.26999999999998
3,666,95.19999999999999
4,683,97.36
5,705,86.95
6,736,86.44749999999999
7,755,71.685
8,823,77.5525
9,840,83.33250000000001
10,844,80.7125
