,Student ID,Final Grade
0,7262,82.505
1,7267,90.40499999999999
2,7316,79.24
3,7332,93.62333333333333
4,7359,83.00833333333334
5,7387,87.55666666666667
6,7420,86.50166666666667
7,7438,73.13000000000001
8,7458,83.185
9,7475,90.625
10,7478,67.38833333333334
11,7489,72.485
12,7568,84.84833333333334
13,7609,94.26833333333333
14,7620,81.89833333333333
