,Student ID,Final Grade
0,7289,84.79125
1,7330,85.6175
2,7341,89.72000000000001
3,7344,82.7375
4,7352,87.70625000000001
5,7387,86.19875
6,7399,81.35374999999999
7,7401,87.75
8,7422,91.56375
9,7451,86.3425
10,7455,89.36500000000001
11,7458,79.61375
12,7463,81.1625
13,7497,92.60249999999999
14,7512,95.60625
15,7516,94.03375000000001
16,7563,85.02875
17,7570,90.50999999999999
18,7584,85.5
19,7628,87.2775
