,Student ID,Final Grade
0,7358,71.96799999999999
1,7412,84.10999999999999
2,7464,81.184
3,7494,97.522
4,7574,83.386
5,7652,83.442
