,Student ID,Final Grade
0,487,85.05714285714285
1,499,86.34285714285714
2,522,65.31428571428572
3,554,91.13571428571429
4,594,83.57428571428571
5,617,72.48285714285714
6,685,93.32142857142857
7,736,85.5457142857143
8,748,81.8
9,839,88.17
10,850,87.76285714285714
