,Student ID,Final Grade
0,7256,87.57000000000001
1,7262,88.41600000000001
2,7274,79.66
3,7286,80.634
4,7336,85.452
5,7341,89.132
6,7350,81.99000000000001
7,7362,90.878
8,7404,81.03200000000001
9,7418,85.86999999999999
10,7462,80.476
11,7485,80.428
12,7521,84.86000000000001
13,7528,93.70599999999999
14,7564,76.286
15,7598,87.09400000000001
16,7633,85.18199999999999
