,Student ID,Final Grade
0,486,91.40500000000002
1,508,89.55333333333334
2,512,78.14166666666667
3,531,89.41666666666667
4,558,79.65666666666668
5,585,84.02166666666666
6,598,84.58333333333333
7,603,97.14333333333333
8,611,89.41166666666668
9,614,82.06666666666666
10,685,85.12166666666667
11,760,92.34500000000001
12,775,86.97166666666665
13,866,95.15333333333335
