,Student ID,Final Grade
0,7267,72.93333333333334
1,7302,71.86333333333334
2,7328,78.29
3,7342,92.80333333333334
4,7366,94.35666666666668
5,7368,88.24666666666667
6,7377,79.795
7,7425,85.16833333333334
8,7426,93.24666666666667
9,7450,77.72
10,7451,89.695
11,7489,76.73833333333334
12,7523,85.52333333333335
13,7531,71.885
14,7541,75.94833333333334
15,7560,82.52833333333335
16,7636,97.75
17,7641,81.03666666666666
18,7652,93.78500000000001
