,Student ID,Final Grade
0,468,90.21000000000001
1,469,87.036
2,494,79.036
3,504,89.166
4,536,98.912
5,557,91.894
6,582,87.242
7,593,87.82000000000001
8,603,93.704
9,636,87.604
10,653,80.582
11,670,84.28999999999999
12,694,95.93199999999999
13,715,85.78200000000001
14,741,81.65
15,780,88.7
16,793,72.448
17,806,85.462
18,836,88.28
