,Student ID,Final Grade
0,7235,82.24333333333333
1,7265,84.27666666666667
2,7362,90.685
3,7368,71.77166666666666
4,7424,82.61166666666666
5,7567,92.16833333333334
6,7591,84.67999999999999
7,7643,90.17500000000001
