,Student ID,Final Grade
0,485,95.655
1,490,91.98
2,577,89.8825
3,582,84.8375
4,610,77.84
5,681,91.02250000000001
6,693,81.50750000000001
7,734,77.8975
8,759,85.61
9,801,79.6975
10,808,91.07249999999999
