,Student ID,Final Grade
0,7264,86.27333333333334
1,7320,92.49555555555555
2,7362,92.49444444444444
3,7390,89.56666666666668
4,7421,87.08555555555556
5,7473,71.09666666666668
6,7486,86.71555555555557
7,7487,81.3711111111111
8,7512,88.92222222222222
9,7553,93.23111111111112
10,7560,86.53666666666666
11,7597,79.85111111111111
