,Student ID,Final Grade
0,493,81.19
1,524,84.08666666666667
2,545,79.045
3,567,90.90166666666666
4,584,85.42999999999999
5,622,99.35166666666667
6,636,87.42166666666667
7,637,94.86000000000001
8,654,88.23333333333333
9,655,76.61166666666666
10,662,88.07666666666665
11,693,85.395
12,694,87.96833333333332
13,814,75.11833333333334
14,823,84.75833333333333
15,840,91.74666666666667
16,860,79.78333333333335
