,Student ID,Final Grade
0,7238,85.61875
1,7292,78.40375
2,7298,81.63874999999999
3,7331,90.96125
4,7334,90.2775
5,7356,75.82374999999999
6,7360,73.2625
7,7375,86.75375000000001
8,7393,90.0825
9,7399,80.825
10,7429,91.07249999999999
11,7455,86.125
12,7461,87.105
13,7540,76.38499999999999
14,7551,77.83375000000001
15,7562,87.92999999999999
16,7583,76.8575
17,7594,85.445
18,7601,85.735
19,7609,86.74625
