,Student ID,Final Grade
0,7272,70.87857142857143
1,7296,79.19142857142857
2,7304,78.09
3,7321,89.29142857142857
4,7342,94.34142857142857
5,7343,84.91428571428571
6,7372,87.08142857142856
7,7420,86.9557142857143
8,7430,74.77142857142857
9,7489,89.1557142857143
10,7571,94.20428571428572
11,7579,81.46428571428571
12,7581,93.34428571428573
13,7601,79.10142857142856
14,7627,77.78714285714285
15,7636,77.0657142857143
16,7646,90.11714285714287
17,7650,89.8442857142857
