,Student ID,Final Grade
0,481,82.70714285714287
1,491,88.43857142857142
2,516,84.49285714285715
3,541,95.81428571428572
4,548,91.25285714285714
5,553,94.64
6,563,91.69000000000001
7,570,75.94142857142857
8,586,80.43285714285715
9,590,71.15
10,649,83.29142857142857
11,686,86.82714285714287
12,787,88.60142857142857
13,793,87.32857142857142
14,797,83.05999999999999
15,808,85.63142857142859
16,829,81.35142857142857
17,876,89.77857142857144
18,880,91.20714285714287
