,Student ID,Final Grade
0,7242,86.41749999999999
1,7258,86.5525
2,7282,91.425
3,7306,83.89
4,7369,70.08500000000001
5,7406,96.08
6,7415,93.19
7,7433,91.97
8,7439,91.465
9,7488,94.495
10,7502,77.0175
11,7512,85.22749999999999
12,7561,98.86
