,Student ID,Final Grade
0,7252,89.17333333333333
1,7270,88.79333333333334
2,7346,65.10666666666667
3,7371,94.39166666666665
4,7377,75.17333333333333
5,7415,88.03166666666668
6,7527,80.79333333333334
7,7541,84.33666666666666
8,7585,83.50333333333333
9,7619,93.68333333333334
10,7653,94.73333333333333
11,7657,90.92666666666666
