,Student ID,Final Grade
0,7271,84.306
1,7314,81.81150000000001
2,7336,85.6265
3,7385,87.77800000000002
4,7390,85.58099999999999
5,7424,86.40300000000002
6,7474,90.699
7,7490,84.99699999999999
8,7513,90.7395
9,7514,83.86299999999999
10,7562,88.92
11,7566,79.6
12,7581,82.3005
13,7588,82.94599999999998
14,7591,84.48549999999999
15,7627,81.79499999999999
16,7630,86.703
