,Student ID,Final Grade
0,7254,97.488
1,7270,84.34
2,7273,83.276
3,7319,78.582
4,7330,83.702
5,7342,92.75399999999999
6,7347,80.14
7,7356,71.28
8,7409,78.796
9,7442,92.53399999999999
