,Student ID,Final Grade
0,7237,74.46571428571428
1,7246,90.55499999999999
2,7259,85.72714285714288
3,7264,85.90928571428572
4,7271,82.35428571428572
5,7307,83.3442857142857
6,7334,94.07214285714285
7,7393,85.86714285714287
8,7409,86.865
9,7425,90.61
10,7443,86.96285714285715
11,7472,81.36142857142856
12,7503,89.79642857142858
13,7570,84.56857142857143
14,7620,91.18071428571429
15,7629,85.60857142857142
16,7637,89.14285714285714
