,Student ID,Final Grade
0,7239,77.89166666666667
1,7270,77.89166666666667
2,7439,89.49833333333333
3,7450,92.25666666666666
4,7519,77.085
5,7522,75.24666666666667
