,Student ID,Final Grade
0,7239,89.98
1,7263,93.3675
2,7270,87.9025
3,7284,98.4
4,7288,68.8275
5,7309,95.385
6,7315,86.60499999999999
7,7320,91.48500000000001
8,7383,90.3775
9,7433,97.615
10,7435,78.205
11,7440,68.1275
12,7442,87.93
13,7448,88.5725
14,7643,73.805
15,7649,88.56
16,7652,90.21499999999999
