,Student ID,Final Grade
0,7247,92.80714285714286
1,7274,89.16714285714286
2,7275,87.52428571428571
3,7294,90.84285714285714
4,7324,83.63714285714286
5,7327,89.81285714285715
6,7365,85.95285714285716
7,7431,88.74285714285715
8,7489,94.51285714285714
9,7491,89.21714285714286
10,7492,91.89714285714285
11,7515,87.54285714285716
12,7520,93.53
13,7537,85.66142857142857
14,7546,89.63428571428572
15,7586,84.72571428571429
16,7603,91.82428571428572
17,7612,85.71857142857142
18,7623,77.75
