,Student ID,Final Grade
0,7270,88.3725
1,7328,67.6825
2,7389,92.40249999999999
3,7495,83.595
4,7508,81.47
5,7575,85.21249999999999
6,7601,97.78999999999999
7,7629,77.915
