,Student ID,Final Grade
0,7246,89.60714285714286
1,7312,87.00428571428571
2,7366,81.32857142857142
3,7410,83.41285714285713
4,7446,84.83142857142856
5,7447,87.3142857142857
6,7478,91.58285714285715
7,7490,83.33571428571427
8,7514,84.3457142857143
9,7528,96.35428571428572
10,7588,84.51714285714287
11,7631,93.39142857142858
12,7649,77.74142857142859
