,Student ID,Final Grade
0,481,79.56833333333333
1,497,78.58333333333334
2,526,78.75833333333334
3,544,80.58166666666666
4,552,94.86333333333333
5,603,97.93833333333333
6,645,77.82666666666665
7,692,91.565
8,703,78.545
9,706,81.17666666666668
10,725,84.955
11,728,79.12666666666668
12,748,87.48333333333333
13,749,83.85333333333334
14,805,80.835
