,Student ID,Final Grade
0,7239,83.37166666666666
1,7265,76.42
2,7276,91.50833333333333
3,7280,86.83
4,7296,79.75666666666666
5,7300,92.42
6,7357,77.85
7,7359,78.72500000000001
8,7434,93.57333333333332
9,7456,80.25833333333334
10,7480,86.15499999999999
11,7492,85.645
12,7514,88.29
13,7517,84.67166666666667
14,7573,89.97166666666668
15,7601,91.71166666666666
16,7612,94.22666666666667
17,7613,84.34666666666666
18,7651,81.97166666666668
