,Student ID,Final Grade
0,7239,87.424
1,7277,85.422
2,7304,84.576
3,7315,99.602
4,7341,82.40599999999999
5,7399,92.242
6,7430,93.224
7,7440,83.16999999999999
8,7445,79.25800000000001
9,7464,92.078
10,7485,89.134
11,7590,80.92
12,7616,93.994
13,7617,78.776
14,7629,89.078
15,7635,83.638
16,7653,88.728
