,Student ID,Final Grade
0,7308,87.00125
1,7352,84.59749999999998
2,7380,88.94624999999999
3,7425,97.29375
4,7477,91.45625000000001
5,7495,84.03375
6,7517,94.98499999999999
7,7575,83.46000000000001
8,7600,83.72125
9,7602,88.92375
10,7631,83.05875
11,7637,78.59125
