,Student ID,Final Grade
0,478,85.56166666666667
1,517,83.75166666666667
2,613,88.69666666666667
3,640,81.69166666666666
4,654,75.44166666666666
5,686,94.30999999999999
6,868,74.14166666666667
