,Student ID,Final Grade
0,458,87.96
1,463,82.69333333333333
2,490,72.32
3,503,82.24166666666667
4,557,89.185
5,560,79.77499999999999
6,575,88.33166666666666
7,596,85.50999999999999
8,613,92.66666666666667
9,628,77.095
10,673,87.66333333333334
11,715,83.925
12,762,92.91166666666665
13,808,96.90333333333332
14,817,79.19166666666666
15,826,94.41333333333334
16,830,68.635
17,835,90.12833333333333
18,858,81.855
19,872,79.98166666666667
