,Student ID,Final Grade
0,458,93.01111111111112
1,470,77.29444444444444
2,548,87.64333333333333
3,589,84.16000000000001
4,595,89.5188888888889
5,598,88.85222222222222
6,660,85.41444444444444
7,687,88.38222222222221
8,689,84.5311111111111
9,704,94.80333333333334
10,772,75.87555555555555
11,790,91.11000000000001
12,795,85.97444444444446
13,815,82.17999999999999
