,Student ID,Final Grade
0,7235,83.816
1,7274,89.184
2,7279,88.272
3,7293,84.166
4,7296,98.42999999999999
5,7343,90.65
6,7393,93.14
7,7395,88.53200000000001
8,7410,86.492
9,7473,82.59400000000001
10,7506,86.88
11,7540,82.134
12,7558,90.036
13,7568,89.982
14,7594,81.04599999999999
15,7632,86.434
16,7640,87.91600000000001
