,Student ID,Final Grade
0,7238,87.48
1,7279,80.30833333333334
2,7354,82.81166666666665
3,7375,83.15666666666665
4,7392,81.52833333333332
5,7404,86.47166666666665
6,7454,85.90499999999999
7,7474,88.88666666666666
8,7509,65.52499999999999
9,7638,87.32833333333333
10,7640,80.44833333333334
