,Student ID,Final Grade
0,7280,84.99
1,7384,92.3175
2,7428,86.41375
3,7476,88.31000000000002
4,7510,86.79375
5,7517,89.935
6,7526,94.97875
7,7590,93.95500000000001
8,7599,84.67625
9,7626,87.73624999999998
