,Student ID,Final Grade
0,521,87.28
1,550,82.9525
2,640,83.0325
3,677,92.92124999999999
4,729,86.49750000000002
5,739,87.95249999999999
6,766,93.48625000000001
7,817,73.76875
