,Student ID,Final Grade
0,7285,89.788
1,7293,89.44000000000001
2,7313,83.19199999999998
3,7318,83.566
4,7350,93.94800000000001
5,7379,84.796
6,7435,93.638
7,7460,89.78999999999999
8,7518,88.248
9,7520,91.36999999999999
10,7622,84.796
11,7632,86.12
12,7635,84.756
13,7643,97.894
