,Student ID,Final Grade
0,7259,91.6275
1,7309,85.23
2,7311,73.815
3,7335,77.3125
4,7352,93.88
5,7357,83.80250000000001
6,7462,71.1975
7,7463,96.44749999999999
8,7483,85.475
9,7508,91.89500000000001
10,7553,82.15
11,7557,92.42500000000001
12,7572,93.0475
13,7576,77.935
14,7642,92.4725
15,7649,81.83
