,Student ID,Final Grade
0,7234,93.25999999999999
1,7280,73.66428571428571
2,7321,92.26142857142857
3,7353,92.16571428571429
4,7394,82.71714285714286
5,7422,74.84142857142857
6,7462,88.21285714285715
7,7505,85.6842857142857
