,Student ID,Final Grade
0,477,71.07875
1,514,93.91125
2,559,91.1425
3,613,92.74375
4,712,91.86874999999999
5,729,82.395
6,759,80.4
7,826,85.4375
