,Student ID,Final Grade
0,7346,87.56375
1,7349,85.29125
2,7391,90.50125
3,7460,87.74999999999999
4,7497,88.92375000000001
5,7519,74.90749999999998
6,7585,92.75874999999999
