,Student ID,Final Grade
0,461,89.03500000000001
1,568,90.095
2,583,86.7875
3,598,94.75375
4,618,87.50999999999999
5,662,86.65625
6,670,87.3975
7,674,89.2375
8,730,85.91
9,738,91.0775
10,780,87.03374999999998
11,793,79.93875000000001
12,813,79.66250000000001
