,Student ID,Final Grade
0,517,85.78750000000001
1,535,81.42750000000001
2,537,67.69999999999999
3,547,100.0
4,554,96.1525
5,559,95.0475
6,565,85.18249999999999
7,571,84.5525
8,616,83.3275
9,626,79.0
10,699,94.185
11,741,76.82499999999999
12,758,85.8825
13,805,85.005
14,816,80.35249999999999
15,834,89.125
16,842,76.49000000000001
17,860,77.04
18,873,88.1175
