,Student ID,Final Grade
0,7241,90.02799999999999
1,7279,72.13
2,7281,86.37
3,7287,93.34
4,7330,94.208
5,7343,89.488
6,7407,85.14200000000001
7,7450,85.83200000000001
8,7486,81.684
9,7493,95.642
10,7499,89.02799999999999
11,7532,81.24
12,7534,96.65
13,7570,83.212
14,7577,85.49800000000002
15,7580,82.84
