,Student ID,Final Grade
0,487,78.39125
1,495,88.30375000000001
2,537,89.42125000000001
3,547,91.86875
4,557,89.48875000000001
5,598,71.1075
6,603,91.22749999999999
7,626,70.9575
8,682,72.01249999999999
9,695,75.30125000000001
10,720,80.67375
11,730,88.525
12,776,90.31875000000001
13,789,88.47749999999999
14,810,71.57875
15,841,80.48874999999998
