,Student ID,Final Grade
0,7241,81.20499999999998
1,7253,88.7675
2,7263,85.21000000000001
3,7302,94.1925
4,7355,94.6075
5,7366,88.57750000000001
6,7380,77.7625
7,7415,95.27
8,7429,91.97999999999999
9,7430,86.7
10,7448,91.7
11,7461,85.5
12,7501,84.805
13,7523,77.125
14,7527,82.2225
15,7532,69.2875
16,7593,97.5125
17,7616,89.2275
