,Student ID,Final Grade
0,460,92.43857142857144
1,473,92.91857142857143
2,524,79.38
3,527,88.6557142857143
4,530,90.32428571428571
5,562,83.97857142857143
6,586,97.52571428571427
7,688,98.47714285714287
8,729,68.96000000000001
9,737,77.74714285714286
10,809,88.72857142857143
11,839,82.10000000000001
12,858,97.97142857142858
13,862,89.57714285714285
14,880,86.52714285714286
