,Student ID,Final Grade
0,7234,91.77625
1,7369,89.31875000000001
2,7414,83.06125
3,7427,81.2475
4,7438,74.50125
5,7457,84.135
6,7493,84.42124999999999
7,7501,78.32124999999999
8,7510,91.71124999999999
9,7512,85.48625
10,7538,81.88374999999999
11,7561,82.44375000000001
12,7567,87.285
13,7568,78.94375
14,7584,90.76625000000001
15,7624,85.44250000000001
16,7625,85.86250000000001
