,Student ID,Final Grade
0,506,76.94
1,663,86.24600000000001
2,686,80.952
3,690,92.328
4,693,84.82000000000001
5,703,70.804
6,708,84.96599999999998
7,719,89.69200000000001
8,746,87.844
9,748,74.736
10,749,85.718
11,750,75.056
12,761,93.738
13,766,79.566
14,777,78.838
15,791,83.066
16,829,76.032
17,873,86.462
