,Student ID,Final Grade
0,7256,89.23125
1,7309,81.41624999999999
2,7313,88.69500000000001
3,7321,77.19999999999999
4,7334,78.61749999999999
5,7345,85.58625
6,7354,94.73875
7,7357,86.03374999999998
8,7393,85.0275
9,7409,79.4525
10,7427,84.465
11,7491,79.48875
12,7517,89.41000000000001
13,7557,88.85125
14,7563,85.56249999999999
15,7579,88.77874999999999
16,7580,80.33125
17,7601,95.24875
18,7629,87.37750000000001
