,Student ID,Final Grade
0,7265,78.4475
1,7305,86.0975
2,7309,92.59
3,7319,79.1675
4,7322,71.74000000000001
5,7327,81.4975
6,7331,83.3275
7,7340,83.3375
8,7411,95.72
9,7445,88.17750000000001
10,7498,95.5
11,7532,88.3475
12,7632,81.95249999999999
13,7635,96.3475
14,7654,77.71249999999999
