,Student ID,Final Grade
0,7239,93.29666666666668
1,7296,89.42777777777778
2,7304,82.42333333333335
3,7349,90.46
4,7373,83.85666666666667
5,7427,87.73888888888888
6,7438,88.23444444444445
7,7466,84.46333333333332
8,7508,91.83222222222223
9,7515,83.96000000000001
10,7553,84.51111111111112
11,7567,92.3288888888889
12,7589,91.57222222222224
13,7608,88.74555555555554
14,7627,79.70333333333333
