,Student ID,Final Grade
0,7246,95.38
1,7253,91.40166666666666
2,7290,95.75
3,7293,94.95333333333333
4,7315,85.18666666666667
5,7399,87.49333333333334
6,7421,89.79166666666667
7,7437,92.46166666666666
8,7485,93.30166666666668
9,7498,70.57000000000001
10,7540,96.0
11,7556,85.97666666666667
12,7573,79.74333333333333
13,7598,80.06166666666667
14,7606,79.66666666666667
15,7626,73.175
16,7633,86.54166666666667
17,7650,83.86166666666666
