,Student ID,Final Grade
0,7248,93.59333333333333
1,7288,89.76444444444445
2,7318,90.10666666666665
3,7355,88.24666666666667
4,7394,92.39111111111112
5,7403,92.21000000000001
6,7469,83.94777777777777
7,7491,76.97555555555556
8,7510,95.99444444444445
9,7548,91.20666666666668
10,7569,85.05
11,7637,90.55777777777779
12,7649,83.33444444444443
