,Student ID,Final Grade
0,7242,90.00333333333333
1,7246,94.42333333333333
2,7256,89.21833333333332
3,7265,83.21000000000001
4,7277,88.19
5,7319,91.46
6,7339,78.10833333333333
7,7384,75.95333333333333
8,7430,77.81666666666666
9,7543,95.62
10,7545,84.48666666666666
11,7550,73.625
12,7577,78.02499999999999
13,7585,86.69
14,7602,81.15833333333333
15,7603,85.03333333333333
16,7642,86.30333333333333
