,Student ID,Final Grade
0,7247,88.16666666666667
1,7252,80.05166666666666
2,7285,85.11
3,7301,90.73333333333335
4,7331,74.19666666666667
5,7333,74.39166666666667
6,7355,92.84333333333332
7,7362,96.57
8,7370,77.68666666666667
9,7380,83.425
10,7390,83.45666666666666
11,7398,80.40166666666667
12,7427,84.12166666666667
13,7526,91.27166666666666
14,7542,84.44500000000001
15,7543,83.13666666666667
16,7614,85.325
17,7629,94.13
