,Student ID,Final Grade
0,7244,94.42444444444445
1,7279,92.53555555555555
2,7321,91.85666666666665
3,7347,84.14555555555555
4,7350,78.69111111111113
5,7421,89.61444444444444
6,7430,82.40222222222222
7,7432,94.15
8,7455,86.5988888888889
9,7562,86.39111111111112
10,7579,83.12444444444446
11,7593,83.02888888888889
12,7596,85.93444444444444
13,7613,84.91444444444446
14,7623,86.11444444444444
15,7628,86.03777777777776
