,Student ID,Final Grade
0,457,85.57375
1,488,82.43375
2,492,94.055
3,513,90.51374999999999
4,520,79.015
5,530,86.64375
6,577,84.79375
7,645,88.35499999999999
8,746,87.26124999999999
9,755,91.215
10,788,84.39125
11,794,89.21374999999999
12,808,83.60499999999999
13,812,90.22625000000001
14,829,85.03999999999999
15,853,82.28
16,858,82.73125
