,Student ID,Final Grade
0,7248,88.3375
1,7319,82.62625
2,7323,82.45375
3,7343,69.41250000000001
4,7356,93.76875000000001
5,7389,82.37375
6,7401,81.71875
7,7416,91.25625
8,7438,83.14125000000001
9,7448,94.64
10,7465,76.43124999999999
11,7520,85.63875
