,Student ID,Final Grade
0,7283,75.16222222222223
1,7304,88.89333333333333
2,7307,85.36777777777779
3,7322,79.96555555555557
4,7334,94.94777777777779
5,7335,90.59111111111112
6,7535,89.82666666666667
7,7583,88.29333333333335
8,7590,69.80555555555556
9,7616,83.45
10,7632,83.17555555555556
