,Student ID,Final Grade
0,7277,89.76529411764707
1,7290,84.56470588235295
2,7317,88.24117647058823
3,7429,92.17
4,7508,83.92176470588235
5,7592,91.08588235294118
