,Student ID,Final Grade
0,7292,84.7325
1,7405,95.59375
2,7488,88.89
3,7491,87.55375000000001
4,7525,87.53375
5,7613,88.98124999999999
