,Student ID,Final Grade
0,527,89.112
1,557,86.352
2,597,84.02
3,653,96.024
4,684,86.18599999999999
5,729,87.28999999999999
6,739,89.734
7,750,83.326
8,799,91.83599999999998
9,849,86.564
