,Student ID,Final Grade
0,7328,84.59166666666667
1,7329,95.88833333333334
2,7348,87.88833333333334
3,7382,88.51333333333332
4,7396,95.98666666666666
5,7434,74.87666666666668
6,7498,89.78333333333335
7,7540,91.14333333333333
8,7577,90.78833333333334
9,7641,90.77833333333335
10,7650,92.59499999999998
