,Student ID,Final Grade
0,517,74.338
1,581,88.20400000000001
2,680,100.0
3,685,88.85
4,688,85.73400000000001
5,702,93.508
6,840,81.986
7,841,91.43
8,849,87.486
