,Student ID,Final Grade
0,7259,83.8355172413793
1,7262,85.37344827586209
2,7272,83.60137931034483
3,7281,85.53241379310347
4,7293,83.05724137931036
5,7308,80.71827586206896
6,7465,87.09413793103448
7,7483,87.80724137931033
8,7578,85.05344827586205
9,7584,83.41517241379312
10,7586,77.6696551724138
11,7635,82.28310344827587
