,Student ID,Final Grade
0,476,84.665
1,501,82.0425
2,517,94.68
3,536,91.39
4,587,85.84125
5,599,80.0775
6,602,88.4425
7,611,93.17125
8,616,81.7475
9,638,88.7975
10,687,88.86624999999998
11,734,88.93375
12,738,68.395
13,747,80.20875000000001
14,750,89.905
15,783,78.06
16,870,87.47375
