,Student ID,Final Grade
0,7237,85.83888888888889
1,7239,84.13444444444445
2,7247,96.34666666666666
3,7249,90.57666666666667
4,7273,87.53666666666666
5,7291,87.55
6,7331,83.73888888888888
7,7375,89.94777777777777
8,7402,80.61222222222221
9,7453,80.98666666666666
10,7515,86.50666666666667
11,7516,79.13555555555556
12,7528,91.30666666666667
13,7582,78.36444444444444
14,7589,89.99666666666667
15,7625,77.37111111111113
