,Student ID,Final Grade
0,520,88.4875
1,524,79.0875
2,530,89.8725
3,583,79.78
4,595,82.5675
5,653,92.60749999999999
6,660,90.8325
7,709,80.89500000000001
8,739,84.3125
9,819,90.73
10,842,87.28750000000001
