,Student ID,Final Grade
0,7235,97.68
1,7240,74.42
2,7279,91.33500000000001
3,7342,82.61
4,7359,90.61500000000001
5,7362,84.54249999999999
6,7368,82.8125
7,7374,94.83500000000001
8,7376,84.81
9,7396,91.23
10,7432,94.3675
11,7448,84.2325
12,7476,89.2925
13,7494,97.42
14,7507,90.655
15,7509,72.135
16,7520,92.2975
17,7567,75.0625
