,Student ID,Final Grade
0,7244,85.749
1,7306,86.93900000000001
2,7391,88.771
3,7393,88.511
4,7406,86.01
5,7453,88.37899999999999
6,7514,86.12899999999999
