,Student ID,Final Grade
0,7247,83.214
1,7325,85.396
2,7338,93.24600000000001
3,7353,78.86
4,7382,82.604
5,7391,86.414
6,7426,83.144
7,7442,76.176
8,7492,85.36600000000001
9,7528,77.072
10,7551,92.14000000000001
11,7642,71.818
12,7651,89.7
