,Student ID,Final Grade
0,475,88.43666666666667
1,530,89.17333333333335
2,548,73.84833333333334
3,599,85.11333333333333
4,603,84.28666666666666
5,620,70.73166666666667
6,623,90.96833333333332
7,644,89.66833333333334
8,645,80.16166666666668
9,660,97.855
10,723,84.73333333333333
11,744,85.66333333333331
12,745,89.62166666666667
13,789,75.20166666666667
14,798,83.59500000000001
15,824,92.78166666666665
16,880,75.99499999999999
