,Student ID,Final Grade
0,7295,80.41
1,7355,90.71857142857142
2,7361,97.56714285714285
3,7420,87.67857142857143
4,7422,89.81428571428572
5,7486,92.97857142857143
6,7490,90.56142857142858
7,7500,90.45
8,7523,94.03714285714285
9,7526,93.46285714285715
10,7536,88.27142857142857
11,7576,72.70714285714286
