,Student ID,Final Grade
0,7255,85.0175
1,7260,98.1175
2,7373,94.565
3,7393,90.6875
4,7413,81.79499999999999
5,7466,78.3525
6,7471,82.84
7,7534,77.755
8,7611,96.855
9,7631,82.145
10,7633,89.7525
11,7657,94.69749999999999
