,Student ID,Final Grade
0,7249,85.81833333333333
1,7253,87.65333333333332
2,7262,85.17166666666667
3,7322,84.69500000000001
4,7341,93.47000000000001
5,7387,83.68333333333334
6,7414,89.12833333333333
7,7426,87.685
8,7435,87.75333333333333
9,7452,88.56166666666667
10,7466,83.83333333333333
11,7482,79.03833333333334
12,7529,89.05666666666667
13,7545,83.96833333333333
14,7585,84.05833333333334
15,7645,79.22833333333334
16,7653,83.5
