,Student ID,Final Grade
0,464,85.915
1,476,83.15125
2,512,85.93624999999999
3,545,92.91375
4,590,84.21375
5,605,84.28125
6,657,87.00125
7,723,83.19875
8,738,81.02375
9,758,82.30000000000001
10,872,82.79624999999999
