,Student ID,Final Grade
0,466,86.57571428571428
1,525,93.59285714285714
2,535,85.91571428571429
3,539,84.36142857142856
4,545,86.0
5,567,84.69285714285714
6,572,85.74714285714286
7,588,91.37571428571427
8,607,85.54857142857142
9,655,86.14285714285715
10,679,84.65285714285714
11,685,84.18571428571428
12,687,90.53857142857143
13,701,88.9357142857143
14,736,81.73142857142857
15,802,74.37571428571428
16,803,82.54857142857145
17,863,84.95428571428572
18,877,89.39857142857143
