,Student ID,Final Grade
0,7240,77.465
1,7246,70.285
2,7258,83.2825
3,7294,96.94500000000001
4,7313,87.245
5,7355,84.60249999999999
6,7379,91.08250000000001
7,7381,92.23
8,7399,91.5875
9,7407,83.1875
10,7431,84.8575
11,7434,93.2975
12,7458,95.47749999999999
13,7495,93.69
14,7527,90.50999999999999
15,7633,84.17750000000001
