,Student ID,Final Grade
0,464,84.675
1,518,91.47666666666667
2,599,78.11
3,615,91.38499999999999
4,637,91.50999999999999
5,648,83.69833333333334
6,714,92.54833333333333
7,749,78.50666666666667
8,828,89.76333333333334
9,841,83.41166666666668
10,855,80.04333333333334
11,861,97.2
12,863,89.94
13,869,94.05166666666666
14,880,81.39833333333333
