,Student ID,Final Grade
0,509,91.304
1,520,76.47399999999999
2,564,85.048
3,581,57.589999999999996
4,707,78.908
5,845,87.5
