,Student ID,Final Grade
0,7248,97.902
1,7259,71.44000000000001
2,7267,90.862
3,7272,81.074
4,7289,80.196
5,7313,85.4
6,7319,88.024
7,7340,80.794
8,7345,97.488
9,7358,74.336
10,7377,80.24
11,7410,89.43199999999999
12,7451,85.09
13,7457,81.026
14,7465,85.704
15,7523,96.15599999999999
16,7532,87.786
17,7559,72.792
18,7571,75.196
19,7575,78.23
