,Student ID,Final Grade
0,7290,88.21499999999999
1,7343,90.57375
2,7425,86.44000000000001
3,7449,87.61
4,7458,83.83625
5,7542,86.41000000000001
6,7573,81.88
