,Student ID,Final Grade
0,484,80.50800000000001
1,517,80.14599999999999
2,524,91.002
3,586,85.66600000000001
4,676,79.988
5,690,83.632
6,695,76.412
7,700,86.26199999999999
8,708,80.69000000000001
9,715,88.28999999999999
10,854,89.28
