,Student ID,Final Grade
0,485,78.80799999999999
1,504,89.136
2,574,95.35999999999999
3,609,93.498
4,615,89.86
5,626,88.73
6,638,91.622
7,645,83.708
8,659,90.56800000000001
9,746,91.524
10,847,100.0
11,868,94.22800000000001
