,Student ID,Final Grade
0,7283,87.63749999999999
1,7296,76.5325
2,7335,86.00999999999999
3,7350,93.4775
4,7410,84.63
5,7412,78.51750000000001
6,7470,91.1425
7,7516,78.0575
8,7522,77.52499999999999
9,7585,85.02
