,Student ID,Final Grade
0,7254,92.25800000000001
1,7277,86.17
2,7310,94.032
3,7398,84.72
4,7439,90.776
5,7477,85.53
6,7525,76.47
7,7553,79.39200000000001
