,Student ID,Final Grade
0,7274,77.26666666666667
1,7281,87.98166666666667
2,7373,73.19166666666666
3,7387,82.28166666666668
4,7457,81.64166666666667
5,7469,94.72666666666667
6,7523,84.04
7,7541,89.92166666666667
8,7607,88.125
