,Student ID,Final Grade
0,7272,98.398
1,7286,90.824
2,7305,93.106
3,7326,83.784
4,7327,91.77000000000001
5,7333,95.676
6,7384,91.56800000000001
7,7433,87.94200000000001
8,7454,82.388
9,7482,86.146
10,7488,80.158
11,7511,87.228
12,7554,84.15
13,7602,87.6
14,7616,90.292
15,7623,89.364
16,7626,88.71600000000001
17,7630,92.61399999999999
18,7646,88.612
