,Student ID,Final Grade
0,7247,92.88833333333332
1,7251,94.015
2,7354,90.70833333333333
3,7366,89.24166666666667
4,7400,94.12666666666667
5,7414,90.63
6,7473,82.45833333333334
7,7511,89.20666666666666
8,7517,82.08333333333333
9,7518,88.28833333333334
10,7551,90.70833333333333
11,7569,84.01
12,7588,91.10666666666667
13,7596,85.72333333333334
14,7618,88.80666666666666
15,7639,96.51666666666667
