,Student ID,Final Grade
0,7254,83.47333333333334
1,7261,87.06166666666667
2,7266,91.85833333333333
3,7328,84.93333333333335
4,7336,82.80333333333333
5,7339,85.59666666666668
6,7365,82.66666666666667
7,7367,88.27
8,7371,80.59666666666666
9,7389,83.28666666666666
10,7399,90.25166666666667
11,7413,91.96
12,7425,89.85000000000001
13,7445,78.39666666666666
14,7456,88.27166666666666
15,7485,90.77833333333335
16,7499,85.135
17,7536,78.31666666666666
