,Student ID,Final Grade
0,7254,83.58500000000001
1,7344,82.025
2,7382,89.4725
3,7400,95.53
4,7404,88.47250000000001
5,7431,77.635
6,7460,100.0
7,7469,83.4875
8,7545,78.2675
9,7551,75.57499999999999
10,7604,82.02250000000001
11,7619,82.1825
12,7621,91.39750000000001
