,Student ID,Final Grade
0,7244,87.61000000000001
1,7313,76.58999999999999
2,7329,90.66333333333334
3,7348,90.04
4,7361,87.27333333333335
5,7367,83.61500000000001
6,7393,90.38666666666666
7,7401,84.36
8,7412,77.78166666666667
9,7457,91.87166666666667
10,7483,86.36333333333334
11,7487,80.74
12,7512,97.89333333333332
13,7514,93.14666666666666
14,7520,87.88166666666666
15,7619,78.77833333333334
16,7623,95.43333333333334
17,7628,89.08166666666666
