,Student ID,Final Grade
0,472,88.86999999999999
1,477,87.89
2,524,83.51166666666667
3,542,98.27
4,551,87.25666666666666
5,552,97.575
6,555,92.99833333333333
7,565,96.72166666666665
8,634,71.60166666666667
9,642,78.2
10,647,82.29166666666667
11,651,96.47166666666665
12,709,86.74833333333333
13,751,76.585
14,792,78.6
15,811,91.43
16,826,92.98666666666668
17,841,79.67666666666668
18,855,69.61166666666666
19,872,86.63999999999999
