,Student ID,Final Grade
0,7234,90.32399999999998
1,7249,89.30199999999999
2,7353,85.65799999999999
3,7381,77.088
4,7391,93.712
5,7419,84.836
6,7423,79.03999999999999
7,7424,94.99
8,7443,89.494
9,7525,84.818
10,7559,87.804
11,7584,83.88
12,7596,77.53
13,7612,98.392
14,7623,91.092
15,7639,84.576
16,7652,87.59400000000001
