,Student ID,Final Grade
0,479,93.56333333333335
1,492,80.81666666666666
2,498,81.01333333333334
3,530,94.12444444444446
4,558,86.44999999999999
5,560,83.20444444444445
6,561,74.77222222222223
7,576,99.59222222222222
8,580,90.12555555555555
9,595,85.59555555555556
10,602,87.68444444444445
11,624,87.56555555555555
12,651,88.14111111111112
13,657,86.18222222222222
14,680,94.44555555555556
15,767,82.00777777777779
16,805,92.44333333333333
17,844,81.74777777777778
18,863,88.19777777777779
