,Student ID,Final Grade
0,477,92.86666666666666
1,532,96.22777777777777
2,548,83.33888888888889
3,562,82.78222222222222
4,621,74.89666666666666
5,641,72.41777777777777
6,652,91.46555555555557
7,710,88.89888888888889
8,736,83.06777777777778
9,799,86.54333333333334
10,849,82.05888888888889
