,Student ID,Final Grade
0,7277,91.28500000000001
1,7313,85.35666666666668
2,7359,82.36833333333333
3,7506,99.63499999999999
4,7543,89.21999999999998
5,7588,83.645
6,7628,95.885
