,Student ID,Final Grade
0,7235,87.42374999999998
1,7356,86.66749999999999
2,7413,89.95875000000001
3,7429,87.685
4,7437,88.80125
5,7510,86.945
6,7552,86.13250000000001
7,7605,86.9225
8,7621,92.18
