,Student ID,Final Grade
0,7238,78.63
1,7239,88.37875
2,7287,86.17375
3,7307,90.95125
4,7349,81.2975
5,7366,85.42375000000001
6,7394,83.48125
7,7446,87.98875
8,7482,78.64625
9,7483,82.97749999999999
10,7513,88.315
11,7535,77.01124999999999
12,7546,89.69250000000001
13,7552,90.045
14,7581,91.88874999999999
15,7594,82.2125
16,7607,93.11124999999998
