,Student ID,Final Grade
0,7262,91.49833333333333
1,7312,78.165
2,7336,96.89666666666666
3,7345,79.62666666666667
4,7349,80.70666666666666
5,7361,87.45833333333333
6,7367,84.435
7,7393,79.67
8,7394,95.68666666666667
9,7495,77.77833333333332
10,7542,84.175
11,7558,72.64833333333333
12,7597,82.425
13,7627,93.13499999999999
