,Student ID,Final Grade
0,7234,89.99875000000002
1,7418,84.015
2,7458,80.40625
3,7481,85.22375
4,7513,86.62125
5,7566,87.38374999999999
6,7575,91.88375
7,7589,77.44125
8,7636,94.03125
