,Student ID,Final Grade
0,509,92.48375000000001
1,573,90.77625
2,575,90.71875000000001
3,576,94.4875
4,685,96.06249999999999
5,723,87.4375
6,810,92.39625000000001
7,814,87.0875
8,831,85.8725
