,Student ID,Final Grade
0,7247,82.12833333333334
1,7297,89.76833333333333
2,7334,91.91333333333334
3,7339,82.22500000000001
4,7376,84.10000000000001
5,7378,72.115
6,7388,87.85666666666668
7,7424,86.75
8,7454,84.84666666666666
9,7506,85.04333333333334
10,7507,88.49000000000001
11,7532,77.075
12,7594,91.73666666666666
13,7625,79.49
