,Student ID,Final Grade
0,7234,86.56555555555555
1,7257,71.09222222222223
2,7264,92.5
3,7270,90.12888888888887
4,7306,95.12666666666667
5,7315,78.30777777777777
6,7349,83.60777777777778
7,7370,88.28777777777776
8,7407,92.03666666666666
9,7426,78.99888888888889
10,7436,88.19999999999999
11,7451,85.60666666666665
12,7456,85.19666666666666
13,7466,86.65777777777778
14,7481,97.21333333333332
15,7565,87.74333333333334
16,7569,82.25888888888888
17,7592,76.41222222222223
18,7644,83.58555555555556
