,Student ID,Final Grade
0,7251,92.36333333333334
1,7253,92.295
2,7263,94.56500000000001
3,7276,86.55333333333333
4,7277,89.76166666666667
5,7282,82.57
6,7313,81.365
7,7354,86.755
8,7384,88.52499999999999
9,7408,88.98666666666668
10,7427,84.71499999999999
11,7435,90.81833333333333
12,7470,85.15833333333333
13,7479,99.52166666666666
14,7500,80.36166666666666
15,7551,83.63666666666667
16,7565,73.41333333333334
17,7566,83.88166666666667
18,7567,80.78999999999999
19,7578,74.64999999999999
