,Student ID,Final Grade
0,7261,73.36
1,7268,90.64
2,7303,90.3175
3,7312,95.72500000000001
4,7331,94.36000000000001
5,7468,87.63499999999999
6,7581,89.64
7,7594,81.52250000000001
8,7595,84.38
9,7642,98.965
10,7643,84.75750000000001
