,Student ID,Final Grade
0,7367,91.58142857142857
1,7425,85.6542857142857
2,7442,89.6942857142857
3,7452,87.33000000000001
4,7475,88.46714285714287
5,7513,86.78999999999999
6,7558,91.74142857142859
