,Student ID,Final Grade
0,7361,87.38142857142857
1,7394,81.69142857142856
2,7470,90.13714285714286
3,7563,80.37857142857142
4,7589,79.77428571428572
5,7639,78.03714285714285
6,7651,85.80428571428571
