,Student ID,Final Grade
0,7247,88.76428571428572
1,7272,86.38285714285715
2,7276,83.02142857142857
3,7290,83.23857142857143
4,7298,76.85999999999999
5,7329,86.30428571428571
6,7366,80.86428571428571
7,7372,92.91857142857144
8,7463,89.01285714285713
9,7464,88.71142857142856
10,7481,92.85857142857142
11,7512,84.45714285714287
12,7530,80.0257142857143
13,7551,86.02714285714286
14,7617,86.83714285714287
15,7627,89.52285714285715
