,Student ID,Final Grade
0,7238,86.88624999999999
1,7242,94.00875
2,7263,86.96
3,7307,85.44875
4,7336,84.825
5,7344,79.17500000000001
6,7353,82.92875
7,7356,87.60249999999999
8,7390,81.86
9,7410,86.84875
10,7425,88.15875
11,7500,88.4175
12,7516,85.30375
13,7545,88.0975
14,7555,86.3475
15,7607,92.79624999999999
16,7617,81.70374999999999
17,7624,85.42000000000002
