,Student ID,Final Grade
0,7255,73.71600000000001
1,7298,84.798
2,7308,87.86
3,7312,97.04799999999999
4,7324,100.0
5,7349,83.306
6,7478,88.898
7,7506,57.620000000000005
8,7525,89.962
9,7533,93.92
10,7545,79.862
11,7553,88.63199999999999
12,7562,96.21000000000001
13,7563,83.27799999999999
14,7574,95.328
15,7639,86.56800000000001
