,Student ID,Final Grade
0,7291,88.87625
1,7326,91.49875
2,7389,85.14375
3,7427,86.50874999999999
4,7450,92.62125
5,7485,81.97
6,7489,88.83749999999999
7,7506,75.2325
8,7530,72.8675
9,7584,77.33000000000001
10,7606,86.035
11,7649,91.61749999999999
