,Student ID,Final Grade
0,498,85.92285714285715
1,514,82.21142857142857
2,534,92.84285714285714
3,577,85.50428571428571
4,660,82.60857142857142
5,712,98.07285714285715
6,831,98.88142857142859
7,871,80.27571428571427
8,880,85.09285714285714
