,Student ID,Final Grade
0,7276,89.94833333333334
1,7325,93.795
2,7372,81.81166666666667
3,7405,87.82666666666667
4,7473,73.61333333333333
5,7493,89.97500000000001
6,7502,76.35666666666667
7,7510,84.25666666666667
