,Student ID,Final Grade
0,511,89.208
1,532,78.252
2,576,73.238
3,588,83.38
4,616,84.404
5,632,70.81
6,660,94.63199999999999
7,681,88.114
8,733,85.25800000000001
9,782,84.812
10,788,93.30199999999999
11,853,86.80199999999999
