,Student ID,Final Grade
0,7330,76.575
1,7385,89.59333333333332
2,7389,90.0
3,7400,90.98500000000001
4,7435,90.13166666666666
5,7459,79.23333333333333
6,7463,94.07833333333333
7,7547,86.37
8,7549,85.45
9,7568,81.295
10,7574,86.48333333333335
11,7597,87.19500000000001
12,7634,86.29333333333334
13,7645,88.05166666666666
14,7648,80.40833333333335
