,Student ID,Final Grade
0,646,79.35125
1,695,87.28500000000001
2,743,85.72125
3,747,77.89375
4,752,81.12124999999999
5,768,87.79875
6,786,89.1525
7,803,85.13625
8,823,89.5725
