,Student ID,Final Grade
0,7291,85.26333333333332
1,7307,90.95166666666667
2,7309,93.90333333333332
3,7330,90.05833333333332
4,7347,92.05333333333333
5,7369,85.78500000000001
6,7395,91.91166666666668
7,7413,100.0
8,7435,72.19
9,7437,84.98833333333333
10,7473,87.61500000000001
11,7518,85.80499999999999
12,7544,92.575
13,7547,87.25666666666666
14,7572,91.95
15,7579,75.06833333333334
16,7628,84.085
17,7652,82.495
