,Student ID,Final Grade
0,7255,88.44000000000001
1,7261,70.72800000000001
2,7266,88.094
3,7311,83.106
4,7318,97.286
5,7332,90.462
6,7335,94.34400000000001
7,7385,94.452
8,7397,92.192
9,7441,91.854
10,7448,72.194
11,7474,94.188
12,7517,96.24000000000001
13,7528,92.612
14,7583,82.63
15,7586,83.65
16,7591,79.982
17,7636,88.92999999999999
