,Student ID,Final Grade
0,463,88.94800000000001
1,469,86.626
2,486,84.934
3,499,90.454
4,521,88.93
5,619,89.21
6,644,89.00800000000001
7,668,83.30799999999999
8,720,92.502
9,723,92.022
10,756,83.232
11,771,81.152
12,776,73.566
13,780,71.114
14,792,89.14399999999999
15,800,87.676
16,840,77.152
17,857,81.386
18,866,95.398
