,Student ID,Final Grade
0,7278,91.61125
1,7304,75.095
2,7341,90.6675
3,7476,90.13625
4,7558,90.95625
5,7654,76.89875
