,Student ID,Final Grade
0,7274,86.82249999999999
1,7279,86.0175
2,7311,90.755
3,7336,84.8075
4,7375,83.295
5,7413,76.8975
6,7458,82.6225
7,7487,91.37
8,7488,93.28
9,7602,85.49499999999999
10,7612,61.550000000000004
11,7614,78.91499999999999
12,7643,76.08250000000001
