,Student ID,Final Grade
0,7263,93.54374999999999
1,7277,83.5925
2,7299,81.9575
3,7327,93.94624999999999
4,7334,86.70625000000001
5,7375,91.48625
6,7410,75.2825
7,7444,90.36500000000001
8,7451,91.985
9,7462,85.4425
10,7489,77.60125000000001
11,7512,74.2575
12,7549,88.98625
13,7558,78.26500000000001
14,7561,87.49125
15,7566,96.785
16,7578,83.28250000000001
17,7609,77.0975
18,7612,89.35125
19,7637,89.37375
