,Student ID,Final Grade
0,576,86.75
1,641,82.30666666666666
2,755,88.26666666666667
3,786,85.22500000000001
4,791,80.58
5,875,95.15333333333332
