,Student ID,Final Grade
0,7245,82.61625
1,7247,82.1975
2,7264,92.155
3,7347,71.55125000000001
4,7362,85.83375000000001
5,7394,87.26
6,7408,81.80875
7,7409,89.06125
8,7440,82.54875
9,7542,84.235
10,7549,92.8575
11,7554,88.34875
12,7629,79.97125
