,Student ID,Final Grade
0,7264,82.56142857142858
1,7329,91.13285714285713
2,7386,85.31142857142858
3,7396,87.71142857142857
4,7430,82.1657142857143
5,7443,90.11285714285714
6,7471,89.88857142857144
7,7478,87.23714285714286
8,7517,80.65428571428572
9,7537,86.33857142857143
10,7571,87.22571428571428
11,7589,89.32857142857142
12,7605,85.81000000000002
