,Student ID,Final Grade
0,7269,94.60857142857142
1,7284,87.31857142857143
2,7292,85.63142857142857
3,7299,86.53857142857143
4,7301,73.91
5,7324,89.69714285714285
6,7328,86.88571428571429
7,7349,79.07571428571428
8,7377,83.29142857142857
9,7396,87.33142857142856
10,7405,90.36
11,7552,86.6842857142857
12,7655,77.42857142857143
