,Student ID,Final Grade
0,508,85.75
1,520,88.46125
2,579,93.1175
3,593,92.40125
4,652,97.00125
5,725,87.9825
6,771,84.7175
7,777,94.34875
8,801,91.11125
9,805,82.4975
10,837,88.6925
