,Student ID,Final Grade
0,7284,84.40875
1,7285,87.03875000000001
2,7366,90.91375000000001
3,7377,78.51375
4,7399,89.22
5,7462,81.66875
6,7530,82.35125
7,7559,84.34
8,7563,87.0625
9,7606,89.495
