,Student ID,Final Grade
0,7237,82.61800000000001
1,7260,78.546
2,7282,92.934
3,7311,89.194
4,7429,79.814
5,7486,96.30199999999999
6,7493,81.674
7,7506,92.88199999999999
8,7517,92.91799999999999
9,7571,80.57400000000001
10,7591,88.106
11,7593,85.122
12,7610,74.64200000000001
13,7616,87.038
