,Student ID,Final Grade
0,605,83.03999999999999
1,684,87.47428571428573
2,731,92.58285714285714
3,753,91.90285714285713
4,788,84.07000000000001
5,851,88.17428571428572
