,Student ID,Final Grade
0,7235,87.98857142857143
1,7248,80.00999999999999
2,7315,78.30428571428573
3,7319,87.50857142857141
4,7368,94.19571428571429
5,7392,88.78142857142858
6,7443,88.99857142857142
7,7445,86.09857142857143
8,7448,81.73714285714286
9,7455,84.00285714285714
10,7460,81.53999999999999
11,7471,90.76571428571428
12,7474,84.07285714285715
13,7484,75.84285714285716
14,7517,81.20571428571428
15,7548,84.02571428571427
16,7576,86.5657142857143
17,7600,75.89142857142858
