,Student ID,Final Grade
0,7237,85.304
1,7268,79.55199999999999
2,7315,89.87
3,7410,86.184
4,7625,96.53200000000001
5,7632,82.912
