,Student ID,Final Grade
0,7241,93.83875
1,7243,75.8125
2,7268,83.25625
3,7305,91.33875
4,7424,87.5425
5,7461,83.64999999999999
6,7541,90.5075
7,7554,81.54375000000002
8,7598,89.46875
9,7638,82.115
