,Student ID,Final Grade
0,7234,86.76125
1,7277,91.8175
2,7326,85.435
3,7329,92.73875
4,7341,82.61124999999998
5,7425,89.77875
6,7434,89.06
7,7460,93.82249999999999
8,7474,82.16749999999999
9,7496,82.22874999999999
10,7529,78.465
11,7560,82.23500000000001
12,7589,87.96
13,7621,82.95875000000001
