,Student ID,Final Grade
0,7275,73.34833333333334
1,7279,76.87833333333333
2,7308,89.70666666666666
3,7333,80.30833333333332
4,7376,82.86500000000001
5,7380,94.48833333333334
6,7381,78.15333333333332
7,7442,84.69833333333334
8,7480,82.27166666666666
9,7524,84.68833333333333
10,7534,73.77166666666666
11,7538,85.56333333333333
12,7601,83.08166666666668
13,7626,81.93333333333334
14,7647,87.95666666666666
