,Student ID,Final Grade
0,7297,90.548
1,7318,82.976
2,7326,91.31800000000001
3,7341,80.918
4,7462,79.61200000000001
5,7509,77.00399999999999
6,7550,87.49600000000001
7,7648,87.788
