,Student ID,Final Grade
0,7270,98.69
1,7301,87.11250000000001
2,7327,82.57625
3,7346,94.4475
4,7366,91.40875
5,7459,91.07375
6,7509,89.33625
