,Student ID,Final Grade
0,466,92.13166666666666
1,470,80.37833333333333
2,488,82.87500000000001
3,512,75.42833333333333
4,568,88.79
5,571,79.04
6,588,85.00500000000001
7,611,83.02
8,619,86.44999999999999
9,656,86.69166666666666
10,669,91.91833333333334
11,682,83.90333333333334
12,695,73.15499999999999
13,700,90.98
14,750,78.8
15,754,92.065
16,761,80.27833333333334
17,792,79.91
18,799,77.16833333333334
19,828,87.92333333333333
