,Student ID,Final Grade
0,467,72.50444444444445
1,526,88.21666666666667
2,579,85.77888888888889
3,669,85.38444444444445
4,728,82.96999999999998
5,730,81.37888888888888
6,786,85.1222222222222
7,833,81.87444444444444
8,864,82.40777777777777
