,Student ID,Final Grade
0,490,85.48666666666668
1,505,93.95833333333333
2,523,85.18333333333334
3,531,79.20166666666667
4,538,85.28
5,601,78.84333333333335
6,648,81.34499999999998
7,651,80.96
8,654,84.31
9,682,86.41666666666667
10,739,89.35833333333335
11,767,83.45666666666666
12,789,87.06
13,814,80.96
14,851,82.12666666666668
15,877,87.7
