,Student ID,Final Grade
0,7249,90.77000000000001
1,7392,81.518
2,7473,84.598
3,7495,81.94
4,7559,80.88
5,7570,90.038
6,7587,74.28599999999999
7,7596,94.672
