,Student ID,Final Grade
0,7286,82.844
1,7318,88.68199999999999
2,7468,87.71600000000001
3,7473,82.054
4,7483,85.07200000000002
5,7515,90.366
6,7524,82.586
7,7530,83.33399999999999
8,7570,73.91799999999999
9,7612,79.292
10,7629,75.72999999999999
