,Student ID,Final Grade
0,554,86.13
1,611,85.29777777777777
2,653,80.97777777777777
3,672,88.34555555555556
4,757,80.67
5,805,88.20555555555556
