,Student ID,Final Grade
0,467,75.995
1,661,85.1275
2,682,81.97125
3,689,88.91125
4,737,83.6875
5,852,80.17625
6,878,88.40875000000001
7,880,88.58624999999999
