,Student ID,Final Grade
0,468,86.71499999999999
1,494,80.32333333333334
2,512,76.82166666666666
3,542,64.28666666666668
4,581,89.51999999999998
5,603,82.17166666666667
6,607,89.29
7,611,88.37
8,633,85.74333333333333
9,635,85.78166666666665
10,654,75.21666666666667
11,690,99.76166666666666
12,742,94.30499999999999
13,779,81.55166666666668
14,809,87.09666666666665
15,818,85.875
16,822,86.8
17,839,71.18666666666667
18,855,98.56166666666667
