,Student ID,Final Grade
0,469,94.82375
1,483,93.53875
2,498,84.4725
3,502,85.79624999999999
4,508,87.39750000000001
5,541,86.74749999999999
6,554,86.6125
7,567,83.30624999999999
8,623,87.48249999999999
9,736,90.53375
