,Student ID,Final Grade
0,7253,87.26428571428572
1,7258,82.29428571428572
2,7313,86.58285714285715
3,7320,88.17285714285715
4,7321,92.26428571428572
5,7382,90.32571428571428
6,7405,81.03714285714285
7,7409,89.15857142857143
8,7418,86.55857142857143
9,7499,78.61857142857141
10,7514,85.78571428571429
11,7532,78.63571428571429
12,7594,89.11285714285714
