,Student ID,Final Grade
0,7282,80.52571428571427
1,7301,87.26571428571427
2,7310,93.95714285714287
3,7317,90.57000000000001
4,7353,92.01714285714286
5,7361,85.12428571428572
6,7369,95.65285714285713
7,7380,91.7757142857143
8,7397,83.52
9,7410,88.08285714285715
10,7413,85.32714285714285
11,7421,86.62142857142858
12,7425,87.78285714285714
13,7442,88.21285714285715
14,7476,80.66571428571429
15,7523,84.00285714285715
16,7599,85.29857142857142
