,Student ID,Final Grade
0,7246,81.575
1,7382,80.61625000000001
2,7513,83.04749999999999
3,7535,87.9925
4,7591,84.99499999999999
5,7613,88.8525
