,Student ID,Final Grade
0,7239,89.44714285714285
1,7242,87.07857142857142
2,7257,86.80285714285715
3,7273,89.55428571428571
4,7308,84.7042857142857
5,7332,80.81428571428572
6,7385,84.05714285714285
7,7386,93.2357142857143
8,7427,90.70714285714284
9,7439,93.64714285714285
10,7445,81.85000000000001
11,7454,84.32571428571428
12,7483,89.90857142857143
13,7545,87.51714285714286
14,7552,83.0
15,7596,90.03142857142858
16,7602,94.37285714285714
17,7603,92.05857142857143
18,7606,86.65428571428572
