,Student ID,Final Grade
0,7266,85.13
1,7342,80.42
2,7365,81.27428571428571
3,7405,88.44571428571429
4,7448,93.95142857142856
5,7477,92.42142857142858
6,7483,94.88285714285715
7,7557,94.37857142857142
8,7615,88.70571428571428
