,Student ID,Final Grade
0,485,80.58
1,495,82.39
2,505,83.845
3,540,86.4175
4,545,79.47874999999999
5,546,81.17750000000001
6,638,84.85874999999999
7,645,79.90875
8,672,79.3325
9,678,85.625
10,722,88.30625
11,756,92.46500000000002
12,764,78.37875
13,831,93.0475
