,Student ID,Final Grade
0,476,76.33875
1,477,89.4675
2,521,84.055
3,523,85.37499999999999
4,538,77.96375
5,557,88.75625
6,558,96.2475
7,595,82.39875
8,600,80.7825
9,606,83.97749999999999
10,706,86.47625
11,752,73.625
12,765,83.34
13,782,77.29125
14,786,87.40375
15,797,92.79
16,805,80.3475
