,Student ID,Final Grade
0,7266,81.24600000000001
1,7304,72.22
2,7318,83.51599999999999
3,7322,90.208
4,7375,75.89599999999999
5,7452,81.46799999999999
6,7457,84.104
7,7470,89.306
8,7474,82.6
9,7478,78.95
10,7486,92.05
11,7508,95.44000000000001
12,7534,87.482
13,7547,72.49600000000001
14,7551,86.02000000000001
15,7557,84.534
16,7578,88.796
17,7598,75.132
18,7600,90.44800000000001
19,7619,81.258
