,Student ID,Final Grade
0,504,80.24499999999999
1,620,85.23333333333335
2,632,84.93666666666667
3,652,83.66499999999999
4,653,90.09666666666665
5,654,94.34166666666665
6,672,83.82833333333332
7,684,78.30833333333332
8,713,81.34166666666665
9,733,83.76333333333334
10,833,76.75166666666667
