,Student ID,Final Grade
0,7268,79.88111111111112
1,7292,87.5988888888889
2,7302,90.22444444444446
3,7346,85.58999999999999
4,7360,78.17888888888888
5,7431,87.41333333333331
6,7460,88.31
7,7470,86.00333333333332
8,7479,90.45222222222223
9,7485,92.32999999999998
10,7486,76.08444444444444
11,7538,90.95666666666666
12,7551,86.79444444444444
13,7555,81.6522222222222
14,7582,81.56666666666666
15,7589,84.50999999999999
16,7648,90.15
17,7655,87.45
