,Student ID,Final Grade
0,7269,85.3725
1,7273,92.53125
2,7289,91.16125000000001
3,7311,84.82124999999999
4,7323,87.475
5,7349,76.14
6,7367,91.4075
7,7391,90.4925
8,7408,91.2675
9,7413,87.96000000000001
10,7434,90.995
11,7487,85.37500000000001
12,7514,86.47
13,7516,84.18375
14,7540,89.07249999999999
15,7612,81.56875
16,7631,90.17624999999998
17,7638,75.6175
18,7646,81.82874999999999
