,Student ID,Final Grade
0,504,88.54625
1,524,90.64125000000001
2,566,86.07875
3,586,82.50999999999999
4,603,73.8775
5,610,81.6925
6,626,87.4
7,645,83.29124999999999
8,652,84.99749999999999
9,679,90.8075
10,726,82.41375000000001
11,729,86.8425
12,751,83.74125
13,815,78.5575
14,878,89.4075
