,Student ID,Final Grade
0,7261,90.1275
1,7269,80.23250000000002
2,7300,84.3725
3,7334,89.1775
4,7354,79.83749999999999
5,7365,87.49125
6,7417,79.82249999999999
7,7444,87.85000000000001
8,7498,84.13875
9,7536,86.14875
10,7609,77.38375
11,7634,83.1725
12,7642,84.0875
13,7651,85.565
