,Student ID,Final Grade
0,7264,86.53399999999999
1,7328,74.80199999999999
2,7346,92.72200000000001
3,7356,85.52799999999999
4,7416,85.64000000000001
5,7432,94.06
6,7445,62.748000000000005
7,7496,82.308
8,7497,94.10799999999999
9,7541,81.95
10,7589,91.56
11,7624,85.96199999999999
12,7625,81.376
13,7654,78.93199999999999
