,Student ID,Final Grade
0,466,83.1
1,498,83.412
2,623,96.256
3,671,87.216
4,729,83.234
5,737,83.672
6,774,94.72200000000001
7,808,96.27000000000001
8,821,73.61999999999999
9,840,91.11
