,Student ID,Final Grade
0,517,91.13000000000001
1,610,86.7125
2,672,88.84375
3,692,81.31875
4,697,81.61874999999999
5,748,89.01125
6,760,85.88250000000001
7,773,88.93375
8,789,88.9175
9,799,81.56125
10,802,85.14
11,848,92.81500000000001
