,Student ID,Final Grade
0,7273,92.98666666666666
1,7306,85.41166666666668
2,7321,89.58333333333333
3,7426,83.425
4,7517,95.05833333333334
5,7548,94.45666666666666
6,7556,85.14166666666667
7,7565,77.755
8,7580,97.44000000000001
9,7597,86.00333333333333
10,7608,81.41666666666667
