,Student ID,Final Grade
0,7234,88.485
1,7263,79.35833333333332
2,7366,89.00333333333333
3,7382,92.33666666666666
4,7437,72.43
5,7447,88.13666666666666
6,7488,80.53666666666668
7,7499,92.36333333333334
8,7509,78.80666666666667
9,7529,89.28000000000002
10,7537,86.76833333333333
11,7552,75.47500000000001
12,7587,84.20166666666667
13,7607,87.37166666666667
14,7630,89.93333333333334
15,7637,81.81500000000001
16,7640,86.44500000000001
17,7650,78.62833333333334
