,Student ID,Final Grade
0,515,90.4011111111111
1,557,81.60555555555555
2,571,91.54333333333334
3,591,77.5311111111111
4,627,95.29444444444444
5,639,86.95666666666666
6,668,84.18555555555555
7,692,80.38222222222223
8,743,91.48333333333333
9,755,74.06111111111112
10,851,92.7911111111111
11,860,72.3777777777778
12,865,88.53333333333333
13,876,93.27000000000001
