,Student ID,Final Grade
0,549,84.0775
1,568,84.26500000000001
2,594,87.20750000000001
3,601,85.1375
4,640,82.33
5,653,92.10875000000001
6,677,90.04500000000002
7,678,84.30875
8,703,91.31875
9,750,93.16375
10,811,82.50625000000001
11,877,74.08624999999999
