,Student ID,Final Grade
0,7258,79.24
1,7272,77.745
2,7287,75.49333333333333
3,7378,93.33666666666666
4,7401,88.53500000000001
5,7408,66.66
6,7466,90.565
7,7496,79.67
8,7498,83.04833333333333
9,7523,88.41166666666668
10,7625,93.71166666666666
