,Student ID,Final Grade
0,7324,88.41375
1,7498,82.7175
2,7532,88.99125
3,7622,88.04625
4,7626,86.13499999999999
5,7633,80.98125
6,7640,87.6675
