,Student ID,Final Grade
0,489,95.13874999999999
1,506,78.52125
2,519,89.0425
3,561,91.21125
4,649,93.6475
5,654,88.63499999999999
6,664,88.39125
7,698,89.10875
8,706,87.68750000000001
9,788,91.3875
10,814,84.96125
11,872,87.39250000000001
