,Student ID,Final Grade
0,7249,94.03999999999999
1,7252,79.78
2,7389,94.7625
3,7400,71.1575
4,7517,82.94999999999999
5,7534,87.74249999999999
6,7552,84.7775
7,7565,88.97999999999999
8,7599,92.1075
9,7638,90.495
