,Student ID,Final Grade
0,7262,88.0495652173913
1,7309,82.14347826086956
2,7346,89.52913043478259
3,7354,87.99565217391304
4,7429,89.27695652173912
5,7475,80.43173913043478
6,7638,88.90565217391303
