,Student ID,Final Grade
0,497,89.515
1,616,87.56666666666668
2,654,85.04
3,670,89.88666666666667
4,671,95.49166666666667
5,746,95.68166666666667
6,747,78.94166666666666
7,827,90.95833333333333
8,870,73.68
