,Student ID,Final Grade
0,7236,90.105
1,7239,79.3925
2,7247,89.7825
3,7341,90.1675
4,7359,88.26750000000001
5,7364,86.08999999999999
6,7432,83.6
7,7444,94.11249999999998
8,7480,80.3275
9,7513,82.4425
10,7637,74.7025
