,Student ID,Final Grade
0,7254,87.63666666666667
1,7274,88.51666666666667
2,7299,92.04555555555555
3,7314,89.27444444444446
4,7319,79.6711111111111
5,7332,81.75555555555556
6,7379,89.83000000000001
7,7381,92.73444444444445
8,7392,81.50888888888888
9,7440,83.54666666666668
10,7443,90.49888888888889
11,7449,86.2988888888889
12,7454,82.50333333333334
13,7568,78.50888888888889
14,7575,89.91111111111111
15,7589,74.11777777777776
16,7624,87.00666666666666
