,Student ID,Final Grade
0,7236,81.45666666666668
1,7250,83.065
2,7256,79.99166666666666
3,7386,82.41333333333333
4,7431,81.3
5,7506,89.91333333333334
6,7512,95.91000000000001
7,7539,87.92833333333333
8,7569,93.33999999999999
9,7616,80.99666666666667
