,Student ID,Final Grade
0,510,96.9675
1,541,89.8375
2,561,82.9825
3,588,83.8575
4,656,79.56
5,706,87.13499999999999
6,714,84.97
7,716,99.255
8,725,93.1725
9,726,95.53750000000001
10,767,89.54249999999999
11,783,94.63499999999999
12,790,87.1525
13,851,98.1375
