,Student ID,Final Grade
0,7256,94.69500000000001
1,7258,90.96333333333332
2,7273,88.205
3,7365,79.73833333333333
4,7370,78.87666666666667
5,7389,85.90833333333335
6,7458,82.48166666666667
7,7540,82.34666666666668
8,7558,86.99166666666667
9,7614,88.09833333333334
