,Student ID,Final Grade
0,468,91.74125
1,502,82.155
2,576,93.26375
3,643,85.1225
4,720,88.495
5,783,87.7775
6,842,88.32625
7,853,87.94875
