,Student ID,Final Grade
0,7326,88.125
1,7351,91.57333333333334
2,7400,91.255
3,7420,97.13
4,7468,95.39833333333333
5,7495,87.99166666666666
