,Student ID,Final Grade
0,551,95.19333333333333
1,631,90.14333333333333
2,640,97.76499999999999
3,666,85.28333333333335
4,689,94.085
5,737,81.27166666666666
6,798,92.40666666666665
7,813,87.62
8,837,77.62666666666667
9,839,86.86166666666666
