,Student ID,Final Grade
0,7249,86.8
1,7273,95.11
2,7284,89.975
3,7294,83.29
4,7319,94.7975
5,7326,87.505
6,7339,72.08
7,7362,85.32499999999999
8,7365,86.0175
9,7370,75.96499999999999
10,7389,84.07249999999999
11,7401,93.225
12,7466,62.997499999999995
13,7589,85.2825
14,7604,92.965
15,7646,86.2225
