,Student ID,Final Grade
0,505,87.87142857142858
1,511,84.99428571428572
2,567,93.10571428571428
3,598,82.76428571428572
4,626,91.20142857142858
5,635,85.69714285714285
6,723,86.07000000000001
7,756,95.1557142857143
8,769,75.08428571428571
9,806,90.88857142857144
10,855,84.52285714285713
11,873,78.86999999999999
