,Student ID,Final Grade
0,479,85.08285714285714
1,515,77.62857142857145
2,517,87.40999999999998
3,556,87.04714285714284
4,565,77.87
5,583,88.50714285714287
6,607,85.5
7,613,85.76571428571428
8,628,82.48142857142857
9,630,81.78857142857143
10,645,75.56285714285714
11,647,77.02714285714286
12,661,74.91714285714286
13,724,93.53285714285714
14,730,87.8
15,759,84.57000000000001
16,769,93.93285714285715
17,791,83.97428571428573
18,809,86.73142857142857
19,880,88.53
