,Student ID,Final Grade
0,7241,84.38833333333332
1,7245,91.63833333333332
2,7255,81.67333333333333
3,7284,92.04333333333334
4,7290,73.28500000000001
5,7319,83.94166666666666
6,7322,72.35333333333334
7,7333,92.24333333333334
8,7355,77.21833333333333
9,7370,87.255
10,7378,89.36166666666666
11,7379,95.33833333333332
12,7404,79.12333333333333
13,7483,80.88666666666666
14,7489,81.06500000000001
15,7510,92.07166666666667
16,7514,94.37333333333333
17,7537,83.85499999999999
18,7638,79.72333333333334
