,Student ID,Final Grade
0,476,83.23625
1,477,93.91875
2,497,90.37375
3,581,84.3875
4,598,89.33874999999999
5,603,84.63625
6,618,95.4825
7,630,91.40375
8,636,87.68
9,666,78.07124999999999
10,680,89.58874999999999
11,685,90.5925
12,708,82.10374999999999
13,716,93.77250000000001
14,764,95.81625
15,796,89.27374999999999
16,806,88.515
17,834,96.5275
