,Student ID,Final Grade
0,7323,84.36625000000001
1,7325,79.3775
2,7345,93.7
3,7353,77.91499999999999
4,7356,88.81625
5,7451,87.27375
6,7603,93.70625
