,Student ID,Final Grade
0,7245,93.326
1,7269,82.28
2,7282,81.418
3,7286,86.64
4,7390,94.152
5,7417,91.814
6,7422,92.86999999999999
7,7427,88.196
8,7510,90.612
9,7511,94.50399999999999
10,7522,89.34400000000001
11,7567,85.166
12,7585,99.714
13,7594,90.67800000000001
14,7611,71.194
15,7628,89.314
