,Student ID,Final Grade
0,7240,87.346
1,7246,95.414
2,7276,94.55
3,7277,94.056
4,7337,86.136
5,7340,88.094
6,7377,89.154
7,7420,79.71600000000001
8,7456,91.338
9,7464,89.66400000000002
10,7479,88.82000000000001
11,7481,84.912
12,7484,76.81
13,7487,81.374
14,7525,82.884
15,7542,89.398
16,7581,95.36800000000001
17,7594,91.92
