,Student ID,Final Grade
0,514,88.75375
1,520,82.44125
2,523,89.18375
3,528,89.68875
4,583,75.6225
5,607,85.75125
6,653,90.6925
7,654,89.82249999999999
8,722,98.24375
9,785,86.77250000000001
10,787,82.58375
11,866,90.1725
