,Student ID,Final Grade
0,7338,81.56444444444445
1,7342,95.5811111111111
2,7445,83.93444444444444
3,7483,88.03444444444445
4,7496,91.05333333333334
5,7509,88.11888888888889
6,7588,82.56444444444445
7,7589,90.29555555555555
8,7592,87.27555555555556
