,Student ID,Final Grade
0,7242,82.2175
1,7253,87.67500000000001
2,7302,88.09250000000002
3,7349,84.2375
4,7368,78.965
5,7377,85.16125
6,7415,86.14875
7,7463,83.38625
8,7472,89.75500000000001
9,7479,92.8175
10,7611,95.62625
11,7626,80.64000000000001
