,Student ID,Final Grade
0,7254,85.07555555555557
1,7260,89.13444444444445
2,7326,87.43666666666667
3,7351,97.28
4,7383,87.81333333333333
5,7443,81.16000000000001
6,7473,78.58444444444444
7,7509,90.48444444444445
8,7524,95.32222222222224
9,7585,83.17111111111112
10,7594,80.42111111111112
