,Student ID,Final Grade
0,7360,92.82750000000001
1,7366,94.0925
2,7392,75.675
3,7404,87.71
4,7450,79.24249999999999
5,7477,92.3125
6,7518,84.37
7,7572,99.755
