,Student ID,Final Grade
0,489,84.32428571428571
1,491,86.61571428571428
2,511,93.50857142857141
3,513,90.10142857142857
4,535,92.48
5,572,95.53428571428572
6,600,84.96428571428571
7,617,81.0257142857143
8,641,84.86142857142856
9,724,84.85857142857142
10,755,87.02142857142857
11,769,90.85714285714286
12,788,85.24
13,803,91.78142857142858
14,814,77.64142857142858
15,826,81.89
16,839,90.81571428571428
17,847,82.40428571428572
18,861,85.74571428571429
