,Student ID,Final Grade
0,7247,52.82
1,7249,95.35
2,7323,90.345
3,7333,76.72999999999999
4,7405,84.80000000000001
5,7428,86.03999999999999
6,7470,79.075
7,7479,65.56
8,7519,71.99
9,7537,90.04499999999999
10,7542,93.95500000000001
11,7555,91.03
12,7571,79.755
13,7601,95.43
