,Student ID,Final Grade
0,464,91.25666666666666
1,559,81.59666666666666
2,617,87.29
3,624,82.16
4,736,81.57
5,751,79.71499999999999
6,830,96.28666666666668
7,875,89.06333333333333
