,Student ID,Final Grade
0,7264,83.8575
1,7315,87.08874999999999
2,7359,94.0875
3,7371,81.91250000000001
4,7379,91.49375
5,7402,94.44500000000001
6,7403,88.93375
7,7420,78.46875000000001
8,7467,79.86374999999998
9,7478,86.68875
10,7482,88.12375
11,7531,75.77
12,7541,79.23875
13,7556,85.0
14,7572,91.56875
15,7583,77.18499999999999
16,7635,84.50375
17,7636,83.165
18,7642,84.84125
19,7650,82.8825
