,Student ID,Final Grade
0,7271,97.785
1,7274,85.825
2,7293,76.55
3,7329,80.0575
4,7355,81.6425
5,7365,99.62
6,7380,77.88250000000001
7,7384,87.5
8,7404,78.12
9,7476,78.1925
10,7513,82.2625
11,7557,84.31
12,7568,84.4975
13,7574,91.16000000000001
14,7646,93.3775
