,Student ID,Final Grade
0,7272,79.30833333333334
1,7277,90.93333333333332
2,7302,90.86833333333334
3,7314,80.99333333333333
4,7368,85.67000000000002
5,7371,87.14666666666666
6,7377,90.63166666666666
7,7383,79.78833333333333
8,7454,84.22
9,7553,94.14999999999999
10,7557,91.22500000000001
11,7626,98.73166666666667
