,Student ID,Final Grade
0,7314,78.73285714285714
1,7352,73.13428571428571
2,7360,95.91142857142857
3,7482,84.07714285714285
4,7501,82.41857142857143
5,7527,90.17999999999999
6,7552,79.27857142857144
7,7607,85.94285714285715
8,7616,87.87
9,7639,91.08428571428574
10,7649,88.49142857142856
