,Student ID,Final Grade
0,474,73.39
1,517,87.87142857142858
2,577,84.08428571428571
3,618,77.34857142857143
4,633,86.98571428571428
5,682,80.83857142857144
6,688,75.63571428571427
7,745,82.80142857142857
8,747,82.17571428571429
9,763,85.67
10,803,83.29571428571428
11,819,91.16
12,841,87.40714285714284
