,Student ID,Final Grade
0,7260,81.74000000000001
1,7287,77.33500000000001
2,7328,83.5575
3,7336,90.3575
4,7348,92.6925
5,7360,84.5375
6,7363,89.2325
7,7383,91.805
8,7425,89.8175
9,7440,96.095
10,7442,95.945
11,7444,89.8175
12,7467,75.9875
13,7505,81.5325
14,7514,83.665
15,7522,92.47749999999999
16,7568,85.9625
17,7619,86.125
18,7625,92.1875
19,7648,100.0
