,Student ID,Final Grade
0,7241,89.78500000000001
1,7267,88.23166666666667
2,7283,88.74166666666667
3,7291,82.74166666666666
4,7331,93.76833333333332
5,7351,93.38333333333333
6,7395,81.07666666666667
7,7406,93.28166666666668
8,7411,79.83166666666666
9,7472,88.28000000000002
10,7480,84.665
11,7491,91.72833333333334
12,7515,95.15333333333332
13,7535,82.17166666666667
14,7568,98.03500000000001
15,7575,95.79166666666667
16,7603,87.39166666666667
17,7617,91.47666666666665
