,Student ID,Final Grade
0,7242,90.95333333333333
1,7352,92.82833333333333
2,7362,80.795
3,7517,88.47666666666667
4,7553,88.47666666666667
5,7582,85.29666666666667
