,Student ID,Final Grade
0,461,84.07777777777778
1,546,92.46777777777778
2,601,94.07777777777777
3,606,81.08999999999999
4,628,91.47777777777777
5,709,87.48222222222222
6,716,89.89999999999999
7,740,94.18777777777777
8,774,87.57666666666667
9,790,87.44333333333333
10,823,89.24666666666668
11,829,85.93222222222222
12,839,82.36222222222221
13,867,85.01666666666667
