,Student ID,Final Grade
0,7238,86.80000000000001
1,7292,75.82249999999999
2,7328,91.84
3,7341,77.8925
4,7349,74.47749999999999
5,7350,91.6725
6,7583,68.0575
7,7627,77.6225
8,7636,89.16499999999999
9,7652,79.0125
