,Student ID,Final Grade
0,472,89.20714285714284
1,507,88.33142857142856
2,530,86.36285714285714
3,544,92.51142857142858
4,572,90.92714285714284
5,637,86.34571428571428
6,640,92.76285714285714
7,671,90.30857142857144
8,680,90.02142857142857
9,682,80.4057142857143
10,731,87.52571428571427
11,807,95.5
12,847,92.0942857142857
