,Student ID,Final Grade
0,7259,95.51
1,7267,91.67888888888889
2,7318,87.81111111111112
3,7342,92.72555555555556
4,7393,90.81444444444445
5,7455,87.72222222222223
6,7460,86.89222222222222
7,7526,88.67333333333335
8,7567,89.03444444444445
9,7627,98.08444444444446
