,Student ID,Final Grade
0,7260,80.29777777777778
1,7273,80.20777777777779
2,7350,86.38666666666667
3,7379,90.90555555555555
4,7385,88.90555555555555
5,7401,87.02666666666667
6,7425,84.18333333333334
7,7479,87.05111111111111
8,7491,91.38888888888889
9,7508,88.84111111111112
10,7520,95.82444444444445
11,7647,91.68666666666667
