,Student ID,Final Grade
0,7254,86.13714285714286
1,7263,79.49142857142859
2,7313,93.26142857142857
3,7316,82.36571428571429
4,7350,88.26142857142857
5,7381,86.80999999999999
6,7425,73.13571428571429
7,7500,85.97
8,7594,88.03428571428572
9,7607,90.87285714285714
10,7620,89.64714285714285
11,7621,84.82714285714285
12,7634,86.28714285714285
