,Student ID,Final Grade
0,7286,88.60285714285715
1,7289,84.31857142857143
2,7327,92.21000000000001
3,7335,92.57285714285715
4,7467,94.10285714285715
5,7472,95.97428571428573
