,Student ID,Final Grade
0,477,84.848
1,478,89.0
2,516,94.19800000000001
3,532,94.38199999999999
4,538,75.138
5,543,85.49000000000001
6,602,81.55600000000001
7,624,99.30199999999999
8,626,90.51399999999998
9,641,85.13
10,658,90.042
11,667,85.28999999999999
12,674,81.41799999999999
13,713,87.01400000000001
14,777,96.062
15,795,93.608
16,832,92.71199999999999
17,847,95.91799999999999
18,850,97.93199999999999
