,Student ID,Final Grade
0,466,84.75166666666667
1,497,79.13499999999999
2,511,90.32833333333333
3,555,78.57166666666667
4,570,88.425
5,583,77.72666666666667
6,641,91.98833333333334
7,689,89.66333333333334
8,693,88.935
9,732,84.61666666666667
10,735,93.59499999999998
11,786,84.98
12,863,82.00833333333333
