,Student ID,Final Grade
0,7450,81.83125000000001
1,7501,86.84375
2,7535,94.03625
3,7538,83.26750000000001
4,7560,94.14999999999999
5,7607,81.49624999999999
6,7639,90.3625
