,Student ID,Final Grade
0,7256,83.96125
1,7284,86.41375
2,7291,99.41624999999999
3,7299,84.49875
4,7348,85.18
5,7366,86.30375
6,7392,81.84
7,7407,93.7375
8,7419,82.5825
9,7438,88.17125
10,7530,85.835
11,7567,83.86999999999999
12,7568,92.905
13,7603,89.595
