,Student ID,Final Grade
0,473,86.832
1,484,89.892
2,486,94.092
3,510,73.72200000000001
4,652,76.95
5,749,81.788
6,760,64.91399999999999
7,850,87.128
8,874,86.896
9,876,91.84
