,Student ID,Final Grade
0,7241,93.03833333333334
1,7265,83.19166666666668
2,7330,90.39999999999999
3,7362,93.33
4,7369,85.64833333333333
5,7401,91.85666666666667
6,7405,74.19333333333333
7,7441,79.26666666666667
8,7476,91.20333333333333
9,7500,92.57166666666666
10,7525,73.65833333333335
11,7584,76.04666666666667
12,7614,82.16833333333332
13,7616,82.58666666666666
