,Student ID,Final Grade
0,463,59.87
1,465,85.275
2,468,81.94
3,550,72.42500000000001
4,571,86.98
5,595,88.38
6,611,66.66999999999999
7,622,95.19999999999999
8,680,99.4975
9,684,90.60499999999999
10,701,81.39
11,713,81.14
12,716,90.26750000000001
13,725,75.0575
14,726,98.175
15,746,84.465
16,762,84.24499999999999
17,788,88.19749999999999
18,818,100.0
19,846,86.03999999999999
