,Student ID,Final Grade
0,7252,82.10249999999999
1,7274,83.1475
2,7305,86.02125000000001
3,7321,87.09625000000001
4,7331,91.13749999999999
5,7353,89.14124999999999
6,7396,84.38875
7,7474,81.83375000000001
8,7485,85.47125
9,7566,84.81375000000001
10,7577,79.3175
11,7629,87.0075
12,7634,81.80125
