,Student ID,Final Grade
0,500,89.95249999999999
1,547,89.00375000000001
2,622,88.8725
3,687,82.42
4,696,81.57
5,730,90.72125
6,851,86.92375
7,867,90.725
8,874,78.68375
9,880,87.13375
