,Student ID,Final Grade
0,7319,86.895
1,7344,78.0925
2,7396,78.235
3,7442,80.13
4,7500,83.05125
5,7528,84.73625
6,7568,75.22
7,7649,87.78125
