,Student ID,Final Grade
0,465,88.93199999999999
1,470,78.99199999999999
2,497,92.866
3,522,99.106
4,580,91.892
5,595,87.566
6,680,87.888
7,703,89.47400000000002
8,744,89.61600000000001
9,776,99.186
