,Student ID,Final Grade
0,7246,87.05714285714285
1,7274,92.12285714285714
2,7279,91.30571428571429
3,7284,76.74428571428572
4,7303,86.36142857142856
5,7311,86.56714285714285
6,7319,71.00285714285714
7,7334,84.95714285714287
8,7360,92.97714285714285
9,7399,89.21857142857142
10,7407,82.33
11,7443,82.21000000000001
12,7461,80.51428571428572
13,7504,89.08857142857143
14,7560,88.34571428571428
15,7591,89.41714285714285
16,7596,80.81857142857143
