,Student ID,Final Grade
0,491,80.32499999999999
1,513,71.7725
2,735,96.34
3,828,77.985
4,854,81.76499999999999
5,877,90.08500000000001
