,Student ID,Final Grade
0,7257,69.226
1,7280,90.386
2,7283,83.104
3,7348,72.92
4,7532,91.09
5,7537,84.38000000000001
6,7542,86.74600000000001
