,Student ID,Final Grade
0,464,87.55833333333332
1,467,80.48333333333333
2,471,86.36833333333334
3,523,87.65666666666665
4,535,76.61166666666666
5,567,89.83
6,580,87.92166666666667
7,660,94.12333333333333
8,880,91.33833333333332
