,Student ID,Final Grade
0,7285,82.60375
1,7306,85.85374999999999
2,7348,81.64500000000001
3,7393,85.20750000000001
4,7446,86.30250000000001
5,7457,84.14375
6,7522,86.34624999999998
7,7542,85.1525
8,7603,91.11375
9,7643,77.19500000000001
