,Student ID,Final Grade
0,7236,89.925
1,7352,90.31833333333333
2,7449,84.235
3,7456,96.09500000000001
4,7539,74.03833333333333
5,7574,92.79666666666667
6,7579,95.47500000000001
7,7618,82.69833333333334
