,Student ID,Final Grade
0,7247,93.9
1,7252,83.204
2,7300,80.02799999999999
3,7321,93.936
4,7331,82.654
5,7357,79.554
6,7396,78.80199999999999
7,7402,92.624
8,7408,92.658
9,7422,80.134
10,7481,95.41
11,7531,91.422
12,7573,80.854
13,7576,79.146
14,7592,78.286
15,7609,87.72200000000001
