,Student ID,Final Grade
0,7246,89.78
1,7314,90.75999999999998
2,7422,83.888
3,7463,95.924
4,7470,89.90799999999999
5,7484,94.16
6,7540,83.35600000000001
7,7598,80.86
8,7604,90.784
