,Student ID,Final Grade
0,468,82.00222222222222
1,509,87.33999999999999
2,569,88.21444444444444
3,580,91.5711111111111
4,617,80.83555555555554
5,724,80.22999999999999
6,733,87.21000000000001
7,794,85.5988888888889
8,795,78.59777777777778
9,797,84.07222222222221
10,827,89.25888888888889
11,829,80.96111111111111
12,849,91.8388888888889
13,857,87.36222222222221
