,Student ID,Final Grade
0,7264,89.37428571428572
1,7273,84.82142857142857
2,7325,87.96857142857142
3,7340,84.89
4,7389,94.15857142857143
5,7392,81.09857142857143
6,7436,77.05285714285715
7,7545,94.12714285714286
8,7596,85.23
9,7651,87.9342857142857
