,Student ID,Final Grade
0,7279,82.6825
1,7281,87.20500000000001
2,7300,92.735
3,7333,80.22
4,7358,87.195
5,7360,91.33000000000001
6,7385,80.88
7,7431,93.57000000000001
8,7442,99.46
9,7456,91.815
10,7559,82.685
11,7606,83.88999999999999
