,Student ID,Final Grade
0,7262,87.51933333333334
1,7311,83.76666666666668
2,7333,90.16
3,7339,86.85199999999999
4,7358,92.28466666666667
5,7371,87.08933333333334
6,7390,79.95133333333334
7,7401,92.83933333333333
8,7411,81.88000000000001
9,7435,91.33066666666667
10,7446,79.67399999999999
11,7448,79.32799999999999
12,7474,87.592
13,7482,85.06466666666665
14,7547,84.54666666666667
15,7568,84.62999999999998
16,7636,91.04266666666668
