,Student ID,Final Grade
0,7264,95.61222222222221
1,7266,93.89777777777778
2,7272,87.34555555555555
3,7273,90.66777777777779
4,7327,87.42
5,7369,89.5611111111111
6,7408,86.7311111111111
7,7410,94.86111111111111
8,7414,83.13222222222221
9,7421,82.69555555555556
10,7424,84.26444444444445
11,7445,83.17888888888889
12,7476,84.03222222222222
13,7545,88.96111111111112
14,7564,83.39777777777778
15,7620,86.19444444444444
16,7639,90.47333333333333
