,Student ID,Final Grade
0,457,82.22833333333334
1,612,85.79166666666667
2,631,85.71833333333332
3,652,79.63166666666666
4,792,83.07166666666666
5,841,86.09666666666665
