,Student ID,Final Grade
0,467,88.50285714285714
1,530,87.50428571428571
2,543,95.40857142857143
3,658,70.80142857142857
4,662,82.5257142857143
5,673,89.00857142857141
6,688,94.66999999999999
7,733,77.40857142857143
8,751,89.67
9,755,82.36571428571428
10,761,86.71285714285715
11,810,83.18142857142857
12,850,91.20857142857143
