,Student ID,Final Grade
0,7240,79.83999999999999
1,7270,87.6275
2,7294,82.50875
3,7299,89.52875
4,7408,91.36875
5,7453,80.75375000000001
6,7502,78.22875
7,7539,80.32875
8,7644,85.755
