,Student ID,Final Grade
0,7264,80.76555555555555
1,7320,85.48222222222222
2,7328,85.6511111111111
3,7355,80.73333333333332
4,7516,80.80555555555557
5,7558,88.90222222222224
6,7594,89.89888888888889
7,7627,86.54333333333335
8,7654,79.53
