,Student ID,Final Grade
0,7266,86.82312499999999
1,7357,86.33937499999999
2,7394,87.949375
3,7396,89.88437499999999
4,7468,84.45937500000001
5,7481,82.27125
6,7541,87.948125
7,7545,80.481875
8,7560,84.235
9,7589,85.626875
10,7597,91.40375
11,7642,84.70875000000001
12,7645,76.140625
