,Student ID,Final Grade
0,7242,97.54
1,7284,97.32249999999999
2,7354,88.7575
3,7380,90.5775
4,7390,96.13
5,7422,77.52250000000001
6,7468,89.9175
7,7512,87.4
8,7537,94.5275
9,7542,100.0
10,7558,81.14
11,7586,88.055
12,7614,89.43
13,7625,82.3725
14,7648,71.35
