,Student ID,Final Grade
0,484,78.61
1,548,81.95875
2,559,77.53875000000001
3,563,75.96000000000001
4,571,87.62125
5,600,84.17249999999999
6,628,88.58875
7,637,76.77125
8,639,84.66624999999999
9,662,90.10625
10,794,83.46375
11,807,90.98875000000001
12,808,91.59250000000002
13,814,86.195
14,852,80.85000000000001
15,858,91.7675
16,866,91.06125
17,874,92.74375
