,Student ID,Final Grade
0,7259,90.31222222222223
1,7260,86.27777777777777
2,7263,81.42666666666666
3,7310,86.77444444444444
4,7335,80.4888888888889
5,7475,89.97555555555556
