,Student ID,Final Grade
0,494,86.89999999999999
1,523,89.67428571428572
2,553,86.54142857142857
3,701,83.23714285714287
4,702,83.94714285714285
5,848,87.33857142857143
6,872,89.57285714285715
7,874,87.78
