,Student ID,Final Grade
0,464,85.926
1,482,88.73599999999999
2,502,98.28200000000001
3,529,76.95
4,546,93.96000000000001
5,595,89.366
6,638,87.67
7,639,93.074
8,660,90.99600000000001
9,714,73.842
10,722,84.842
11,724,89.236
12,731,82.634
13,758,78.47
14,793,92.30600000000001
15,806,89.878
16,870,94.534
