,Student ID,Final Grade
0,7259,89.49000000000001
1,7281,85.71285714285715
2,7283,80.88571428571429
3,7284,84.00999999999999
4,7335,86.48714285714287
5,7369,86.7242857142857
6,7399,78.78285714285714
7,7412,90.02428571428571
8,7419,91.58714285714287
9,7436,81.64714285714287
10,7445,82.5842857142857
11,7515,80.59285714285714
12,7544,86.45285714285714
13,7548,80.00714285714285
14,7559,79.05142857142857
15,7592,88.56285714285714
16,7602,86.61714285714285
