,Student ID,Final Grade
0,7249,91.77285714285713
1,7285,77.71571428571428
2,7380,90.12714285714286
3,7459,85.78285714285714
4,7468,78.38714285714286
5,7476,86.31571428571428
6,7499,78.04999999999998
7,7556,96.66
8,7571,86.3
9,7582,88.10857142857142
10,7583,89.79285714285713
11,7615,78.05
