,Student ID,Final Grade
0,460,79.044
1,461,75.59200000000001
2,477,92.994
3,496,84.442
4,518,74.702
5,525,77.27000000000001
6,536,92.934
7,620,99.19
8,648,90.912
9,651,82.83000000000001
10,660,92.24199999999999
11,718,76.59599999999999
12,720,95.12199999999999
13,750,88.586
14,757,90.98800000000001
15,776,89.286
16,819,94.73400000000001
17,869,89.01599999999999
