,Student ID,Final Grade
0,7238,86.22888888888889
1,7282,83.36333333333334
2,7284,91.79444444444445
3,7302,92.63333333333334
4,7321,86.08777777777777
5,7331,82.31
6,7427,88.39333333333335
7,7438,79.17222222222222
8,7455,79.51444444444445
9,7476,77.96
10,7479,88.11333333333333
11,7489,73.48222222222222
12,7516,91.45666666666665
13,7520,82.95666666666668
14,7530,94.12444444444445
15,7581,94.01222222222222
16,7622,89.40777777777778
17,7638,82.82333333333332
