,Student ID,Final Grade
0,7283,85.68125
1,7324,82.19125000000001
2,7328,80.63375
3,7341,87.91375000000001
4,7367,85.42625
5,7371,87.7925
6,7392,84.92375000000001
7,7419,78.49624999999999
8,7445,86.46625
9,7487,85.08
10,7512,88.84375
11,7554,90.83125
12,7561,79.98500000000001
13,7580,93.33
