,Student ID,Final Grade
0,7241,83.84124999999999
1,7314,79.17250000000001
2,7324,85.58125
3,7382,80.92875
4,7388,74.00625
5,7399,80.30125
6,7402,76.27875
7,7438,86.82499999999999
8,7464,94.05250000000001
9,7470,87.32625
10,7515,84.1975
11,7524,89.74625
12,7534,82.34125
13,7565,91.91125
14,7632,90.81375
15,7642,92.97500000000001
16,7644,90.16874999999999
17,7648,75.03125
