,Student ID,Final Grade
0,7378,85.8811111111111
1,7409,87.0511111111111
2,7437,94.6511111111111
3,7470,84.31
4,7478,85.15666666666668
5,7596,85.37333333333335
6,7609,90.56333333333333
