,Student ID,Final Grade
0,7235,82.64999999999999
1,7253,90.50166666666667
2,7274,84.94666666666667
3,7327,82.47
4,7356,84.75666666666666
5,7379,90.13166666666666
6,7400,83.82166666666666
7,7418,85.5
8,7427,84.50666666666666
9,7449,85.92
10,7474,89.62833333333333
11,7486,89.14999999999999
12,7629,92.13666666666667
13,7640,92.71333333333332
14,7657,91.31833333333333
