,Student ID,Final Grade
0,7239,87.10799999999999
1,7303,84.601
2,7325,77.089
3,7339,80.40900000000002
4,7473,83.713
5,7506,80.271
6,7509,85.29499999999999
7,7515,87.89900000000002
8,7538,81.77799999999999
9,7544,80.117
10,7609,86.658
