,Student ID,Final Grade
0,471,88.93142857142857
1,490,80.31857142857143
2,515,77.41999999999999
3,517,91.82000000000001
4,521,71.67714285714285
5,540,85.47000000000001
6,573,85.48285714285714
7,606,83.2057142857143
8,616,91.4242857142857
9,629,85.41428571428571
10,665,76.30714285714285
11,698,81.06142857142858
12,765,91.92571428571429
13,775,90.89142857142858
14,784,89.45142857142856
15,785,85.81714285714285
16,819,82.16428571428573
17,823,85.9342857142857
18,828,80.96285714285715
