,Student ID,Final Grade
0,7239,78.625
1,7267,90.465
2,7270,83.88875
3,7288,82.45124999999999
4,7302,84.43625
5,7306,86.8525
6,7371,94.92625
7,7436,82.84625
8,7448,90.69625
9,7460,92.91125
10,7482,93.79750000000001
11,7512,92.7475
12,7517,74.95125
13,7525,79.42125
14,7552,87.7225
15,7563,82.1875
16,7626,78.54875
17,7630,87.59875
