,Student ID,Final Grade
0,472,91.36555555555555
1,526,92.37666666666667
2,558,91.0111111111111
3,580,87.39111111111112
4,592,82.86444444444444
5,605,94.06
6,631,90.95444444444443
7,641,88.51666666666668
8,698,93.84555555555556
9,739,89.4411111111111
10,752,88.51333333333334
11,763,91.26111111111112
12,862,86.96555555555555
