,Student ID,Final Grade
0,7257,87.5875
1,7319,76.65124999999999
2,7321,90.60375
3,7324,87.28125
4,7360,84.2225
5,7361,88.92625000000001
6,7367,87.2975
7,7395,88.84375
8,7400,87.43125
9,7432,91.5775
10,7441,75.24625
11,7463,94.64500000000001
12,7493,84.73125
13,7539,80.8175
14,7571,82.68625
15,7574,80.1925
16,7619,90.91125
17,7633,87.5525
