,Student ID,Final Grade
0,7244,87.39666666666666
1,7325,93.69666666666667
2,7329,80.52999999999999
3,7346,85.57333333333334
4,7349,81.68666666666667
5,7388,80.39999999999999
6,7389,95.19333333333333
7,7414,95.075
8,7464,85.315
9,7507,82.635
10,7508,88.97500000000001
11,7519,83.81333333333333
12,7566,87.49000000000001
13,7635,88.21666666666668
14,7644,95.25666666666666
