,Student ID,Final Grade
0,7382,91.50333333333333
1,7397,91.56
2,7424,92.68333333333334
3,7504,93.22333333333331
4,7526,77.17333333333333
5,7533,85.53833333333334
6,7579,94.40333333333332
7,7598,85.47500000000001
8,7651,88.35000000000001
