,Student ID,Final Grade
0,7249,83.16999999999999
1,7306,83.16499999999999
2,7332,77.81375
3,7341,88.5975
4,7366,90.475
5,7404,84.82375
6,7484,82.69500000000001
7,7547,83.92625000000001
8,7551,89.05375000000001
9,7594,83.28125
10,7626,74.74125000000001
