,Student ID,Final Grade
0,7243,76.54400000000001
1,7324,76.59799999999998
2,7396,86.73
3,7460,86.396
4,7462,90.148
5,7505,83.888
6,7521,89.86800000000001
7,7523,86.962
8,7530,86.682
9,7546,93.02799999999999
10,7555,91.46000000000001
11,7557,81.03999999999999
12,7580,89.058
13,7623,86.98400000000001
