,Student ID,Final Grade
0,481,83.62249999999999
1,500,78.17250000000001
2,502,93.81375
3,504,86.6225
4,518,79.6425
5,537,85.2125
6,550,82.03999999999999
7,561,85.24875
8,586,88.10125000000001
9,603,89.59375
10,655,85.30625
11,668,84.17625000000001
12,713,92.19500000000001
13,714,86.72375000000001
14,760,75.97
15,797,81.81000000000002
16,798,77.98750000000001
17,804,84.85624999999999
18,874,94.30125
