,Student ID,Final Grade
0,7237,95.21833333333332
1,7241,75.265
2,7265,75.48833333333333
3,7275,86.44000000000001
4,7354,85.35000000000001
5,7492,93.71999999999998
6,7493,86.98833333333334
7,7534,83.10666666666667
8,7579,86.23
