,Student ID,Final Grade
0,7244,80.66125000000001
1,7273,79.665
2,7275,77.90375
3,7302,79.64625
4,7325,82.96625
5,7337,78.73375
6,7340,77.66749999999999
7,7370,86.2725
8,7389,83.73625
9,7402,81.6825
10,7415,93.3325
11,7450,84.2425
12,7456,84.4225
13,7461,83.68625
14,7504,78.56
15,7533,92.06875000000001
16,7596,87.51375
17,7607,81.29374999999999
18,7619,88.99875
