,Student ID,Final Grade
0,461,82.99428571428572
1,481,87.87857142857142
2,528,79.11285714285715
3,529,91.35285714285713
4,551,82.74142857142856
5,567,82.36
6,575,94.77285714285713
7,581,86.2757142857143
8,595,85.52428571428571
9,669,90.02999999999999
10,679,86.14285714285714
11,689,94.61571428571428
12,718,85.67142857142858
13,785,74.88142857142857
14,850,64.38142857142857
