,Student ID,Final Grade
0,466,76.93333333333334
1,494,84.73333333333333
2,496,79.89999999999999
3,518,80.80833333333334
4,527,91.89833333333333
5,528,76.09500000000001
6,537,91.07000000000001
7,606,72.68166666666666
8,613,89.05333333333334
9,623,73.64166666666667
10,672,78.09166666666665
11,688,86.36333333333333
12,698,88.685
13,701,72.065
14,795,81.51333333333334
15,815,87.675
16,850,79.11666666666666
17,858,83.01833333333333
