,Student ID,Final Grade
0,496,88.84571428571428
1,498,97.82428571428571
2,515,87.12142857142855
3,535,88.10857142857142
4,537,84.90428571428572
5,542,83.49714285714286
6,543,90.07714285714287
7,566,85.35142857142856
8,579,80.15428571428572
9,584,84.88714285714286
10,682,89.64571428571428
11,684,81.19142857142857
12,690,81.44571428571429
13,705,85.95142857142858
14,716,75.64999999999999
15,796,81.07142857142857
16,825,87.63142857142857
17,853,87.85428571428572
