,Student ID,Final Grade
0,466,96.1025
1,529,81.9525
2,540,87.865
3,626,80.94
4,630,83.9275
5,631,94.0025
6,636,89.435
7,668,78.195
8,675,90.02250000000001
9,676,93.075
10,680,74.60499999999999
11,817,92.615
12,819,85.60249999999999
13,836,93.35499999999999
