,Student ID,Final Grade
0,7234,89.3477777777778
1,7257,91.78333333333333
2,7274,80.33777777777777
3,7288,75.4688888888889
4,7302,77.7622222222222
5,7310,90.7988888888889
6,7319,87.5
7,7380,90.66111111111111
8,7461,89.11333333333333
9,7486,87.73222222222222
10,7507,93.18
11,7533,94.20555555555556
12,7580,89.10333333333332
13,7581,79.31666666666666
14,7600,86.80555555555556
15,7608,80.32555555555557
16,7640,84.82
