,Student ID,Final Grade
0,465,89.61666666666666
1,484,91.74666666666667
2,499,95.17666666666666
3,504,72.32
4,507,84.64333333333333
5,517,92.71833333333332
6,568,78.96
7,581,63.74999999999999
8,590,88.66166666666668
9,642,94.61166666666666
10,684,78.08166666666666
11,734,91.95666666666666
12,775,86.43833333333333
13,841,81.905
14,877,92.30166666666668
