,Student ID,Final Grade
0,7254,88.49625
1,7295,87.88375
2,7311,80.3125
3,7325,93.86875
4,7329,91.0925
5,7333,89.545
6,7486,83.965
7,7516,82.53125
8,7520,85.95
9,7643,97.05625
