,Student ID,Final Grade
0,7238,86.41
1,7272,86.13625
2,7275,82.07249999999999
3,7318,85.92
4,7341,79.425
5,7355,90.345
6,7363,79.6025
7,7421,88.78875
8,7461,92.3675
9,7523,75.02499999999999
10,7564,86.67500000000001
11,7610,78.52625
12,7640,77.36125
13,7649,82.28125000000001
