,Student ID,Final Grade
0,7251,86.664
1,7351,88.15400000000001
2,7361,94.61
3,7378,81.518
4,7404,88.806
5,7409,83.692
6,7450,89.184
7,7457,83.054
8,7472,89.926
9,7490,59.866
10,7540,76.426
11,7574,94.554
12,7576,97.33399999999999
13,7591,92.04
14,7596,84.234
15,7650,93.006
