,Student ID,Final Grade
0,462,79.89750000000001
1,468,79.01
2,502,92.44125000000001
3,527,86.70250000000001
4,545,79.95
5,571,85.30000000000001
6,588,89.83
7,611,78.98124999999999
8,694,91.77375
9,722,82.315
10,764,87.93125
11,820,84.60749999999999
12,823,92.31375
13,839,78.41999999999999
14,870,93.70125
