,Student ID,Final Grade
0,7243,81.88571428571427
1,7253,89.13428571428572
2,7254,79.63714285714285
3,7295,77.63285714285715
4,7308,88.46000000000001
5,7378,84.92857142857143
6,7407,80.31428571428572
7,7485,84.13428571428571
8,7490,87.74142857142856
9,7505,94.95857142857143
10,7514,78.26
11,7529,87.04857142857144
12,7546,84.7942857142857
13,7548,86.97428571428573
14,7563,85.28999999999999
15,7620,82.76285714285714
