,Student ID,Final Grade
0,500,93.72555555555556
1,603,95.2988888888889
2,611,78.78666666666666
3,639,88.0788888888889
4,741,82.52111111111111
5,787,93.49111111111112
6,791,78.21777777777778
7,824,81.91
8,841,80.38222222222223
9,852,74.59666666666666
