,Student ID,Final Grade
0,7284,89.475
1,7345,86.66499999999999
2,7403,90.46625
3,7435,79.79375
4,7461,85.60999999999999
5,7541,86.6275
6,7554,83.10500000000002
7,7573,87.63374999999999
8,7605,81.16
